ply
format ascii 1.0
element vertex 2892
property float x
property float y
property float z
element face 964
property list uchar int vertex_indices
property uchar red
property uchar green
property uchar blue
property uchar alpha
end_header
0.00000000 0.00000000 0.19500000
0.21000000 0.07000000 0.19500000
0.20894319 0.08072997 0.19500000
0.00000000 0.00000000 0.06500000
0.23894319 0.10572997 0.06500000
0.24000000 0.09500000 0.06500000
0.21000000 0.07000000 0.19500000
0.24000000 0.09500000 0.06500000
0.23894319 0.10572997 0.06500000
0.21000000 0.07000000 0.19500000
0.23894319 0.10572997 0.06500000
0.20894319 0.08072997 0.19500000
0.00000000 0.00000000 0.19500000
0.20894319 0.08072997 0.19500000
0.20581337 0.09104759 0.19500000
0.00000000 0.00000000 0.06500000
0.23581337 0.11604759 0.06500000
0.23894319 0.10572997 0.06500000
0.20894319 0.08072997 0.19500000
0.23894319 0.10572997 0.06500000
0.23581337 0.11604759 0.06500000
0.20894319 0.08072997 0.19500000
0.23581337 0.11604759 0.06500000
0.20581337 0.09104759 0.19500000
0.00000000 0.00000000 0.19500000
0.20581337 0.09104759 0.19500000
0.20073083 0.10055636 0.19500000
0.00000000 0.00000000 0.06500000
0.23073083 0.12555636 0.06500000
0.23581337 0.11604759 0.06500000
0.20581337 0.09104759 0.19500000
0.23581337 0.11604759 0.06500000
0.23073083 0.12555636 0.06500000
0.20581337 0.09104759 0.19500000
0.23073083 0.12555636 0.06500000
0.20073083 0.10055636 0.19500000
0.00000000 0.00000000 0.19500000
0.20073083 0.10055636 0.19500000
0.19389087 0.10889087 0.19500000
0.00000000 0.00000000 0.06500000
0.22389087 0.13389087 0.06500000
0.23073083 0.12555636 0.06500000
0.20073083 0.10055636 0.19500000
0.23073083 0.12555636 0.06500000
0.22389087 0.13389087 0.06500000
0.20073083 0.10055636 0.19500000
0.22389087 0.13389087 0.06500000
0.19389087 0.10889087 0.19500000
0.00000000 0.00000000 0.19500000
0.19389087 0.10889087 0.19500000
0.18555636 0.11573083 0.19500000
0.00000000 0.00000000 0.06500000
0.21555636 0.14073083 0.06500000
0.22389087 0.13389087 0.06500000
0.19389087 0.10889087 0.19500000
0.22389087 0.13389087 0.06500000
0.21555636 0.14073083 0.06500000
0.19389087 0.10889087 0.19500000
0.21555636 0.14073083 0.06500000
0.18555636 0.11573083 0.19500000
0.00000000 0.00000000 0.19500000
0.18555636 0.11573083 0.19500000
0.17604759 0.12081337 0.19500000
0.00000000 0.00000000 0.06500000
0.20604759 0.14581337 0.06500000
0.21555636 0.14073083 0.06500000
0.18555636 0.11573083 0.19500000
0.21555636 0.14073083 0.06500000
0.20604759 0.14581337 0.06500000
0.18555636 0.11573083 0.19500000
0.20604759 0.14581337 0.06500000
0.17604759 0.12081337 0.19500000
0.00000000 0.00000000 0.19500000
0.17604759 0.12081337 0.19500000
0.16572997 0.12394319 0.19500000
0.00000000 0.00000000 0.06500000
0.19572997 0.14894319 0.06500000
0.20604759 0.14581337 0.06500000
0.17604759 0.12081337 0.19500000
0.20604759 0.14581337 0.06500000
0.19572997 0.14894319 0.06500000
0.17604759 0.12081337 0.19500000
0.19572997 0.14894319 0.06500000
0.16572997 0.12394319 0.19500000
0.00000000 0.00000000 0.19500000
0.16572997 0.12394319 0.19500000
0.15500000 0.12500000 0.19500000
0.00000000 0.00000000 0.06500000
0.18500000 0.15000000 0.06500000
0.19572997 0.14894319 0.06500000
0.16572997 0.12394319 0.19500000
0.19572997 0.14894319 0.06500000
0.18500000 0.15000000 0.06500000
0.16572997 0.12394319 0.19500000
0.18500000 0.15000000 0.06500000
0.15500000 0.12500000 0.19500000
0.00000000 0.00000000 0.19500000
0.15500000 0.12500000 0.19500000
-0.15500000 0.12500000 0.19500000
0.00000000 0.00000000 0.06500000
-0.18500000 0.15000000 0.06500000
0.18500000 0.15000000 0.06500000
0.15500000 0.12500000 0.19500000
0.18500000 0.15000000 0.06500000
-0.18500000 0.15000000 0.06500000
0.15500000 0.12500000 0.19500000
-0.18500000 0.15000000 0.06500000
-0.15500000 0.12500000 0.19500000
0.00000000 0.00000000 0.19500000
-0.15500000 0.12500000 0.19500000
-0.16572997 0.12394319 0.19500000
0.00000000 0.00000000 0.06500000
-0.19572997 0.14894319 0.06500000
-0.18500000 0.15000000 0.06500000
-0.15500000 0.12500000 0.19500000
-0.18500000 0.15000000 0.06500000
-0.19572997 0.14894319 0.06500000
-0.15500000 0.12500000 0.19500000
-0.19572997 0.14894319 0.06500000
-0.16572997 0.12394319 0.19500000
0.00000000 0.00000000 0.19500000
-0.16572997 0.12394319 0.19500000
-0.17604759 0.12081337 0.19500000
0.00000000 0.00000000 0.06500000
-0.20604759 0.14581337 0.06500000
-0.19572997 0.14894319 0.06500000
-0.16572997 0.12394319 0.19500000
-0.19572997 0.14894319 0.06500000
-0.20604759 0.14581337 0.06500000
-0.16572997 0.12394319 0.19500000
-0.20604759 0.14581337 0.06500000
-0.17604759 0.12081337 0.19500000
0.00000000 0.00000000 0.19500000
-0.17604759 0.12081337 0.19500000
-0.18555636 0.11573083 0.19500000
0.00000000 0.00000000 0.06500000
-0.21555636 0.14073083 0.06500000
-0.20604759 0.14581337 0.06500000
-0.17604759 0.12081337 0.19500000
-0.20604759 0.14581337 0.06500000
-0.21555636 0.14073083 0.06500000
-0.17604759 0.12081337 0.19500000
-0.21555636 0.14073083 0.06500000
-0.18555636 0.11573083 0.19500000
0.00000000 0.00000000 0.19500000
-0.18555636 0.11573083 0.19500000
-0.19389087 0.10889087 0.19500000
0.00000000 0.00000000 0.06500000
-0.22389087 0.13389087 0.06500000
-0.21555636 0.14073083 0.06500000
-0.18555636 0.11573083 0.19500000
-0.21555636 0.14073083 0.06500000
-0.22389087 0.13389087 0.06500000
-0.18555636 0.11573083 0.19500000
-0.22389087 0.13389087 0.06500000
-0.19389087 0.10889087 0.19500000
0.00000000 0.00000000 0.19500000
-0.19389087 0.10889087 0.19500000
-0.20073083 0.10055636 0.19500000
0.00000000 0.00000000 0.06500000
-0.23073083 0.12555636 0.06500000
-0.22389087 0.13389087 0.06500000
-0.19389087 0.10889087 0.19500000
-0.22389087 0.13389087 0.06500000
-0.23073083 0.12555636 0.06500000
-0.19389087 0.10889087 0.19500000
-0.23073083 0.12555636 0.06500000
-0.20073083 0.10055636 0.19500000
0.00000000 0.00000000 0.19500000
-0.20073083 0.10055636 0.19500000
-0.20581337 0.09104759 0.19500000
0.00000000 0.00000000 0.06500000
-0.23581337 0.11604759 0.06500000
-0.23073083 0.12555636 0.06500000
-0.20073083 0.10055636 0.19500000
-0.23073083 0.12555636 0.06500000
-0.23581337 0.11604759 0.06500000
-0.20073083 0.10055636 0.19500000
-0.23581337 0.11604759 0.06500000
-0.20581337 0.09104759 0.19500000
0.00000000 0.00000000 0.19500000
-0.20581337 0.09104759 0.19500000
-0.20894319 0.08072997 0.19500000
0.00000000 0.00000000 0.06500000
-0.23894319 0.10572997 0.06500000
-0.23581337 0.11604759 0.06500000
-0.20581337 0.09104759 0.19500000
-0.23581337 0.11604759 0.06500000
-0.23894319 0.10572997 0.06500000
-0.20581337 0.09104759 0.19500000
-0.23894319 0.10572997 0.06500000
-0.20894319 0.08072997 0.19500000
0.00000000 0.00000000 0.19500000
-0.20894319 0.08072997 0.19500000
-0.21000000 0.07000000 0.19500000
0.00000000 0.00000000 0.06500000
-0.24000000 0.09500000 0.06500000
-0.23894319 0.10572997 0.06500000
-0.20894319 0.08072997 0.19500000
-0.23894319 0.10572997 0.06500000
-0.24000000 0.09500000 0.06500000
-0.20894319 0.08072997 0.19500000
-0.24000000 0.09500000 0.06500000
-0.21000000 0.07000000 0.19500000
0.00000000 0.00000000 0.19500000
-0.21000000 0.07000000 0.19500000
-0.21000000 -0.07000000 0.19500000
0.00000000 0.00000000 0.06500000
-0.24000000 -0.09500000 0.06500000
-0.24000000 0.09500000 0.06500000
-0.21000000 0.07000000 0.19500000
-0.24000000 0.09500000 0.06500000
-0.24000000 -0.09500000 0.06500000
-0.21000000 0.07000000 0.19500000
-0.24000000 -0.09500000 0.06500000
-0.21000000 -0.07000000 0.19500000
0.00000000 0.00000000 0.19500000
-0.21000000 -0.07000000 0.19500000
-0.20894319 -0.08072997 0.19500000
0.00000000 0.00000000 0.06500000
-0.23894319 -0.10572997 0.06500000
-0.24000000 -0.09500000 0.06500000
-0.21000000 -0.07000000 0.19500000
-0.24000000 -0.09500000 0.06500000
-0.23894319 -0.10572997 0.06500000
-0.21000000 -0.07000000 0.19500000
-0.23894319 -0.10572997 0.06500000
-0.20894319 -0.08072997 0.19500000
0.00000000 0.00000000 0.19500000
-0.20894319 -0.08072997 0.19500000
-0.20581337 -0.09104759 0.19500000
0.00000000 0.00000000 0.06500000
-0.23581337 -0.11604759 0.06500000
-0.23894319 -0.10572997 0.06500000
-0.20894319 -0.08072997 0.19500000
-0.23894319 -0.10572997 0.06500000
-0.23581337 -0.11604759 0.06500000
-0.20894319 -0.08072997 0.19500000
-0.23581337 -0.11604759 0.06500000
-0.20581337 -0.09104759 0.19500000
0.00000000 0.00000000 0.19500000
-0.20581337 -0.09104759 0.19500000
-0.20073083 -0.10055636 0.19500000
0.00000000 0.00000000 0.06500000
-0.23073083 -0.12555636 0.06500000
-0.23581337 -0.11604759 0.06500000
-0.20581337 -0.09104759 0.19500000
-0.23581337 -0.11604759 0.06500000
-0.23073083 -0.12555636 0.06500000
-0.20581337 -0.09104759 0.19500000
-0.23073083 -0.12555636 0.06500000
-0.20073083 -0.10055636 0.19500000
0.00000000 0.00000000 0.19500000
-0.20073083 -0.10055636 0.19500000
-0.19389087 -0.10889087 0.19500000
0.00000000 0.00000000 0.06500000
-0.22389087 -0.13389087 0.06500000
-0.23073083 -0.12555636 0.06500000
-0.20073083 -0.10055636 0.19500000
-0.23073083 -0.12555636 0.06500000
-0.22389087 -0.13389087 0.06500000
-0.20073083 -0.10055636 0.19500000
-0.22389087 -0.13389087 0.06500000
-0.19389087 -0.10889087 0.19500000
0.00000000 0.00000000 0.19500000
-0.19389087 -0.10889087 0.19500000
-0.18555636 -0.11573083 0.19500000
0.00000000 0.00000000 0.06500000
-0.21555636 -0.14073083 0.06500000
-0.22389087 -0.13389087 0.06500000
-0.19389087 -0.10889087 0.19500000
-0.22389087 -0.13389087 0.06500000
-0.21555636 -0.14073083 0.06500000
-0.19389087 -0.10889087 0.19500000
-0.21555636 -0.14073083 0.06500000
-0.18555636 -0.11573083 0.19500000
0.00000000 0.00000000 0.19500000
-0.18555636 -0.11573083 0.19500000
-0.17604759 -0.12081337 0.19500000
0.00000000 0.00000000 0.06500000
-0.20604759 -0.14581337 0.06500000
-0.21555636 -0.14073083 0.06500000
-0.18555636 -0.11573083 0.19500000
-0.21555636 -0.14073083 0.06500000
-0.20604759 -0.14581337 0.06500000
-0.18555636 -0.11573083 0.19500000
-0.20604759 -0.14581337 0.06500000
-0.17604759 -0.12081337 0.19500000
0.00000000 0.00000000 0.19500000
-0.17604759 -0.12081337 0.19500000
-0.16572997 -0.12394319 0.19500000
0.00000000 0.00000000 0.06500000
-0.19572997 -0.14894319 0.06500000
-0.20604759 -0.14581337 0.06500000
-0.17604759 -0.12081337 0.19500000
-0.20604759 -0.14581337 0.06500000
-0.19572997 -0.14894319 0.06500000
-0.17604759 -0.12081337 0.19500000
-0.19572997 -0.14894319 0.06500000
-0.16572997 -0.12394319 0.19500000
0.00000000 0.00000000 0.19500000
-0.16572997 -0.12394319 0.19500000
-0.15500000 -0.12500000 0.19500000
0.00000000 0.00000000 0.06500000
-0.18500000 -0.15000000 0.06500000
-0.19572997 -0.14894319 0.06500000
-0.16572997 -0.12394319 0.19500000
-0.19572997 -0.14894319 0.06500000
-0.18500000 -0.15000000 0.06500000
-0.16572997 -0.12394319 0.19500000
-0.18500000 -0.15000000 0.06500000
-0.15500000 -0.12500000 0.19500000
0.00000000 0.00000000 0.19500000
-0.15500000 -0.12500000 0.19500000
0.15500000 -0.12500000 0.19500000
0.00000000 0.00000000 0.06500000
0.18500000 -0.15000000 0.06500000
-0.18500000 -0.15000000 0.06500000
-0.15500000 -0.12500000 0.19500000
-0.18500000 -0.15000000 0.06500000
0.18500000 -0.15000000 0.06500000
-0.15500000 -0.12500000 0.19500000
0.18500000 -0.15000000 0.06500000
0.15500000 -0.12500000 0.19500000
0.00000000 0.00000000 0.19500000
0.15500000 -0.12500000 0.19500000
0.16572997 -0.12394319 0.19500000
0.00000000 0.00000000 0.06500000
0.19572997 -0.14894319 0.06500000
0.18500000 -0.15000000 0.06500000
0.15500000 -0.12500000 0.19500000
0.18500000 -0.15000000 0.06500000
0.19572997 -0.14894319 0.06500000
0.15500000 -0.12500000 0.19500000
0.19572997 -0.14894319 0.06500000
0.16572997 -0.12394319 0.19500000
0.00000000 0.00000000 0.19500000
0.16572997 -0.12394319 0.19500000
0.17604759 -0.12081337 0.19500000
0.00000000 0.00000000 0.06500000
0.20604759 -0.14581337 0.06500000
0.19572997 -0.14894319 0.06500000
0.16572997 -0.12394319 0.19500000
0.19572997 -0.14894319 0.06500000
0.20604759 -0.14581337 0.06500000
0.16572997 -0.12394319 0.19500000
0.20604759 -0.14581337 0.06500000
0.17604759 -0.12081337 0.19500000
0.00000000 0.00000000 0.19500000
0.17604759 -0.12081337 0.19500000
0.18555636 -0.11573083 0.19500000
0.00000000 0.00000000 0.06500000
0.21555636 -0.14073083 0.06500000
0.20604759 -0.14581337 0.06500000
0.17604759 -0.12081337 0.19500000
0.20604759 -0.14581337 0.06500000
0.21555636 -0.14073083 0.06500000
0.17604759 -0.12081337 0.19500000
0.21555636 -0.14073083 0.06500000
0.18555636 -0.11573083 0.19500000
0.00000000 0.00000000 0.19500000
0.18555636 -0.11573083 0.19500000
0.19389087 -0.10889087 0.19500000
0.00000000 0.00000000 0.06500000
0.22389087 -0.13389087 0.06500000
0.21555636 -0.14073083 0.06500000
0.18555636 -0.11573083 0.19500000
0.21555636 -0.14073083 0.06500000
0.22389087 -0.13389087 0.06500000
0.18555636 -0.11573083 0.19500000
0.22389087 -0.13389087 0.06500000
0.19389087 -0.10889087 0.19500000
0.00000000 0.00000000 0.19500000
0.19389087 -0.10889087 0.19500000
0.20073083 -0.10055636 0.19500000
0.00000000 0.00000000 0.06500000
0.23073083 -0.12555636 0.06500000
0.22389087 -0.13389087 0.06500000
0.19389087 -0.10889087 0.19500000
0.22389087 -0.13389087 0.06500000
0.23073083 -0.12555636 0.06500000
0.19389087 -0.10889087 0.19500000
0.23073083 -0.12555636 0.06500000
0.20073083 -0.10055636 0.19500000
0.00000000 0.00000000 0.19500000
0.20073083 -0.10055636 0.19500000
0.20581337 -0.09104759 0.19500000
0.00000000 0.00000000 0.06500000
0.23581337 -0.11604759 0.06500000
0.23073083 -0.12555636 0.06500000
0.20073083 -0.10055636 0.19500000
0.23073083 -0.12555636 0.06500000
0.23581337 -0.11604759 0.06500000
0.20073083 -0.10055636 0.19500000
0.23581337 -0.11604759 0.06500000
0.20581337 -0.09104759 0.19500000
0.00000000 0.00000000 0.19500000
0.20581337 -0.09104759 0.19500000
0.20894319 -0.08072997 0.19500000
0.00000000 0.00000000 0.06500000
0.23894319 -0.10572997 0.06500000
0.23581337 -0.11604759 0.06500000
0.20581337 -0.09104759 0.19500000
0.23581337 -0.11604759 0.06500000
0.23894319 -0.10572997 0.06500000
0.20581337 -0.09104759 0.19500000
0.23894319 -0.10572997 0.06500000
0.20894319 -0.08072997 0.19500000
0.00000000 0.00000000 0.19500000
0.20894319 -0.08072997 0.19500000
0.21000000 -0.07000000 0.19500000
0.00000000 0.00000000 0.06500000
0.24000000 -0.09500000 0.06500000
0.23894319 -0.10572997 0.06500000
0.20894319 -0.08072997 0.19500000
0.23894319 -0.10572997 0.06500000
0.24000000 -0.09500000 0.06500000
0.20894319 -0.08072997 0.19500000
0.24000000 -0.09500000 0.06500000
0.21000000 -0.07000000 0.19500000
0.00000000 0.00000000 0.19500000
0.21000000 -0.07000000 0.19500000
0.21000000 0.07000000 0.19500000
0.00000000 0.00000000 0.06500000
0.24000000 0.09500000 0.06500000
0.24000000 -0.09500000 0.06500000
0.21000000 -0.07000000 0.19500000
0.24000000 -0.09500000 0.06500000
0.24000000 0.09500000 0.06500000
0.21000000 -0.07000000 0.19500000
0.24000000 0.09500000 0.06500000
0.21000000 0.07000000 0.19500000
0.21997960 -0.07440000 0.16558701
0.21997960 -0.06960000 0.16558701
0.21887191 -0.06960000 0.17038701
0.21997960 -0.07440000 0.16558701
0.21887191 -0.06960000 0.17038701
0.21887191 -0.07440000 0.17038701
0.21656923 -0.07440000 0.16480000
0.21997960 -0.07440000 0.16558701
0.21887191 -0.07440000 0.17038701
0.21656923 -0.07440000 0.16480000
0.21887191 -0.07440000 0.17038701
0.21546154 -0.07440000 0.16960000
0.21656923 -0.06960000 0.16480000
0.21546154 -0.06960000 0.16960000
0.21887191 -0.06960000 0.17038701
0.21656923 -0.06960000 0.16480000
0.21887191 -0.06960000 0.17038701
0.21997960 -0.06960000 0.16558701
0.21546154 -0.07440000 0.16960000
0.21887191 -0.07440000 0.17038701
0.21887191 -0.06960000 0.17038701
0.21546154 -0.07440000 0.16960000
0.21887191 -0.06960000 0.17038701
0.21546154 -0.06960000 0.16960000
0.21656923 -0.07440000 0.16480000
0.21656923 -0.06960000 0.16480000
0.21997960 -0.06960000 0.16558701
0.21656923 -0.07440000 0.16480000
0.21997960 -0.06960000 0.16558701
0.21997960 -0.07440000 0.16558701
0.21997960 -0.06960000 0.16558701
0.21997960 -0.06480000 0.16558701
0.21887191 -0.06480000 0.17038701
0.21997960 -0.06960000 0.16558701
0.21887191 -0.06480000 0.17038701
0.21887191 -0.06960000 0.17038701
0.21656923 -0.06960000 0.16480000
0.21997960 -0.06960000 0.16558701
0.21887191 -0.06960000 0.17038701
0.21656923 -0.06960000 0.16480000
0.21887191 -0.06960000 0.17038701
0.21546154 -0.06960000 0.16960000
0.21656923 -0.06480000 0.16480000
0.21546154 -0.06480000 0.16960000
0.21887191 -0.06480000 0.17038701
0.21656923 -0.06480000 0.16480000
0.21887191 -0.06480000 0.17038701
0.21997960 -0.06480000 0.16558701
0.21546154 -0.06960000 0.16960000
0.21887191 -0.06960000 0.17038701
0.21887191 -0.06480000 0.17038701
0.21546154 -0.06960000 0.16960000
0.21887191 -0.06480000 0.17038701
0.21546154 -0.06480000 0.16960000
0.21656923 -0.06960000 0.16480000
0.21656923 -0.06480000 0.16480000
0.21997960 -0.06480000 0.16558701
0.21656923 -0.06960000 0.16480000
0.21997960 -0.06480000 0.16558701
0.21997960 -0.06960000 0.16558701
0.21997960 -0.06480000 0.16558701
0.21997960 -0.06000000 0.16558701
0.21887191 -0.06000000 0.17038701
0.21997960 -0.06480000 0.16558701
0.21887191 -0.06000000 0.17038701
0.21887191 -0.06480000 0.17038701
0.21656923 -0.06480000 0.16480000
0.21997960 -0.06480000 0.16558701
0.21887191 -0.06480000 0.17038701
0.21656923 -0.06480000 0.16480000
0.21887191 -0.06480000 0.17038701
0.21546154 -0.06480000 0.16960000
0.21656923 -0.06000000 0.16480000
0.21546154 -0.06000000 0.16960000
0.21887191 -0.06000000 0.17038701
0.21656923 -0.06000000 0.16480000
0.21887191 -0.06000000 0.17038701
0.21997960 -0.06000000 0.16558701
0.21546154 -0.06480000 0.16960000
0.21887191 -0.06480000 0.17038701
0.21887191 -0.06000000 0.17038701
0.21546154 -0.06480000 0.16960000
0.21887191 -0.06000000 0.17038701
0.21546154 -0.06000000 0.16960000
0.21656923 -0.06480000 0.16480000
0.21656923 -0.06000000 0.16480000
0.21997960 -0.06000000 0.16558701
0.21656923 -0.06480000 0.16480000
0.21997960 -0.06000000 0.16558701
0.21997960 -0.06480000 0.16558701
0.22108729 -0.07920000 0.16078701
0.22108729 -0.07440000 0.16078701
0.21997960 -0.07440000 0.16558701
0.22108729 -0.07920000 0.16078701
0.21997960 -0.07440000 0.16558701
0.21997960 -0.07920000 0.16558701
0.21767692 -0.07920000 0.16000000
0.22108729 -0.07920000 0.16078701
0.21997960 -0.07920000 0.16558701
0.21767692 -0.07920000 0.16000000
0.21997960 -0.07920000 0.16558701
0.21656923 -0.07920000 0.16480000
0.21767692 -0.07440000 0.16000000
0.21656923 -0.07440000 0.16480000
0.21997960 -0.07440000 0.16558701
0.21767692 -0.07440000 0.16000000
0.21997960 -0.07440000 0.16558701
0.22108729 -0.07440000 0.16078701
0.21656923 -0.07920000 0.16480000
0.21997960 -0.07920000 0.16558701
0.21997960 -0.07440000 0.16558701
0.21656923 -0.07920000 0.16480000
0.21997960 -0.07440000 0.16558701
0.21656923 -0.07440000 0.16480000
0.21767692 -0.07920000 0.16000000
0.21767692 -0.07440000 0.16000000
0.22108729 -0.07440000 0.16078701
0.21767692 -0.07920000 0.16000000
0.22108729 -0.07440000 0.16078701
0.22108729 -0.07920000 0.16078701
0.22108729 -0.06000000 0.16078701
0.22108729 -0.05520000 0.16078701
0.21997960 -0.05520000 0.16558701
0.22108729 -0.06000000 0.16078701
0.21997960 -0.05520000 0.16558701
0.21997960 -0.06000000 0.16558701
0.21767692 -0.06000000 0.16000000
0.22108729 -0.06000000 0.16078701
0.21997960 -0.06000000 0.16558701
0.21767692 -0.06000000 0.16000000
0.21997960 -0.06000000 0.16558701
0.21656923 -0.06000000 0.16480000
0.21767692 -0.05520000 0.16000000
0.21656923 -0.05520000 0.16480000
0.21997960 -0.05520000 0.16558701
0.21767692 -0.05520000 0.16000000
0.21997960 -0.05520000 0.16558701
0.22108729 -0.05520000 0.16078701
0.21656923 -0.06000000 0.16480000
0.21997960 -0.06000000 0.16558701
0.21997960 -0.05520000 0.16558701
0.21656923 -0.06000000 0.16480000
0.21997960 -0.05520000 0.16558701
0.21656923 -0.05520000 0.16480000
0.21767692 -0.06000000 0.16000000
0.21767692 -0.05520000 0.16000000
0.22108729 -0.05520000 0.16078701
0.21767692 -0.06000000 0.16000000
0.22108729 -0.05520000 0.16078701
0.22108729 -0.06000000 0.16078701
0.22219498 -0.07920000 0.15598701
0.22219498 -0.07440000 0.15598701
0.22108729 -0.07440000 0.16078701
0.22219498 -0.07920000 0.15598701
0.22108729 -0.07440000 0.16078701
0.22108729 -0.07920000 0.16078701
0.21878462 -0.07920000 0.15520000
0.22219498 -0.07920000 0.15598701
0.22108729 -0.07920000 0.16078701
0.21878462 -0.07920000 0.15520000
0.22108729 -0.07920000 0.16078701
0.21767692 -0.07920000 0.16000000
0.21878462 -0.07440000 0.15520000
0.21767692 -0.07440000 0.16000000
0.22108729 -0.07440000 0.16078701
0.21878462 -0.07440000 0.15520000
0.22108729 -0.07440000 0.16078701
0.22219498 -0.07440000 0.15598701
0.21767692 -0.07920000 0.16000000
0.22108729 -0.07920000 0.16078701
0.22108729 -0.07440000 0.16078701
0.21767692 -0.07920000 0.16000000
0.22108729 -0.07440000 0.16078701
0.21767692 -0.07440000 0.16000000
0.21878462 -0.07920000 0.15520000
0.21878462 -0.07440000 0.15520000
0.22219498 -0.07440000 0.15598701
0.21878462 -0.07920000 0.15520000
0.22219498 -0.07440000 0.15598701
0.22219498 -0.07920000 0.15598701
0.22219498 -0.06000000 0.15598701
0.22219498 -0.05520000 0.15598701
0.22108729 -0.05520000 0.16078701
0.22219498 -0.06000000 0.15598701
0.22108729 -0.05520000 0.16078701
0.22108729 -0.06000000 0.16078701
0.21878462 -0.06000000 0.15520000
0.22219498 -0.06000000 0.15598701
0.22108729 -0.06000000 0.16078701
0.21878462 -0.06000000 0.15520000
0.22108729 -0.06000000 0.16078701
0.21767692 -0.06000000 0.16000000
0.21878462 -0.05520000 0.15520000
0.21767692 -0.05520000 0.16000000
0.22108729 -0.05520000 0.16078701
0.21878462 -0.05520000 0.15520000
0.22108729 -0.05520000 0.16078701
0.22219498 -0.05520000 0.15598701
0.21767692 -0.06000000 0.16000000
0.22108729 -0.06000000 0.16078701
0.22108729 -0.05520000 0.16078701
0.21767692 -0.06000000 0.16000000
0.22108729 -0.05520000 0.16078701
0.21767692 -0.05520000 0.16000000
0.21878462 -0.06000000 0.15520000
0.21878462 -0.05520000 0.15520000
0.22219498 -0.05520000 0.15598701
0.21878462 -0.06000000 0.15520000
0.22219498 -0.05520000 0.15598701
0.22219498 -0.06000000 0.15598701
0.22330268 -0.07920000 0.15118701
0.22330268 -0.07440000 0.15118701
0.22219498 -0.07440000 0.15598701
0.22330268 -0.07920000 0.15118701
0.22219498 -0.07440000 0.15598701
0.22219498 -0.07920000 0.15598701
0.21989231 -0.07920000 0.15040000
0.22330268 -0.07920000 0.15118701
0.22219498 -0.07920000 0.15598701
0.21989231 -0.07920000 0.15040000
0.22219498 -0.07920000 0.15598701
0.21878462 -0.07920000 0.15520000
0.21989231 -0.07440000 0.15040000
0.21878462 -0.07440000 0.15520000
0.22219498 -0.07440000 0.15598701
0.21989231 -0.07440000 0.15040000
0.22219498 -0.07440000 0.15598701
0.22330268 -0.07440000 0.15118701
0.21878462 -0.07920000 0.15520000
0.22219498 -0.07920000 0.15598701
0.22219498 -0.07440000 0.15598701
0.21878462 -0.07920000 0.15520000
0.22219498 -0.07440000 0.15598701
0.21878462 -0.07440000 0.15520000
0.21989231 -0.07920000 0.15040000
0.21989231 -0.07440000 0.15040000
0.22330268 -0.07440000 0.15118701
0.21989231 -0.07920000 0.15040000
0.22330268 -0.07440000 0.15118701
0.22330268 -0.07920000 0.15118701
0.22330268 -0.07440000 0.15118701
0.22330268 -0.06960000 0.15118701
0.22219498 -0.06960000 0.15598701
0.22330268 -0.07440000 0.15118701
0.22219498 -0.06960000 0.15598701
0.22219498 -0.07440000 0.15598701
0.21989231 -0.07440000 0.15040000
0.22330268 -0.07440000 0.15118701
0.22219498 -0.07440000 0.15598701
0.21989231 -0.07440000 0.15040000
0.22219498 -0.07440000 0.15598701
0.21878462 -0.07440000 0.15520000
0.21989231 -0.06960000 0.15040000
0.21878462 -0.06960000 0.15520000
0.22219498 -0.06960000 0.15598701
0.21989231 -0.06960000 0.15040000
0.22219498 -0.06960000 0.15598701
0.22330268 -0.06960000 0.15118701
0.21878462 -0.07440000 0.15520000
0.22219498 -0.07440000 0.15598701
0.22219498 -0.06960000 0.15598701
0.21878462 -0.07440000 0.15520000
0.22219498 -0.06960000 0.15598701
0.21878462 -0.06960000 0.15520000
0.21989231 -0.07440000 0.15040000
0.21989231 -0.06960000 0.15040000
0.22330268 -0.06960000 0.15118701
0.21989231 -0.07440000 0.15040000
0.22330268 -0.06960000 0.15118701
0.22330268 -0.07440000 0.15118701
0.22330268 -0.06960000 0.15118701
0.22330268 -0.06480000 0.15118701
0.22219498 -0.06480000 0.15598701
0.22330268 -0.06960000 0.15118701
0.22219498 -0.06480000 0.15598701
0.22219498 -0.06960000 0.15598701
0.21989231 -0.06960000 0.15040000
0.22330268 -0.06960000 0.15118701
0.22219498 -0.06960000 0.15598701
0.21989231 -0.06960000 0.15040000
0.22219498 -0.06960000 0.15598701
0.21878462 -0.06960000 0.15520000
0.21989231 -0.06480000 0.15040000
0.21878462 -0.06480000 0.15520000
0.22219498 -0.06480000 0.15598701
0.21989231 -0.06480000 0.15040000
0.22219498 -0.06480000 0.15598701
0.22330268 -0.06480000 0.15118701
0.21878462 -0.06960000 0.15520000
0.22219498 -0.06960000 0.15598701
0.22219498 -0.06480000 0.15598701
0.21878462 -0.06960000 0.15520000
0.22219498 -0.06480000 0.15598701
0.21878462 -0.06480000 0.15520000
0.21989231 -0.06960000 0.15040000
0.21989231 -0.06480000 0.15040000
0.22330268 -0.06480000 0.15118701
0.21989231 -0.06960000 0.15040000
0.22330268 -0.06480000 0.15118701
0.22330268 -0.06960000 0.15118701
0.22330268 -0.06480000 0.15118701
0.22330268 -0.06000000 0.15118701
0.22219498 -0.06000000 0.15598701
0.22330268 -0.06480000 0.15118701
0.22219498 -0.06000000 0.15598701
0.22219498 -0.06480000 0.15598701
0.21989231 -0.06480000 0.15040000
0.22330268 -0.06480000 0.15118701
0.22219498 -0.06480000 0.15598701
0.21989231 -0.06480000 0.15040000
0.22219498 -0.06480000 0.15598701
0.21878462 -0.06480000 0.15520000
0.21989231 -0.06000000 0.15040000
0.21878462 -0.06000000 0.15520000
0.22219498 -0.06000000 0.15598701
0.21989231 -0.06000000 0.15040000
0.22219498 -0.06000000 0.15598701
0.22330268 -0.06000000 0.15118701
0.21878462 -0.06480000 0.15520000
0.22219498 -0.06480000 0.15598701
0.22219498 -0.06000000 0.15598701
0.21878462 -0.06480000 0.15520000
0.22219498 -0.06000000 0.15598701
0.21878462 -0.06000000 0.15520000
0.21989231 -0.06480000 0.15040000
0.21989231 -0.06000000 0.15040000
0.22330268 -0.06000000 0.15118701
0.21989231 -0.06480000 0.15040000
0.22330268 -0.06000000 0.15118701
0.22330268 -0.06480000 0.15118701
0.22330268 -0.06000000 0.15118701
0.22330268 -0.05520000 0.15118701
0.22219498 -0.05520000 0.15598701
0.22330268 -0.06000000 0.15118701
0.22219498 -0.05520000 0.15598701
0.22219498 -0.06000000 0.15598701
0.21989231 -0.06000000 0.15040000
0.22330268 -0.06000000 0.15118701
0.22219498 -0.06000000 0.15598701
0.21989231 -0.06000000 0.15040000
0.22219498 -0.06000000 0.15598701
0.21878462 -0.06000000 0.15520000
0.21989231 -0.05520000 0.15040000
0.21878462 -0.05520000 0.15520000
0.22219498 -0.05520000 0.15598701
0.21989231 -0.05520000 0.15040000
0.22219498 -0.05520000 0.15598701
0.22330268 -0.05520000 0.15118701
0.21878462 -0.06000000 0.15520000
0.22219498 -0.06000000 0.15598701
0.22219498 -0.05520000 0.15598701
0.21878462 -0.06000000 0.15520000
0.22219498 -0.05520000 0.15598701
0.21878462 -0.05520000 0.15520000
0.21989231 -0.06000000 0.15040000
0.21989231 -0.05520000 0.15040000
0.22330268 -0.05520000 0.15118701
0.21989231 -0.06000000 0.15040000
0.22330268 -0.05520000 0.15118701
0.22330268 -0.06000000 0.15118701
0.22441037 -0.07920000 0.14638701
0.22441037 -0.07440000 0.14638701
0.22330268 -0.07440000 0.15118701
0.22441037 -0.07920000 0.14638701
0.22330268 -0.07440000 0.15118701
0.22330268 -0.07920000 0.15118701
0.22100000 -0.07920000 0.14560000
0.22441037 -0.07920000 0.14638701
0.22330268 -0.07920000 0.15118701
0.22100000 -0.07920000 0.14560000
0.22330268 -0.07920000 0.15118701
0.21989231 -0.07920000 0.15040000
0.22100000 -0.07440000 0.14560000
0.21989231 -0.07440000 0.15040000
0.22330268 -0.07440000 0.15118701
0.22100000 -0.07440000 0.14560000
0.22330268 -0.07440000 0.15118701
0.22441037 -0.07440000 0.14638701
0.21989231 -0.07920000 0.15040000
0.22330268 -0.07920000 0.15118701
0.22330268 -0.07440000 0.15118701
0.21989231 -0.07920000 0.15040000
0.22330268 -0.07440000 0.15118701
0.21989231 -0.07440000 0.15040000
0.22100000 -0.07920000 0.14560000
0.22100000 -0.07440000 0.14560000
0.22441037 -0.07440000 0.14638701
0.22100000 -0.07920000 0.14560000
0.22441037 -0.07440000 0.14638701
0.22441037 -0.07920000 0.14638701
0.22441037 -0.06000000 0.14638701
0.22441037 -0.05520000 0.14638701
0.22330268 -0.05520000 0.15118701
0.22441037 -0.06000000 0.14638701
0.22330268 -0.05520000 0.15118701
0.22330268 -0.06000000 0.15118701
0.22100000 -0.06000000 0.14560000
0.22441037 -0.06000000 0.14638701
0.22330268 -0.06000000 0.15118701
0.22100000 -0.06000000 0.14560000
0.22330268 -0.06000000 0.15118701
0.21989231 -0.06000000 0.15040000
0.22100000 -0.05520000 0.14560000
0.21989231 -0.05520000 0.15040000
0.22330268 -0.05520000 0.15118701
0.22100000 -0.05520000 0.14560000
0.22330268 -0.05520000 0.15118701
0.22441037 -0.05520000 0.14638701
0.21989231 -0.06000000 0.15040000
0.22330268 -0.06000000 0.15118701
0.22330268 -0.05520000 0.15118701
0.21989231 -0.06000000 0.15040000
0.22330268 -0.05520000 0.15118701
0.21989231 -0.05520000 0.15040000
0.22100000 -0.06000000 0.14560000
0.22100000 -0.05520000 0.14560000
0.22441037 -0.05520000 0.14638701
0.22100000 -0.06000000 0.14560000
0.22441037 -0.05520000 0.14638701
0.22441037 -0.06000000 0.14638701
0.22551806 -0.07920000 0.14158701
0.22551806 -0.07440000 0.14158701
0.22441037 -0.07440000 0.14638701
0.22551806 -0.07920000 0.14158701
0.22441037 -0.07440000 0.14638701
0.22441037 -0.07920000 0.14638701
0.22210769 -0.07920000 0.14080000
0.22551806 -0.07920000 0.14158701
0.22441037 -0.07920000 0.14638701
0.22210769 -0.07920000 0.14080000
0.22441037 -0.07920000 0.14638701
0.22100000 -0.07920000 0.14560000
0.22210769 -0.07440000 0.14080000
0.22100000 -0.07440000 0.14560000
0.22441037 -0.07440000 0.14638701
0.22210769 -0.07440000 0.14080000
0.22441037 -0.07440000 0.14638701
0.22551806 -0.07440000 0.14158701
0.22100000 -0.07920000 0.14560000
0.22441037 -0.07920000 0.14638701
0.22441037 -0.07440000 0.14638701
0.22100000 -0.07920000 0.14560000
0.22441037 -0.07440000 0.14638701
0.22100000 -0.07440000 0.14560000
0.22210769 -0.07920000 0.14080000
0.22210769 -0.07440000 0.14080000
0.22551806 -0.07440000 0.14158701
0.22210769 -0.07920000 0.14080000
0.22551806 -0.07440000 0.14158701
0.22551806 -0.07920000 0.14158701
0.22551806 -0.06000000 0.14158701
0.22551806 -0.05520000 0.14158701
0.22441037 -0.05520000 0.14638701
0.22551806 -0.06000000 0.14158701
0.22441037 -0.05520000 0.14638701
0.22441037 -0.06000000 0.14638701
0.22210769 -0.06000000 0.14080000
0.22551806 -0.06000000 0.14158701
0.22441037 -0.06000000 0.14638701
0.22210769 -0.06000000 0.14080000
0.22441037 -0.06000000 0.14638701
0.22100000 -0.06000000 0.14560000
0.22210769 -0.05520000 0.14080000
0.22100000 -0.05520000 0.14560000
0.22441037 -0.05520000 0.14638701
0.22210769 -0.05520000 0.14080000
0.22441037 -0.05520000 0.14638701
0.22551806 -0.05520000 0.14158701
0.22100000 -0.06000000 0.14560000
0.22441037 -0.06000000 0.14638701
0.22441037 -0.05520000 0.14638701
0.22100000 -0.06000000 0.14560000
0.22441037 -0.05520000 0.14638701
0.22100000 -0.05520000 0.14560000
0.22210769 -0.06000000 0.14080000
0.22210769 -0.05520000 0.14080000
0.22551806 -0.05520000 0.14158701
0.22210769 -0.06000000 0.14080000
0.22551806 -0.05520000 0.14158701
0.22551806 -0.06000000 0.14158701
0.22662575 -0.07920000 0.13678701
0.22662575 -0.07440000 0.13678701
0.22551806 -0.07440000 0.14158701
0.22662575 -0.07920000 0.13678701
0.22551806 -0.07440000 0.14158701
0.22551806 -0.07920000 0.14158701
0.22321538 -0.07920000 0.13600000
0.22662575 -0.07920000 0.13678701
0.22551806 -0.07920000 0.14158701
0.22321538 -0.07920000 0.13600000
0.22551806 -0.07920000 0.14158701
0.22210769 -0.07920000 0.14080000
0.22321538 -0.07440000 0.13600000
0.22210769 -0.07440000 0.14080000
0.22551806 -0.07440000 0.14158701
0.22321538 -0.07440000 0.13600000
0.22551806 -0.07440000 0.14158701
0.22662575 -0.07440000 0.13678701
0.22210769 -0.07920000 0.14080000
0.22551806 -0.07920000 0.14158701
0.22551806 -0.07440000 0.14158701
0.22210769 -0.07920000 0.14080000
0.22551806 -0.07440000 0.14158701
0.22210769 -0.07440000 0.14080000
0.22321538 -0.07920000 0.13600000
0.22321538 -0.07440000 0.13600000
0.22662575 -0.07440000 0.13678701
0.22321538 -0.07920000 0.13600000
0.22662575 -0.07440000 0.13678701
0.22662575 -0.07920000 0.13678701
0.22662575 -0.06000000 0.13678701
0.22662575 -0.05520000 0.13678701
0.22551806 -0.05520000 0.14158701
0.22662575 -0.06000000 0.13678701
0.22551806 -0.05520000 0.14158701
0.22551806 -0.06000000 0.14158701
0.22321538 -0.06000000 0.13600000
0.22662575 -0.06000000 0.13678701
0.22551806 -0.06000000 0.14158701
0.22321538 -0.06000000 0.13600000
0.22551806 -0.06000000 0.14158701
0.22210769 -0.06000000 0.14080000
0.22321538 -0.05520000 0.13600000
0.22210769 -0.05520000 0.14080000
0.22551806 -0.05520000 0.14158701
0.22321538 -0.05520000 0.13600000
0.22551806 -0.05520000 0.14158701
0.22662575 -0.05520000 0.13678701
0.22210769 -0.06000000 0.14080000
0.22551806 -0.06000000 0.14158701
0.22551806 -0.05520000 0.14158701
0.22210769 -0.06000000 0.14080000
0.22551806 -0.05520000 0.14158701
0.22210769 -0.05520000 0.14080000
0.22321538 -0.06000000 0.13600000
0.22321538 -0.05520000 0.13600000
0.22662575 -0.05520000 0.13678701
0.22321538 -0.06000000 0.13600000
0.22662575 -0.05520000 0.13678701
0.22662575 -0.06000000 0.13678701
0.21997960 -0.05040000 0.16558701
0.21997960 -0.04560000 0.16558701
0.21887191 -0.04560000 0.17038701
0.21997960 -0.05040000 0.16558701
0.21887191 -0.04560000 0.17038701
0.21887191 -0.05040000 0.17038701
0.21656923 -0.05040000 0.16480000
0.21997960 -0.05040000 0.16558701
0.21887191 -0.05040000 0.17038701
0.21656923 -0.05040000 0.16480000
0.21887191 -0.05040000 0.17038701
0.21546154 -0.05040000 0.16960000
0.21656923 -0.04560000 0.16480000
0.21546154 -0.04560000 0.16960000
0.21887191 -0.04560000 0.17038701
0.21656923 -0.04560000 0.16480000
0.21887191 -0.04560000 0.17038701
0.21997960 -0.04560000 0.16558701
0.21546154 -0.05040000 0.16960000
0.21887191 -0.05040000 0.17038701
0.21887191 -0.04560000 0.17038701
0.21546154 -0.05040000 0.16960000
0.21887191 -0.04560000 0.17038701
0.21546154 -0.04560000 0.16960000
0.21656923 -0.05040000 0.16480000
0.21656923 -0.04560000 0.16480000
0.21997960 -0.04560000 0.16558701
0.21656923 -0.05040000 0.16480000
0.21997960 -0.04560000 0.16558701
0.21997960 -0.05040000 0.16558701
0.21997960 -0.03120000 0.16558701
0.21997960 -0.02640000 0.16558701
0.21887191 -0.02640000 0.17038701
0.21997960 -0.03120000 0.16558701
0.21887191 -0.02640000 0.17038701
0.21887191 -0.03120000 0.17038701
0.21656923 -0.03120000 0.16480000
0.21997960 -0.03120000 0.16558701
0.21887191 -0.03120000 0.17038701
0.21656923 -0.03120000 0.16480000
0.21887191 -0.03120000 0.17038701
0.21546154 -0.03120000 0.16960000
0.21656923 -0.02640000 0.16480000
0.21546154 -0.02640000 0.16960000
0.21887191 -0.02640000 0.17038701
0.21656923 -0.02640000 0.16480000
0.21887191 -0.02640000 0.17038701
0.21997960 -0.02640000 0.16558701
0.21546154 -0.03120000 0.16960000
0.21887191 -0.03120000 0.17038701
0.21887191 -0.02640000 0.17038701
0.21546154 -0.03120000 0.16960000
0.21887191 -0.02640000 0.17038701
0.21546154 -0.02640000 0.16960000
0.21656923 -0.03120000 0.16480000
0.21656923 -0.02640000 0.16480000
0.21997960 -0.02640000 0.16558701
0.21656923 -0.03120000 0.16480000
0.21997960 -0.02640000 0.16558701
0.21997960 -0.03120000 0.16558701
0.22108729 -0.05040000 0.16078701
0.22108729 -0.04560000 0.16078701
0.21997960 -0.04560000 0.16558701
0.22108729 -0.05040000 0.16078701
0.21997960 -0.04560000 0.16558701
0.21997960 -0.05040000 0.16558701
0.21767692 -0.05040000 0.16000000
0.22108729 -0.05040000 0.16078701
0.21997960 -0.05040000 0.16558701
0.21767692 -0.05040000 0.16000000
0.21997960 -0.05040000 0.16558701
0.21656923 -0.05040000 0.16480000
0.21767692 -0.04560000 0.16000000
0.21656923 -0.04560000 0.16480000
0.21997960 -0.04560000 0.16558701
0.21767692 -0.04560000 0.16000000
0.21997960 -0.04560000 0.16558701
0.22108729 -0.04560000 0.16078701
0.21656923 -0.05040000 0.16480000
0.21997960 -0.05040000 0.16558701
0.21997960 -0.04560000 0.16558701
0.21656923 -0.05040000 0.16480000
0.21997960 -0.04560000 0.16558701
0.21656923 -0.04560000 0.16480000
0.21767692 -0.05040000 0.16000000
0.21767692 -0.04560000 0.16000000
0.22108729 -0.04560000 0.16078701
0.21767692 -0.05040000 0.16000000
0.22108729 -0.04560000 0.16078701
0.22108729 -0.05040000 0.16078701
0.22108729 -0.04560000 0.16078701
0.22108729 -0.04080000 0.16078701
0.21997960 -0.04080000 0.16558701
0.22108729 -0.04560000 0.16078701
0.21997960 -0.04080000 0.16558701
0.21997960 -0.04560000 0.16558701
0.21767692 -0.04560000 0.16000000
0.22108729 -0.04560000 0.16078701
0.21997960 -0.04560000 0.16558701
0.21767692 -0.04560000 0.16000000
0.21997960 -0.04560000 0.16558701
0.21656923 -0.04560000 0.16480000
0.21767692 -0.04080000 0.16000000
0.21656923 -0.04080000 0.16480000
0.21997960 -0.04080000 0.16558701
0.21767692 -0.04080000 0.16000000
0.21997960 -0.04080000 0.16558701
0.22108729 -0.04080000 0.16078701
0.21656923 -0.04560000 0.16480000
0.21997960 -0.04560000 0.16558701
0.21997960 -0.04080000 0.16558701
0.21656923 -0.04560000 0.16480000
0.21997960 -0.04080000 0.16558701
0.21656923 -0.04080000 0.16480000
0.21767692 -0.04560000 0.16000000
0.21767692 -0.04080000 0.16000000
0.22108729 -0.04080000 0.16078701
0.21767692 -0.04560000 0.16000000
0.22108729 -0.04080000 0.16078701
0.22108729 -0.04560000 0.16078701
0.22108729 -0.03120000 0.16078701
0.22108729 -0.02640000 0.16078701
0.21997960 -0.02640000 0.16558701
0.22108729 -0.03120000 0.16078701
0.21997960 -0.02640000 0.16558701
0.21997960 -0.03120000 0.16558701
0.21767692 -0.03120000 0.16000000
0.22108729 -0.03120000 0.16078701
0.21997960 -0.03120000 0.16558701
0.21767692 -0.03120000 0.16000000
0.21997960 -0.03120000 0.16558701
0.21656923 -0.03120000 0.16480000
0.21767692 -0.02640000 0.16000000
0.21656923 -0.02640000 0.16480000
0.21997960 -0.02640000 0.16558701
0.21767692 -0.02640000 0.16000000
0.21997960 -0.02640000 0.16558701
0.22108729 -0.02640000 0.16078701
0.21656923 -0.03120000 0.16480000
0.21997960 -0.03120000 0.16558701
0.21997960 -0.02640000 0.16558701
0.21656923 -0.03120000 0.16480000
0.21997960 -0.02640000 0.16558701
0.21656923 -0.02640000 0.16480000
0.21767692 -0.03120000 0.16000000
0.21767692 -0.02640000 0.16000000
0.22108729 -0.02640000 0.16078701
0.21767692 -0.03120000 0.16000000
0.22108729 -0.02640000 0.16078701
0.22108729 -0.03120000 0.16078701
0.22219498 -0.05040000 0.15598701
0.22219498 -0.04560000 0.15598701
0.22108729 -0.04560000 0.16078701
0.22219498 -0.05040000 0.15598701
0.22108729 -0.04560000 0.16078701
0.22108729 -0.05040000 0.16078701
0.21878462 -0.05040000 0.15520000
0.22219498 -0.05040000 0.15598701
0.22108729 -0.05040000 0.16078701
0.21878462 -0.05040000 0.15520000
0.22108729 -0.05040000 0.16078701
0.21767692 -0.05040000 0.16000000
0.21878462 -0.04560000 0.15520000
0.21767692 -0.04560000 0.16000000
0.22108729 -0.04560000 0.16078701
0.21878462 -0.04560000 0.15520000
0.22108729 -0.04560000 0.16078701
0.22219498 -0.04560000 0.15598701
0.21767692 -0.05040000 0.16000000
0.22108729 -0.05040000 0.16078701
0.22108729 -0.04560000 0.16078701
0.21767692 -0.05040000 0.16000000
0.22108729 -0.04560000 0.16078701
0.21767692 -0.04560000 0.16000000
0.21878462 -0.05040000 0.15520000
0.21878462 -0.04560000 0.15520000
0.22219498 -0.04560000 0.15598701
0.21878462 -0.05040000 0.15520000
0.22219498 -0.04560000 0.15598701
0.22219498 -0.05040000 0.15598701
0.22219498 -0.04080000 0.15598701
0.22219498 -0.03600000 0.15598701
0.22108729 -0.03600000 0.16078701
0.22219498 -0.04080000 0.15598701
0.22108729 -0.03600000 0.16078701
0.22108729 -0.04080000 0.16078701
0.21878462 -0.04080000 0.15520000
0.22219498 -0.04080000 0.15598701
0.22108729 -0.04080000 0.16078701
0.21878462 -0.04080000 0.15520000
0.22108729 -0.04080000 0.16078701
0.21767692 -0.04080000 0.16000000
0.21878462 -0.03600000 0.15520000
0.21767692 -0.03600000 0.16000000
0.22108729 -0.03600000 0.16078701
0.21878462 -0.03600000 0.15520000
0.22108729 -0.03600000 0.16078701
0.22219498 -0.03600000 0.15598701
0.21767692 -0.04080000 0.16000000
0.22108729 -0.04080000 0.16078701
0.22108729 -0.03600000 0.16078701
0.21767692 -0.04080000 0.16000000
0.22108729 -0.03600000 0.16078701
0.21767692 -0.03600000 0.16000000
0.21878462 -0.04080000 0.15520000
0.21878462 -0.03600000 0.15520000
0.22219498 -0.03600000 0.15598701
0.21878462 -0.04080000 0.15520000
0.22219498 -0.03600000 0.15598701
0.22219498 -0.04080000 0.15598701
0.22219498 -0.03120000 0.15598701
0.22219498 -0.02640000 0.15598701
0.22108729 -0.02640000 0.16078701
0.22219498 -0.03120000 0.15598701
0.22108729 -0.02640000 0.16078701
0.22108729 -0.03120000 0.16078701
0.21878462 -0.03120000 0.15520000
0.22219498 -0.03120000 0.15598701
0.22108729 -0.03120000 0.16078701
0.21878462 -0.03120000 0.15520000
0.22108729 -0.03120000 0.16078701
0.21767692 -0.03120000 0.16000000
0.21878462 -0.02640000 0.15520000
0.21767692 -0.02640000 0.16000000
0.22108729 -0.02640000 0.16078701
0.21878462 -0.02640000 0.15520000
0.22108729 -0.02640000 0.16078701
0.22219498 -0.02640000 0.15598701
0.21767692 -0.03120000 0.16000000
0.22108729 -0.03120000 0.16078701
0.22108729 -0.02640000 0.16078701
0.21767692 -0.03120000 0.16000000
0.22108729 -0.02640000 0.16078701
0.21767692 -0.02640000 0.16000000
0.21878462 -0.03120000 0.15520000
0.21878462 -0.02640000 0.15520000
0.22219498 -0.02640000 0.15598701
0.21878462 -0.03120000 0.15520000
0.22219498 -0.02640000 0.15598701
0.22219498 -0.03120000 0.15598701
0.22330268 -0.05040000 0.15118701
0.22330268 -0.04560000 0.15118701
0.22219498 -0.04560000 0.15598701
0.22330268 -0.05040000 0.15118701
0.22219498 -0.04560000 0.15598701
0.22219498 -0.05040000 0.15598701
0.21989231 -0.05040000 0.15040000
0.22330268 -0.05040000 0.15118701
0.22219498 -0.05040000 0.15598701
0.21989231 -0.05040000 0.15040000
0.22219498 -0.05040000 0.15598701
0.21878462 -0.05040000 0.15520000
0.21989231 -0.04560000 0.15040000
0.21878462 -0.04560000 0.15520000
0.22219498 -0.04560000 0.15598701
0.21989231 -0.04560000 0.15040000
0.22219498 -0.04560000 0.15598701
0.22330268 -0.04560000 0.15118701
0.21878462 -0.05040000 0.15520000
0.22219498 -0.05040000 0.15598701
0.22219498 -0.04560000 0.15598701
0.21878462 -0.05040000 0.15520000
0.22219498 -0.04560000 0.15598701
0.21878462 -0.04560000 0.15520000
0.21989231 -0.05040000 0.15040000
0.21989231 -0.04560000 0.15040000
0.22330268 -0.04560000 0.15118701
0.21989231 -0.05040000 0.15040000
0.22330268 -0.04560000 0.15118701
0.22330268 -0.05040000 0.15118701
0.22330268 -0.03600000 0.15118701
0.22330268 -0.03120000 0.15118701
0.22219498 -0.03120000 0.15598701
0.22330268 -0.03600000 0.15118701
0.22219498 -0.03120000 0.15598701
0.22219498 -0.03600000 0.15598701
0.21989231 -0.03600000 0.15040000
0.22330268 -0.03600000 0.15118701
0.22219498 -0.03600000 0.15598701
0.21989231 -0.03600000 0.15040000
0.22219498 -0.03600000 0.15598701
0.21878462 -0.03600000 0.15520000
0.21989231 -0.03120000 0.15040000
0.21878462 -0.03120000 0.15520000
0.22219498 -0.03120000 0.15598701
0.21989231 -0.03120000 0.15040000
0.22219498 -0.03120000 0.15598701
0.22330268 -0.03120000 0.15118701
0.21878462 -0.03600000 0.15520000
0.22219498 -0.03600000 0.15598701
0.22219498 -0.03120000 0.15598701
0.21878462 -0.03600000 0.15520000
0.22219498 -0.03120000 0.15598701
0.21878462 -0.03120000 0.15520000
0.21989231 -0.03600000 0.15040000
0.21989231 -0.03120000 0.15040000
0.22330268 -0.03120000 0.15118701
0.21989231 -0.03600000 0.15040000
0.22330268 -0.03120000 0.15118701
0.22330268 -0.03600000 0.15118701
0.22330268 -0.03120000 0.15118701
0.22330268 -0.02640000 0.15118701
0.22219498 -0.02640000 0.15598701
0.22330268 -0.03120000 0.15118701
0.22219498 -0.02640000 0.15598701
0.22219498 -0.03120000 0.15598701
0.21989231 -0.03120000 0.15040000
0.22330268 -0.03120000 0.15118701
0.22219498 -0.03120000 0.15598701
0.21989231 -0.03120000 0.15040000
0.22219498 -0.03120000 0.15598701
0.21878462 -0.03120000 0.15520000
0.21989231 -0.02640000 0.15040000
0.21878462 -0.02640000 0.15520000
0.22219498 -0.02640000 0.15598701
0.21989231 -0.02640000 0.15040000
0.22219498 -0.02640000 0.15598701
0.22330268 -0.02640000 0.15118701
0.21878462 -0.03120000 0.15520000
0.22219498 -0.03120000 0.15598701
0.22219498 -0.02640000 0.15598701
0.21878462 -0.03120000 0.15520000
0.22219498 -0.02640000 0.15598701
0.21878462 -0.02640000 0.15520000
0.21989231 -0.03120000 0.15040000
0.21989231 -0.02640000 0.15040000
0.22330268 -0.02640000 0.15118701
0.21989231 -0.03120000 0.15040000
0.22330268 -0.02640000 0.15118701
0.22330268 -0.03120000 0.15118701
0.22441037 -0.05040000 0.14638701
0.22441037 -0.04560000 0.14638701
0.22330268 -0.04560000 0.15118701
0.22441037 -0.05040000 0.14638701
0.22330268 -0.04560000 0.15118701
0.22330268 -0.05040000 0.15118701
0.22100000 -0.05040000 0.14560000
0.22441037 -0.05040000 0.14638701
0.22330268 -0.05040000 0.15118701
0.22100000 -0.05040000 0.14560000
0.22330268 -0.05040000 0.15118701
0.21989231 -0.05040000 0.15040000
0.22100000 -0.04560000 0.14560000
0.21989231 -0.04560000 0.15040000
0.22330268 -0.04560000 0.15118701
0.22100000 -0.04560000 0.14560000
0.22330268 -0.04560000 0.15118701
0.22441037 -0.04560000 0.14638701
0.21989231 -0.05040000 0.15040000
0.22330268 -0.05040000 0.15118701
0.22330268 -0.04560000 0.15118701
0.21989231 -0.05040000 0.15040000
0.22330268 -0.04560000 0.15118701
0.21989231 -0.04560000 0.15040000
0.22100000 -0.05040000 0.14560000
0.22100000 -0.04560000 0.14560000
0.22441037 -0.04560000 0.14638701
0.22100000 -0.05040000 0.14560000
0.22441037 -0.04560000 0.14638701
0.22441037 -0.05040000 0.14638701
0.22441037 -0.03120000 0.14638701
0.22441037 -0.02640000 0.14638701
0.22330268 -0.02640000 0.15118701
0.22441037 -0.03120000 0.14638701
0.22330268 -0.02640000 0.15118701
0.22330268 -0.03120000 0.15118701
0.22100000 -0.03120000 0.14560000
0.22441037 -0.03120000 0.14638701
0.22330268 -0.03120000 0.15118701
0.22100000 -0.03120000 0.14560000
0.22330268 -0.03120000 0.15118701
0.21989231 -0.03120000 0.15040000
0.22100000 -0.02640000 0.14560000
0.21989231 -0.02640000 0.15040000
0.22330268 -0.02640000 0.15118701
0.22100000 -0.02640000 0.14560000
0.22330268 -0.02640000 0.15118701
0.22441037 -0.02640000 0.14638701
0.21989231 -0.03120000 0.15040000
0.22330268 -0.03120000 0.15118701
0.22330268 -0.02640000 0.15118701
0.21989231 -0.03120000 0.15040000
0.22330268 -0.02640000 0.15118701
0.21989231 -0.02640000 0.15040000
0.22100000 -0.03120000 0.14560000
0.22100000 -0.02640000 0.14560000
0.22441037 -0.02640000 0.14638701
0.22100000 -0.03120000 0.14560000
0.22441037 -0.02640000 0.14638701
0.22441037 -0.03120000 0.14638701
0.22551806 -0.05040000 0.14158701
0.22551806 -0.04560000 0.14158701
0.22441037 -0.04560000 0.14638701
0.22551806 -0.05040000 0.14158701
0.22441037 -0.04560000 0.14638701
0.22441037 -0.05040000 0.14638701
0.22210769 -0.05040000 0.14080000
0.22551806 -0.05040000 0.14158701
0.22441037 -0.05040000 0.14638701
0.22210769 -0.05040000 0.14080000
0.22441037 -0.05040000 0.14638701
0.22100000 -0.05040000 0.14560000
0.22210769 -0.04560000 0.14080000
0.22100000 -0.04560000 0.14560000
0.22441037 -0.04560000 0.14638701
0.22210769 -0.04560000 0.14080000
0.22441037 -0.04560000 0.14638701
0.22551806 -0.04560000 0.14158701
0.22100000 -0.05040000 0.14560000
0.22441037 -0.05040000 0.14638701
0.22441037 -0.04560000 0.14638701
0.22100000 -0.05040000 0.14560000
0.22441037 -0.04560000 0.14638701
0.22100000 -0.04560000 0.14560000
0.22210769 -0.05040000 0.14080000
0.22210769 -0.04560000 0.14080000
0.22551806 -0.04560000 0.14158701
0.22210769 -0.05040000 0.14080000
0.22551806 -0.04560000 0.14158701
0.22551806 -0.05040000 0.14158701
0.22551806 -0.03120000 0.14158701
0.22551806 -0.02640000 0.14158701
0.22441037 -0.02640000 0.14638701
0.22551806 -0.03120000 0.14158701
0.22441037 -0.02640000 0.14638701
0.22441037 -0.03120000 0.14638701
0.22210769 -0.03120000 0.14080000
0.22551806 -0.03120000 0.14158701
0.22441037 -0.03120000 0.14638701
0.22210769 -0.03120000 0.14080000
0.22441037 -0.03120000 0.14638701
0.22100000 -0.03120000 0.14560000
0.22210769 -0.02640000 0.14080000
0.22100000 -0.02640000 0.14560000
0.22441037 -0.02640000 0.14638701
0.22210769 -0.02640000 0.14080000
0.22441037 -0.02640000 0.14638701
0.22551806 -0.02640000 0.14158701
0.22100000 -0.03120000 0.14560000
0.22441037 -0.03120000 0.14638701
0.22441037 -0.02640000 0.14638701
0.22100000 -0.03120000 0.14560000
0.22441037 -0.02640000 0.14638701
0.22100000 -0.02640000 0.14560000
0.22210769 -0.03120000 0.14080000
0.22210769 -0.02640000 0.14080000
0.22551806 -0.02640000 0.14158701
0.22210769 -0.03120000 0.14080000
0.22551806 -0.02640000 0.14158701
0.22551806 -0.03120000 0.14158701
0.22662575 -0.05040000 0.13678701
0.22662575 -0.04560000 0.13678701
0.22551806 -0.04560000 0.14158701
0.22662575 -0.05040000 0.13678701
0.22551806 -0.04560000 0.14158701
0.22551806 -0.05040000 0.14158701
0.22321538 -0.05040000 0.13600000
0.22662575 -0.05040000 0.13678701
0.22551806 -0.05040000 0.14158701
0.22321538 -0.05040000 0.13600000
0.22551806 -0.05040000 0.14158701
0.22210769 -0.05040000 0.14080000
0.22321538 -0.04560000 0.13600000
0.22210769 -0.04560000 0.14080000
0.22551806 -0.04560000 0.14158701
0.22321538 -0.04560000 0.13600000
0.22551806 -0.04560000 0.14158701
0.22662575 -0.04560000 0.13678701
0.22210769 -0.05040000 0.14080000
0.22551806 -0.05040000 0.14158701
0.22551806 -0.04560000 0.14158701
0.22210769 -0.05040000 0.14080000
0.22551806 -0.04560000 0.14158701
0.22210769 -0.04560000 0.14080000
0.22321538 -0.05040000 0.13600000
0.22321538 -0.04560000 0.13600000
0.22662575 -0.04560000 0.13678701
0.22321538 -0.05040000 0.13600000
0.22662575 -0.04560000 0.13678701
0.22662575 -0.05040000 0.13678701
0.22662575 -0.03120000 0.13678701
0.22662575 -0.02640000 0.13678701
0.22551806 -0.02640000 0.14158701
0.22662575 -0.03120000 0.13678701
0.22551806 -0.02640000 0.14158701
0.22551806 -0.03120000 0.14158701
0.22321538 -0.03120000 0.13600000
0.22662575 -0.03120000 0.13678701
0.22551806 -0.03120000 0.14158701
0.22321538 -0.03120000 0.13600000
0.22551806 -0.03120000 0.14158701
0.22210769 -0.03120000 0.14080000
0.22321538 -0.02640000 0.13600000
0.22210769 -0.02640000 0.14080000
0.22551806 -0.02640000 0.14158701
0.22321538 -0.02640000 0.13600000
0.22551806 -0.02640000 0.14158701
0.22662575 -0.02640000 0.13678701
0.22210769 -0.03120000 0.14080000
0.22551806 -0.03120000 0.14158701
0.22551806 -0.02640000 0.14158701
0.22210769 -0.03120000 0.14080000
0.22551806 -0.02640000 0.14158701
0.22210769 -0.02640000 0.14080000
0.22321538 -0.03120000 0.13600000
0.22321538 -0.02640000 0.13600000
0.22662575 -0.02640000 0.13678701
0.22321538 -0.03120000 0.13600000
0.22662575 -0.02640000 0.13678701
0.22662575 -0.03120000 0.13678701
0.21997960 -0.02160000 0.16558701
0.21997960 -0.01680000 0.16558701
0.21887191 -0.01680000 0.17038701
0.21997960 -0.02160000 0.16558701
0.21887191 -0.01680000 0.17038701
0.21887191 -0.02160000 0.17038701
0.21656923 -0.02160000 0.16480000
0.21997960 -0.02160000 0.16558701
0.21887191 -0.02160000 0.17038701
0.21656923 -0.02160000 0.16480000
0.21887191 -0.02160000 0.17038701
0.21546154 -0.02160000 0.16960000
0.21656923 -0.01680000 0.16480000
0.21546154 -0.01680000 0.16960000
0.21887191 -0.01680000 0.17038701
0.21656923 -0.01680000 0.16480000
0.21887191 -0.01680000 0.17038701
0.21997960 -0.01680000 0.16558701
0.21546154 -0.02160000 0.16960000
0.21887191 -0.02160000 0.17038701
0.21887191 -0.01680000 0.17038701
0.21546154 -0.02160000 0.16960000
0.21887191 -0.01680000 0.17038701
0.21546154 -0.01680000 0.16960000
0.21656923 -0.02160000 0.16480000
0.21656923 -0.01680000 0.16480000
0.21997960 -0.01680000 0.16558701
0.21656923 -0.02160000 0.16480000
0.21997960 -0.01680000 0.16558701
0.21997960 -0.02160000 0.16558701
0.21997960 -0.01680000 0.16558701
0.21997960 -0.01200000 0.16558701
0.21887191 -0.01200000 0.17038701
0.21997960 -0.01680000 0.16558701
0.21887191 -0.01200000 0.17038701
0.21887191 -0.01680000 0.17038701
0.21656923 -0.01680000 0.16480000
0.21997960 -0.01680000 0.16558701
0.21887191 -0.01680000 0.17038701
0.21656923 -0.01680000 0.16480000
0.21887191 -0.01680000 0.17038701
0.21546154 -0.01680000 0.16960000
0.21656923 -0.01200000 0.16480000
0.21546154 -0.01200000 0.16960000
0.21887191 -0.01200000 0.17038701
0.21656923 -0.01200000 0.16480000
0.21887191 -0.01200000 0.17038701
0.21997960 -0.01200000 0.16558701
0.21546154 -0.01680000 0.16960000
0.21887191 -0.01680000 0.17038701
0.21887191 -0.01200000 0.17038701
0.21546154 -0.01680000 0.16960000
0.21887191 -0.01200000 0.17038701
0.21546154 -0.01200000 0.16960000
0.21656923 -0.01680000 0.16480000
0.21656923 -0.01200000 0.16480000
0.21997960 -0.01200000 0.16558701
0.21656923 -0.01680000 0.16480000
0.21997960 -0.01200000 0.16558701
0.21997960 -0.01680000 0.16558701
0.21997960 -0.01200000 0.16558701
0.21997960 -0.00720000 0.16558701
0.21887191 -0.00720000 0.17038701
0.21997960 -0.01200000 0.16558701
0.21887191 -0.00720000 0.17038701
0.21887191 -0.01200000 0.17038701
0.21656923 -0.01200000 0.16480000
0.21997960 -0.01200000 0.16558701
0.21887191 -0.01200000 0.17038701
0.21656923 -0.01200000 0.16480000
0.21887191 -0.01200000 0.17038701
0.21546154 -0.01200000 0.16960000
0.21656923 -0.00720000 0.16480000
0.21546154 -0.00720000 0.16960000
0.21887191 -0.00720000 0.17038701
0.21656923 -0.00720000 0.16480000
0.21887191 -0.00720000 0.17038701
0.21997960 -0.00720000 0.16558701
0.21546154 -0.01200000 0.16960000
0.21887191 -0.01200000 0.17038701
0.21887191 -0.00720000 0.17038701
0.21546154 -0.01200000 0.16960000
0.21887191 -0.00720000 0.17038701
0.21546154 -0.00720000 0.16960000
0.21656923 -0.01200000 0.16480000
0.21656923 -0.00720000 0.16480000
0.21997960 -0.00720000 0.16558701
0.21656923 -0.01200000 0.16480000
0.21997960 -0.00720000 0.16558701
0.21997960 -0.01200000 0.16558701
0.21997960 -0.00720000 0.16558701
0.21997960 -0.00240000 0.16558701
0.21887191 -0.00240000 0.17038701
0.21997960 -0.00720000 0.16558701
0.21887191 -0.00240000 0.17038701
0.21887191 -0.00720000 0.17038701
0.21656923 -0.00720000 0.16480000
0.21997960 -0.00720000 0.16558701
0.21887191 -0.00720000 0.17038701
0.21656923 -0.00720000 0.16480000
0.21887191 -0.00720000 0.17038701
0.21546154 -0.00720000 0.16960000
0.21656923 -0.00240000 0.16480000
0.21546154 -0.00240000 0.16960000
0.21887191 -0.00240000 0.17038701
0.21656923 -0.00240000 0.16480000
0.21887191 -0.00240000 0.17038701
0.21997960 -0.00240000 0.16558701
0.21546154 -0.00720000 0.16960000
0.21887191 -0.00720000 0.17038701
0.21887191 -0.00240000 0.17038701
0.21546154 -0.00720000 0.16960000
0.21887191 -0.00240000 0.17038701
0.21546154 -0.00240000 0.16960000
0.21656923 -0.00720000 0.16480000
0.21656923 -0.00240000 0.16480000
0.21997960 -0.00240000 0.16558701
0.21656923 -0.00720000 0.16480000
0.21997960 -0.00240000 0.16558701
0.21997960 -0.00720000 0.16558701
0.21997960 -0.00240000 0.16558701
0.21997960 0.00240000 0.16558701
0.21887191 0.00240000 0.17038701
0.21997960 -0.00240000 0.16558701
0.21887191 0.00240000 0.17038701
0.21887191 -0.00240000 0.17038701
0.21656923 -0.00240000 0.16480000
0.21997960 -0.00240000 0.16558701
0.21887191 -0.00240000 0.17038701
0.21656923 -0.00240000 0.16480000
0.21887191 -0.00240000 0.17038701
0.21546154 -0.00240000 0.16960000
0.21656923 0.00240000 0.16480000
0.21546154 0.00240000 0.16960000
0.21887191 0.00240000 0.17038701
0.21656923 0.00240000 0.16480000
0.21887191 0.00240000 0.17038701
0.21997960 0.00240000 0.16558701
0.21546154 -0.00240000 0.16960000
0.21887191 -0.00240000 0.17038701
0.21887191 0.00240000 0.17038701
0.21546154 -0.00240000 0.16960000
0.21887191 0.00240000 0.17038701
0.21546154 0.00240000 0.16960000
0.21656923 -0.00240000 0.16480000
0.21656923 0.00240000 0.16480000
0.21997960 0.00240000 0.16558701
0.21656923 -0.00240000 0.16480000
0.21997960 0.00240000 0.16558701
0.21997960 -0.00240000 0.16558701
0.22108729 -0.01200000 0.16078701
0.22108729 -0.00720000 0.16078701
0.21997960 -0.00720000 0.16558701
0.22108729 -0.01200000 0.16078701
0.21997960 -0.00720000 0.16558701
0.21997960 -0.01200000 0.16558701
0.21767692 -0.01200000 0.16000000
0.22108729 -0.01200000 0.16078701
0.21997960 -0.01200000 0.16558701
0.21767692 -0.01200000 0.16000000
0.21997960 -0.01200000 0.16558701
0.21656923 -0.01200000 0.16480000
0.21767692 -0.00720000 0.16000000
0.21656923 -0.00720000 0.16480000
0.21997960 -0.00720000 0.16558701
0.21767692 -0.00720000 0.16000000
0.21997960 -0.00720000 0.16558701
0.22108729 -0.00720000 0.16078701
0.21656923 -0.01200000 0.16480000
0.21997960 -0.01200000 0.16558701
0.21997960 -0.00720000 0.16558701
0.21656923 -0.01200000 0.16480000
0.21997960 -0.00720000 0.16558701
0.21656923 -0.00720000 0.16480000
0.21767692 -0.01200000 0.16000000
0.21767692 -0.00720000 0.16000000
0.22108729 -0.00720000 0.16078701
0.21767692 -0.01200000 0.16000000
0.22108729 -0.00720000 0.16078701
0.22108729 -0.01200000 0.16078701
0.22219498 -0.01200000 0.15598701
0.22219498 -0.00720000 0.15598701
0.22108729 -0.00720000 0.16078701
0.22219498 -0.01200000 0.15598701
0.22108729 -0.00720000 0.16078701
0.22108729 -0.01200000 0.16078701
0.21878462 -0.01200000 0.15520000
0.22219498 -0.01200000 0.15598701
0.22108729 -0.01200000 0.16078701
0.21878462 -0.01200000 0.15520000
0.22108729 -0.01200000 0.16078701
0.21767692 -0.01200000 0.16000000
0.21878462 -0.00720000 0.15520000
0.21767692 -0.00720000 0.16000000
0.22108729 -0.00720000 0.16078701
0.21878462 -0.00720000 0.15520000
0.22108729 -0.00720000 0.16078701
0.22219498 -0.00720000 0.15598701
0.21767692 -0.01200000 0.16000000
0.22108729 -0.01200000 0.16078701
0.22108729 -0.00720000 0.16078701
0.21767692 -0.01200000 0.16000000
0.22108729 -0.00720000 0.16078701
0.21767692 -0.00720000 0.16000000
0.21878462 -0.01200000 0.15520000
0.21878462 -0.00720000 0.15520000
0.22219498 -0.00720000 0.15598701
0.21878462 -0.01200000 0.15520000
0.22219498 -0.00720000 0.15598701
0.22219498 -0.01200000 0.15598701
0.22330268 -0.01200000 0.15118701
0.22330268 -0.00720000 0.15118701
0.22219498 -0.00720000 0.15598701
0.22330268 -0.01200000 0.15118701
0.22219498 -0.00720000 0.15598701
0.22219498 -0.01200000 0.15598701
0.21989231 -0.01200000 0.15040000
0.22330268 -0.01200000 0.15118701
0.22219498 -0.01200000 0.15598701
0.21989231 -0.01200000 0.15040000
0.22219498 -0.01200000 0.15598701
0.21878462 -0.01200000 0.15520000
0.21989231 -0.00720000 0.15040000
0.21878462 -0.00720000 0.15520000
0.22219498 -0.00720000 0.15598701
0.21989231 -0.00720000 0.15040000
0.22219498 -0.00720000 0.15598701
0.22330268 -0.00720000 0.15118701
0.21878462 -0.01200000 0.15520000
0.22219498 -0.01200000 0.15598701
0.22219498 -0.00720000 0.15598701
0.21878462 -0.01200000 0.15520000
0.22219498 -0.00720000 0.15598701
0.21878462 -0.00720000 0.15520000
0.21989231 -0.01200000 0.15040000
0.21989231 -0.00720000 0.15040000
0.22330268 -0.00720000 0.15118701
0.21989231 -0.01200000 0.15040000
0.22330268 -0.00720000 0.15118701
0.22330268 -0.01200000 0.15118701
0.22441037 -0.01200000 0.14638701
0.22441037 -0.00720000 0.14638701
0.22330268 -0.00720000 0.15118701
0.22441037 -0.01200000 0.14638701
0.22330268 -0.00720000 0.15118701
0.22330268 -0.01200000 0.15118701
0.22100000 -0.01200000 0.14560000
0.22441037 -0.01200000 0.14638701
0.22330268 -0.01200000 0.15118701
0.22100000 -0.01200000 0.14560000
0.22330268 -0.01200000 0.15118701
0.21989231 -0.01200000 0.15040000
0.22100000 -0.00720000 0.14560000
0.21989231 -0.00720000 0.15040000
0.22330268 -0.00720000 0.15118701
0.22100000 -0.00720000 0.14560000
0.22330268 -0.00720000 0.15118701
0.22441037 -0.00720000 0.14638701
0.21989231 -0.01200000 0.15040000
0.22330268 -0.01200000 0.15118701
0.22330268 -0.00720000 0.15118701
0.21989231 -0.01200000 0.15040000
0.22330268 -0.00720000 0.15118701
0.21989231 -0.00720000 0.15040000
0.22100000 -0.01200000 0.14560000
0.22100000 -0.00720000 0.14560000
0.22441037 -0.00720000 0.14638701
0.22100000 -0.01200000 0.14560000
0.22441037 -0.00720000 0.14638701
0.22441037 -0.01200000 0.14638701
0.22551806 -0.01200000 0.14158701
0.22551806 -0.00720000 0.14158701
0.22441037 -0.00720000 0.14638701
0.22551806 -0.01200000 0.14158701
0.22441037 -0.00720000 0.14638701
0.22441037 -0.01200000 0.14638701
0.22210769 -0.01200000 0.14080000
0.22551806 -0.01200000 0.14158701
0.22441037 -0.01200000 0.14638701
0.22210769 -0.01200000 0.14080000
0.22441037 -0.01200000 0.14638701
0.22100000 -0.01200000 0.14560000
0.22210769 -0.00720000 0.14080000
0.22100000 -0.00720000 0.14560000
0.22441037 -0.00720000 0.14638701
0.22210769 -0.00720000 0.14080000
0.22441037 -0.00720000 0.14638701
0.22551806 -0.00720000 0.14158701
0.22100000 -0.01200000 0.14560000
0.22441037 -0.01200000 0.14638701
0.22441037 -0.00720000 0.14638701
0.22100000 -0.01200000 0.14560000
0.22441037 -0.00720000 0.14638701
0.22100000 -0.00720000 0.14560000
0.22210769 -0.01200000 0.14080000
0.22210769 -0.00720000 0.14080000
0.22551806 -0.00720000 0.14158701
0.22210769 -0.01200000 0.14080000
0.22551806 -0.00720000 0.14158701
0.22551806 -0.01200000 0.14158701
0.22662575 -0.01200000 0.13678701
0.22662575 -0.00720000 0.13678701
0.22551806 -0.00720000 0.14158701
0.22662575 -0.01200000 0.13678701
0.22551806 -0.00720000 0.14158701
0.22551806 -0.01200000 0.14158701
0.22321538 -0.01200000 0.13600000
0.22662575 -0.01200000 0.13678701
0.22551806 -0.01200000 0.14158701
0.22321538 -0.01200000 0.13600000
0.22551806 -0.01200000 0.14158701
0.22210769 -0.01200000 0.14080000
0.22321538 -0.00720000 0.13600000
0.22210769 -0.00720000 0.14080000
0.22551806 -0.00720000 0.14158701
0.22321538 -0.00720000 0.13600000
0.22551806 -0.00720000 0.14158701
0.22662575 -0.00720000 0.13678701
0.22210769 -0.01200000 0.14080000
0.22551806 -0.01200000 0.14158701
0.22551806 -0.00720000 0.14158701
0.22210769 -0.01200000 0.14080000
0.22551806 -0.00720000 0.14158701
0.22210769 -0.00720000 0.14080000
0.22321538 -0.01200000 0.13600000
0.22321538 -0.00720000 0.13600000
0.22662575 -0.00720000 0.13678701
0.22321538 -0.01200000 0.13600000
0.22662575 -0.00720000 0.13678701
0.22662575 -0.01200000 0.13678701
0.21997960 0.00720000 0.16558701
0.21997960 0.01200000 0.16558701
0.21887191 0.01200000 0.17038701
0.21997960 0.00720000 0.16558701
0.21887191 0.01200000 0.17038701
0.21887191 0.00720000 0.17038701
0.21656923 0.00720000 0.16480000
0.21997960 0.00720000 0.16558701
0.21887191 0.00720000 0.17038701
0.21656923 0.00720000 0.16480000
0.21887191 0.00720000 0.17038701
0.21546154 0.00720000 0.16960000
0.21656923 0.01200000 0.16480000
0.21546154 0.01200000 0.16960000
0.21887191 0.01200000 0.17038701
0.21656923 0.01200000 0.16480000
0.21887191 0.01200000 0.17038701
0.21997960 0.01200000 0.16558701
0.21546154 0.00720000 0.16960000
0.21887191 0.00720000 0.17038701
0.21887191 0.01200000 0.17038701
0.21546154 0.00720000 0.16960000
0.21887191 0.01200000 0.17038701
0.21546154 0.01200000 0.16960000
0.21656923 0.00720000 0.16480000
0.21656923 0.01200000 0.16480000
0.21997960 0.01200000 0.16558701
0.21656923 0.00720000 0.16480000
0.21997960 0.01200000 0.16558701
0.21997960 0.00720000 0.16558701
0.21997960 0.01200000 0.16558701
0.21997960 0.01680000 0.16558701
0.21887191 0.01680000 0.17038701
0.21997960 0.01200000 0.16558701
0.21887191 0.01680000 0.17038701
0.21887191 0.01200000 0.17038701
0.21656923 0.01200000 0.16480000
0.21997960 0.01200000 0.16558701
0.21887191 0.01200000 0.17038701
0.21656923 0.01200000 0.16480000
0.21887191 0.01200000 0.17038701
0.21546154 0.01200000 0.16960000
0.21656923 0.01680000 0.16480000
0.21546154 0.01680000 0.16960000
0.21887191 0.01680000 0.17038701
0.21656923 0.01680000 0.16480000
0.21887191 0.01680000 0.17038701
0.21997960 0.01680000 0.16558701
0.21546154 0.01200000 0.16960000
0.21887191 0.01200000 0.17038701
0.21887191 0.01680000 0.17038701
0.21546154 0.01200000 0.16960000
0.21887191 0.01680000 0.17038701
0.21546154 0.01680000 0.16960000
0.21656923 0.01200000 0.16480000
0.21656923 0.01680000 0.16480000
0.21997960 0.01680000 0.16558701
0.21656923 0.01200000 0.16480000
0.21997960 0.01680000 0.16558701
0.21997960 0.01200000 0.16558701
0.21997960 0.01680000 0.16558701
0.21997960 0.02160000 0.16558701
0.21887191 0.02160000 0.17038701
0.21997960 0.01680000 0.16558701
0.21887191 0.02160000 0.17038701
0.21887191 0.01680000 0.17038701
0.21656923 0.01680000 0.16480000
0.21997960 0.01680000 0.16558701
0.21887191 0.01680000 0.17038701
0.21656923 0.01680000 0.16480000
0.21887191 0.01680000 0.17038701
0.21546154 0.01680000 0.16960000
0.21656923 0.02160000 0.16480000
0.21546154 0.02160000 0.16960000
0.21887191 0.02160000 0.17038701
0.21656923 0.02160000 0.16480000
0.21887191 0.02160000 0.17038701
0.21997960 0.02160000 0.16558701
0.21546154 0.01680000 0.16960000
0.21887191 0.01680000 0.17038701
0.21887191 0.02160000 0.17038701
0.21546154 0.01680000 0.16960000
0.21887191 0.02160000 0.17038701
0.21546154 0.02160000 0.16960000
0.21656923 0.01680000 0.16480000
0.21656923 0.02160000 0.16480000
0.21997960 0.02160000 0.16558701
0.21656923 0.01680000 0.16480000
0.21997960 0.02160000 0.16558701
0.21997960 0.01680000 0.16558701
0.21997960 0.02160000 0.16558701
0.21997960 0.02640000 0.16558701
0.21887191 0.02640000 0.17038701
0.21997960 0.02160000 0.16558701
0.21887191 0.02640000 0.17038701
0.21887191 0.02160000 0.17038701
0.21656923 0.02160000 0.16480000
0.21997960 0.02160000 0.16558701
0.21887191 0.02160000 0.17038701
0.21656923 0.02160000 0.16480000
0.21887191 0.02160000 0.17038701
0.21546154 0.02160000 0.16960000
0.21656923 0.02640000 0.16480000
0.21546154 0.02640000 0.16960000
0.21887191 0.02640000 0.17038701
0.21656923 0.02640000 0.16480000
0.21887191 0.02640000 0.17038701
0.21997960 0.02640000 0.16558701
0.21546154 0.02160000 0.16960000
0.21887191 0.02160000 0.17038701
0.21887191 0.02640000 0.17038701
0.21546154 0.02160000 0.16960000
0.21887191 0.02640000 0.17038701
0.21546154 0.02640000 0.16960000
0.21656923 0.02160000 0.16480000
0.21656923 0.02640000 0.16480000
0.21997960 0.02640000 0.16558701
0.21656923 0.02160000 0.16480000
0.21997960 0.02640000 0.16558701
0.21997960 0.02160000 0.16558701
0.21997960 0.02640000 0.16558701
0.21997960 0.03120000 0.16558701
0.21887191 0.03120000 0.17038701
0.21997960 0.02640000 0.16558701
0.21887191 0.03120000 0.17038701
0.21887191 0.02640000 0.17038701
0.21656923 0.02640000 0.16480000
0.21997960 0.02640000 0.16558701
0.21887191 0.02640000 0.17038701
0.21656923 0.02640000 0.16480000
0.21887191 0.02640000 0.17038701
0.21546154 0.02640000 0.16960000
0.21656923 0.03120000 0.16480000
0.21546154 0.03120000 0.16960000
0.21887191 0.03120000 0.17038701
0.21656923 0.03120000 0.16480000
0.21887191 0.03120000 0.17038701
0.21997960 0.03120000 0.16558701
0.21546154 0.02640000 0.16960000
0.21887191 0.02640000 0.17038701
0.21887191 0.03120000 0.17038701
0.21546154 0.02640000 0.16960000
0.21887191 0.03120000 0.17038701
0.21546154 0.03120000 0.16960000
0.21656923 0.02640000 0.16480000
0.21656923 0.03120000 0.16480000
0.21997960 0.03120000 0.16558701
0.21656923 0.02640000 0.16480000
0.21997960 0.03120000 0.16558701
0.21997960 0.02640000 0.16558701
0.22108729 0.01680000 0.16078701
0.22108729 0.02160000 0.16078701
0.21997960 0.02160000 0.16558701
0.22108729 0.01680000 0.16078701
0.21997960 0.02160000 0.16558701
0.21997960 0.01680000 0.16558701
0.21767692 0.01680000 0.16000000
0.22108729 0.01680000 0.16078701
0.21997960 0.01680000 0.16558701
0.21767692 0.01680000 0.16000000
0.21997960 0.01680000 0.16558701
0.21656923 0.01680000 0.16480000
0.21767692 0.02160000 0.16000000
0.21656923 0.02160000 0.16480000
0.21997960 0.02160000 0.16558701
0.21767692 0.02160000 0.16000000
0.21997960 0.02160000 0.16558701
0.22108729 0.02160000 0.16078701
0.21656923 0.01680000 0.16480000
0.21997960 0.01680000 0.16558701
0.21997960 0.02160000 0.16558701
0.21656923 0.01680000 0.16480000
0.21997960 0.02160000 0.16558701
0.21656923 0.02160000 0.16480000
0.21767692 0.01680000 0.16000000
0.21767692 0.02160000 0.16000000
0.22108729 0.02160000 0.16078701
0.21767692 0.01680000 0.16000000
0.22108729 0.02160000 0.16078701
0.22108729 0.01680000 0.16078701
0.22219498 0.01680000 0.15598701
0.22219498 0.02160000 0.15598701
0.22108729 0.02160000 0.16078701
0.22219498 0.01680000 0.15598701
0.22108729 0.02160000 0.16078701
0.22108729 0.01680000 0.16078701
0.21878462 0.01680000 0.15520000
0.22219498 0.01680000 0.15598701
0.22108729 0.01680000 0.16078701
0.21878462 0.01680000 0.15520000
0.22108729 0.01680000 0.16078701
0.21767692 0.01680000 0.16000000
0.21878462 0.02160000 0.15520000
0.21767692 0.02160000 0.16000000
0.22108729 0.02160000 0.16078701
0.21878462 0.02160000 0.15520000
0.22108729 0.02160000 0.16078701
0.22219498 0.02160000 0.15598701
0.21767692 0.01680000 0.16000000
0.22108729 0.01680000 0.16078701
0.22108729 0.02160000 0.16078701
0.21767692 0.01680000 0.16000000
0.22108729 0.02160000 0.16078701
0.21767692 0.02160000 0.16000000
0.21878462 0.01680000 0.15520000
0.21878462 0.02160000 0.15520000
0.22219498 0.02160000 0.15598701
0.21878462 0.01680000 0.15520000
0.22219498 0.02160000 0.15598701
0.22219498 0.01680000 0.15598701
0.22330268 0.01680000 0.15118701
0.22330268 0.02160000 0.15118701
0.22219498 0.02160000 0.15598701
0.22330268 0.01680000 0.15118701
0.22219498 0.02160000 0.15598701
0.22219498 0.01680000 0.15598701
0.21989231 0.01680000 0.15040000
0.22330268 0.01680000 0.15118701
0.22219498 0.01680000 0.15598701
0.21989231 0.01680000 0.15040000
0.22219498 0.01680000 0.15598701
0.21878462 0.01680000 0.15520000
0.21989231 0.02160000 0.15040000
0.21878462 0.02160000 0.15520000
0.22219498 0.02160000 0.15598701
0.21989231 0.02160000 0.15040000
0.22219498 0.02160000 0.15598701
0.22330268 0.02160000 0.15118701
0.21878462 0.01680000 0.15520000
0.22219498 0.01680000 0.15598701
0.22219498 0.02160000 0.15598701
0.21878462 0.01680000 0.15520000
0.22219498 0.02160000 0.15598701
0.21878462 0.02160000 0.15520000
0.21989231 0.01680000 0.15040000
0.21989231 0.02160000 0.15040000
0.22330268 0.02160000 0.15118701
0.21989231 0.01680000 0.15040000
0.22330268 0.02160000 0.15118701
0.22330268 0.01680000 0.15118701
0.22441037 0.01680000 0.14638701
0.22441037 0.02160000 0.14638701
0.22330268 0.02160000 0.15118701
0.22441037 0.01680000 0.14638701
0.22330268 0.02160000 0.15118701
0.22330268 0.01680000 0.15118701
0.22100000 0.01680000 0.14560000
0.22441037 0.01680000 0.14638701
0.22330268 0.01680000 0.15118701
0.22100000 0.01680000 0.14560000
0.22330268 0.01680000 0.15118701
0.21989231 0.01680000 0.15040000
0.22100000 0.02160000 0.14560000
0.21989231 0.02160000 0.15040000
0.22330268 0.02160000 0.15118701
0.22100000 0.02160000 0.14560000
0.22330268 0.02160000 0.15118701
0.22441037 0.02160000 0.14638701
0.21989231 0.01680000 0.15040000
0.22330268 0.01680000 0.15118701
0.22330268 0.02160000 0.15118701
0.21989231 0.01680000 0.15040000
0.22330268 0.02160000 0.15118701
0.21989231 0.02160000 0.15040000
0.22100000 0.01680000 0.14560000
0.22100000 0.02160000 0.14560000
0.22441037 0.02160000 0.14638701
0.22100000 0.01680000 0.14560000
0.22441037 0.02160000 0.14638701
0.22441037 0.01680000 0.14638701
0.22551806 0.01680000 0.14158701
0.22551806 0.02160000 0.14158701
0.22441037 0.02160000 0.14638701
0.22551806 0.01680000 0.14158701
0.22441037 0.02160000 0.14638701
0.22441037 0.01680000 0.14638701
0.22210769 0.01680000 0.14080000
0.22551806 0.01680000 0.14158701
0.22441037 0.01680000 0.14638701
0.22210769 0.01680000 0.14080000
0.22441037 0.01680000 0.14638701
0.22100000 0.01680000 0.14560000
0.22210769 0.02160000 0.14080000
0.22100000 0.02160000 0.14560000
0.22441037 0.02160000 0.14638701
0.22210769 0.02160000 0.14080000
0.22441037 0.02160000 0.14638701
0.22551806 0.02160000 0.14158701
0.22100000 0.01680000 0.14560000
0.22441037 0.01680000 0.14638701
0.22441037 0.02160000 0.14638701
0.22100000 0.01680000 0.14560000
0.22441037 0.02160000 0.14638701
0.22100000 0.02160000 0.14560000
0.22210769 0.01680000 0.14080000
0.22210769 0.02160000 0.14080000
0.22551806 0.02160000 0.14158701
0.22210769 0.01680000 0.14080000
0.22551806 0.02160000 0.14158701
0.22551806 0.01680000 0.14158701
0.22662575 0.01680000 0.13678701
0.22662575 0.02160000 0.13678701
0.22551806 0.02160000 0.14158701
0.22662575 0.01680000 0.13678701
0.22551806 0.02160000 0.14158701
0.22551806 0.01680000 0.14158701
0.22321538 0.01680000 0.13600000
0.22662575 0.01680000 0.13678701
0.22551806 0.01680000 0.14158701
0.22321538 0.01680000 0.13600000
0.22551806 0.01680000 0.14158701
0.22210769 0.01680000 0.14080000
0.22321538 0.02160000 0.13600000
0.22210769 0.02160000 0.14080000
0.22551806 0.02160000 0.14158701
0.22321538 0.02160000 0.13600000
0.22551806 0.02160000 0.14158701
0.22662575 0.02160000 0.13678701
0.22210769 0.01680000 0.14080000
0.22551806 0.01680000 0.14158701
0.22551806 0.02160000 0.14158701
0.22210769 0.01680000 0.14080000
0.22551806 0.02160000 0.14158701
0.22210769 0.02160000 0.14080000
0.22321538 0.01680000 0.13600000
0.22321538 0.02160000 0.13600000
0.22662575 0.02160000 0.13678701
0.22321538 0.01680000 0.13600000
0.22662575 0.02160000 0.13678701
0.22662575 0.01680000 0.13678701
0.22662575 0.03600000 0.13678701
0.22662575 0.04080000 0.13678701
0.22551806 0.04080000 0.14158701
0.22662575 0.03600000 0.13678701
0.22551806 0.04080000 0.14158701
0.22551806 0.03600000 0.14158701
0.22321538 0.03600000 0.13600000
0.22662575 0.03600000 0.13678701
0.22551806 0.03600000 0.14158701
0.22321538 0.03600000 0.13600000
0.22551806 0.03600000 0.14158701
0.22210769 0.03600000 0.14080000
0.22321538 0.04080000 0.13600000
0.22210769 0.04080000 0.14080000
0.22551806 0.04080000 0.14158701
0.22321538 0.04080000 0.13600000
0.22551806 0.04080000 0.14158701
0.22662575 0.04080000 0.13678701
0.22210769 0.03600000 0.14080000
0.22551806 0.03600000 0.14158701
0.22551806 0.04080000 0.14158701
0.22210769 0.03600000 0.14080000
0.22551806 0.04080000 0.14158701
0.22210769 0.04080000 0.14080000
0.22321538 0.03600000 0.13600000
0.22321538 0.04080000 0.13600000
0.22662575 0.04080000 0.13678701
0.22321538 0.03600000 0.13600000
0.22662575 0.04080000 0.13678701
0.22662575 0.03600000 0.13678701
0.21997960 0.05040000 0.16558701
0.21997960 0.05520000 0.16558701
0.21887191 0.05520000 0.17038701
0.21997960 0.05040000 0.16558701
0.21887191 0.05520000 0.17038701
0.21887191 0.05040000 0.17038701
0.21656923 0.05040000 0.16480000
0.21997960 0.05040000 0.16558701
0.21887191 0.05040000 0.17038701
0.21656923 0.05040000 0.16480000
0.21887191 0.05040000 0.17038701
0.21546154 0.05040000 0.16960000
0.21656923 0.05520000 0.16480000
0.21546154 0.05520000 0.16960000
0.21887191 0.05520000 0.17038701
0.21656923 0.05520000 0.16480000
0.21887191 0.05520000 0.17038701
0.21997960 0.05520000 0.16558701
0.21546154 0.05040000 0.16960000
0.21887191 0.05040000 0.17038701
0.21887191 0.05520000 0.17038701
0.21546154 0.05040000 0.16960000
0.21887191 0.05520000 0.17038701
0.21546154 0.05520000 0.16960000
0.21656923 0.05040000 0.16480000
0.21656923 0.05520000 0.16480000
0.21997960 0.05520000 0.16558701
0.21656923 0.05040000 0.16480000
0.21997960 0.05520000 0.16558701
0.21997960 0.05040000 0.16558701
0.21997960 0.05520000 0.16558701
0.21997960 0.06000000 0.16558701
0.21887191 0.06000000 0.17038701
0.21997960 0.05520000 0.16558701
0.21887191 0.06000000 0.17038701
0.21887191 0.05520000 0.17038701
0.21656923 0.05520000 0.16480000
0.21997960 0.05520000 0.16558701
0.21887191 0.05520000 0.17038701
0.21656923 0.05520000 0.16480000
0.21887191 0.05520000 0.17038701
0.21546154 0.05520000 0.16960000
0.21656923 0.06000000 0.16480000
0.21546154 0.06000000 0.16960000
0.21887191 0.06000000 0.17038701
0.21656923 0.06000000 0.16480000
0.21887191 0.06000000 0.17038701
0.21997960 0.06000000 0.16558701
0.21546154 0.05520000 0.16960000
0.21887191 0.05520000 0.17038701
0.21887191 0.06000000 0.17038701
0.21546154 0.05520000 0.16960000
0.21887191 0.06000000 0.17038701
0.21546154 0.06000000 0.16960000
0.21656923 0.05520000 0.16480000
0.21656923 0.06000000 0.16480000
0.21997960 0.06000000 0.16558701
0.21656923 0.05520000 0.16480000
0.21997960 0.06000000 0.16558701
0.21997960 0.05520000 0.16558701
0.21997960 0.06000000 0.16558701
0.21997960 0.06480000 0.16558701
0.21887191 0.06480000 0.17038701
0.21997960 0.06000000 0.16558701
0.21887191 0.06480000 0.17038701
0.21887191 0.06000000 0.17038701
0.21656923 0.06000000 0.16480000
0.21997960 0.06000000 0.16558701
0.21887191 0.06000000 0.17038701
0.21656923 0.06000000 0.16480000
0.21887191 0.06000000 0.17038701
0.21546154 0.06000000 0.16960000
0.21656923 0.06480000 0.16480000
0.21546154 0.06480000 0.16960000
0.21887191 0.06480000 0.17038701
0.21656923 0.06480000 0.16480000
0.21887191 0.06480000 0.17038701
0.21997960 0.06480000 0.16558701
0.21546154 0.06000000 0.16960000
0.21887191 0.06000000 0.17038701
0.21887191 0.06480000 0.17038701
0.21546154 0.06000000 0.16960000
0.21887191 0.06480000 0.17038701
0.21546154 0.06480000 0.16960000
0.21656923 0.06000000 0.16480000
0.21656923 0.06480000 0.16480000
0.21997960 0.06480000 0.16558701
0.21656923 0.06000000 0.16480000
0.21997960 0.06480000 0.16558701
0.21997960 0.06000000 0.16558701
0.22108729 0.04560000 0.16078701
0.22108729 0.05040000 0.16078701
0.21997960 0.05040000 0.16558701
0.22108729 0.04560000 0.16078701
0.21997960 0.05040000 0.16558701
0.21997960 0.04560000 0.16558701
0.21767692 0.04560000 0.16000000
0.22108729 0.04560000 0.16078701
0.21997960 0.04560000 0.16558701
0.21767692 0.04560000 0.16000000
0.21997960 0.04560000 0.16558701
0.21656923 0.04560000 0.16480000
0.21767692 0.05040000 0.16000000
0.21656923 0.05040000 0.16480000
0.21997960 0.05040000 0.16558701
0.21767692 0.05040000 0.16000000
0.21997960 0.05040000 0.16558701
0.22108729 0.05040000 0.16078701
0.21656923 0.04560000 0.16480000
0.21997960 0.04560000 0.16558701
0.21997960 0.05040000 0.16558701
0.21656923 0.04560000 0.16480000
0.21997960 0.05040000 0.16558701
0.21656923 0.05040000 0.16480000
0.21767692 0.04560000 0.16000000
0.21767692 0.05040000 0.16000000
0.22108729 0.05040000 0.16078701
0.21767692 0.04560000 0.16000000
0.22108729 0.05040000 0.16078701
0.22108729 0.04560000 0.16078701
0.22108729 0.06480000 0.16078701
0.22108729 0.06960000 0.16078701
0.21997960 0.06960000 0.16558701
0.22108729 0.06480000 0.16078701
0.21997960 0.06960000 0.16558701
0.21997960 0.06480000 0.16558701
0.21767692 0.06480000 0.16000000
0.22108729 0.06480000 0.16078701
0.21997960 0.06480000 0.16558701
0.21767692 0.06480000 0.16000000
0.21997960 0.06480000 0.16558701
0.21656923 0.06480000 0.16480000
0.21767692 0.06960000 0.16000000
0.21656923 0.06960000 0.16480000
0.21997960 0.06960000 0.16558701
0.21767692 0.06960000 0.16000000
0.21997960 0.06960000 0.16558701
0.22108729 0.06960000 0.16078701
0.21656923 0.06480000 0.16480000
0.21997960 0.06480000 0.16558701
0.21997960 0.06960000 0.16558701
0.21656923 0.06480000 0.16480000
0.21997960 0.06960000 0.16558701
0.21656923 0.06960000 0.16480000
0.21767692 0.06480000 0.16000000
0.21767692 0.06960000 0.16000000
0.22108729 0.06960000 0.16078701
0.21767692 0.06480000 0.16000000
0.22108729 0.06960000 0.16078701
0.22108729 0.06480000 0.16078701
0.22219498 0.04560000 0.15598701
0.22219498 0.05040000 0.15598701
0.22108729 0.05040000 0.16078701
0.22219498 0.04560000 0.15598701
0.22108729 0.05040000 0.16078701
0.22108729 0.04560000 0.16078701
0.21878462 0.04560000 0.15520000
0.22219498 0.04560000 0.15598701
0.22108729 0.04560000 0.16078701
0.21878462 0.04560000 0.15520000
0.22108729 0.04560000 0.16078701
0.21767692 0.04560000 0.16000000
0.21878462 0.05040000 0.15520000
0.21767692 0.05040000 0.16000000
0.22108729 0.05040000 0.16078701
0.21878462 0.05040000 0.15520000
0.22108729 0.05040000 0.16078701
0.22219498 0.05040000 0.15598701
0.21767692 0.04560000 0.16000000
0.22108729 0.04560000 0.16078701
0.22108729 0.05040000 0.16078701
0.21767692 0.04560000 0.16000000
0.22108729 0.05040000 0.16078701
0.21767692 0.05040000 0.16000000
0.21878462 0.04560000 0.15520000
0.21878462 0.05040000 0.15520000
0.22219498 0.05040000 0.15598701
0.21878462 0.04560000 0.15520000
0.22219498 0.05040000 0.15598701
0.22219498 0.04560000 0.15598701
0.22219498 0.06480000 0.15598701
0.22219498 0.06960000 0.15598701
0.22108729 0.06960000 0.16078701
0.22219498 0.06480000 0.15598701
0.22108729 0.06960000 0.16078701
0.22108729 0.06480000 0.16078701
0.21878462 0.06480000 0.15520000
0.22219498 0.06480000 0.15598701
0.22108729 0.06480000 0.16078701
0.21878462 0.06480000 0.15520000
0.22108729 0.06480000 0.16078701
0.21767692 0.06480000 0.16000000
0.21878462 0.06960000 0.15520000
0.21767692 0.06960000 0.16000000
0.22108729 0.06960000 0.16078701
0.21878462 0.06960000 0.15520000
0.22108729 0.06960000 0.16078701
0.22219498 0.06960000 0.15598701
0.21767692 0.06480000 0.16000000
0.22108729 0.06480000 0.16078701
0.22108729 0.06960000 0.16078701
0.21767692 0.06480000 0.16000000
0.22108729 0.06960000 0.16078701
0.21767692 0.06960000 0.16000000
0.21878462 0.06480000 0.15520000
0.21878462 0.06960000 0.15520000
0.22219498 0.06960000 0.15598701
0.21878462 0.06480000 0.15520000
0.22219498 0.06960000 0.15598701
0.22219498 0.06480000 0.15598701
0.22330268 0.04560000 0.15118701
0.22330268 0.05040000 0.15118701
0.22219498 0.05040000 0.15598701
0.22330268 0.04560000 0.15118701
0.22219498 0.05040000 0.15598701
0.22219498 0.04560000 0.15598701
0.21989231 0.04560000 0.15040000
0.22330268 0.04560000 0.15118701
0.22219498 0.04560000 0.15598701
0.21989231 0.04560000 0.15040000
0.22219498 0.04560000 0.15598701
0.21878462 0.04560000 0.15520000
0.21989231 0.05040000 0.15040000
0.21878462 0.05040000 0.15520000
0.22219498 0.05040000 0.15598701
0.21989231 0.05040000 0.15040000
0.22219498 0.05040000 0.15598701
0.22330268 0.05040000 0.15118701
0.21878462 0.04560000 0.15520000
0.22219498 0.04560000 0.15598701
0.22219498 0.05040000 0.15598701
0.21878462 0.04560000 0.15520000
0.22219498 0.05040000 0.15598701
0.21878462 0.05040000 0.15520000
0.21989231 0.04560000 0.15040000
0.21989231 0.05040000 0.15040000
0.22330268 0.05040000 0.15118701
0.21989231 0.04560000 0.15040000
0.22330268 0.05040000 0.15118701
0.22330268 0.04560000 0.15118701
0.22330268 0.05040000 0.15118701
0.22330268 0.05520000 0.15118701
0.22219498 0.05520000 0.15598701
0.22330268 0.05040000 0.15118701
0.22219498 0.05520000 0.15598701
0.22219498 0.05040000 0.15598701
0.21989231 0.05040000 0.15040000
0.22330268 0.05040000 0.15118701
0.22219498 0.05040000 0.15598701
0.21989231 0.05040000 0.15040000
0.22219498 0.05040000 0.15598701
0.21878462 0.05040000 0.15520000
0.21989231 0.05520000 0.15040000
0.21878462 0.05520000 0.15520000
0.22219498 0.05520000 0.15598701
0.21989231 0.05520000 0.15040000
0.22219498 0.05520000 0.15598701
0.22330268 0.05520000 0.15118701
0.21878462 0.05040000 0.15520000
0.22219498 0.05040000 0.15598701
0.22219498 0.05520000 0.15598701
0.21878462 0.05040000 0.15520000
0.22219498 0.05520000 0.15598701
0.21878462 0.05520000 0.15520000
0.21989231 0.05040000 0.15040000
0.21989231 0.05520000 0.15040000
0.22330268 0.05520000 0.15118701
0.21989231 0.05040000 0.15040000
0.22330268 0.05520000 0.15118701
0.22330268 0.05040000 0.15118701
0.22330268 0.05520000 0.15118701
0.22330268 0.06000000 0.15118701
0.22219498 0.06000000 0.15598701
0.22330268 0.05520000 0.15118701
0.22219498 0.06000000 0.15598701
0.22219498 0.05520000 0.15598701
0.21989231 0.05520000 0.15040000
0.22330268 0.05520000 0.15118701
0.22219498 0.05520000 0.15598701
0.21989231 0.05520000 0.15040000
0.22219498 0.05520000 0.15598701
0.21878462 0.05520000 0.15520000
0.21989231 0.06000000 0.15040000
0.21878462 0.06000000 0.15520000
0.22219498 0.06000000 0.15598701
0.21989231 0.06000000 0.15040000
0.22219498 0.06000000 0.15598701
0.22330268 0.06000000 0.15118701
0.21878462 0.05520000 0.15520000
0.22219498 0.05520000 0.15598701
0.22219498 0.06000000 0.15598701
0.21878462 0.05520000 0.15520000
0.22219498 0.06000000 0.15598701
0.21878462 0.06000000 0.15520000
0.21989231 0.05520000 0.15040000
0.21989231 0.06000000 0.15040000
0.22330268 0.06000000 0.15118701
0.21989231 0.05520000 0.15040000
0.22330268 0.06000000 0.15118701
0.22330268 0.05520000 0.15118701
0.22330268 0.06000000 0.15118701
0.22330268 0.06480000 0.15118701
0.22219498 0.06480000 0.15598701
0.22330268 0.06000000 0.15118701
0.22219498 0.06480000 0.15598701
0.22219498 0.06000000 0.15598701
0.21989231 0.06000000 0.15040000
0.22330268 0.06000000 0.15118701
0.22219498 0.06000000 0.15598701
0.21989231 0.06000000 0.15040000
0.22219498 0.06000000 0.15598701
0.21878462 0.06000000 0.15520000
0.21989231 0.06480000 0.15040000
0.21878462 0.06480000 0.15520000
0.22219498 0.06480000 0.15598701
0.21989231 0.06480000 0.15040000
0.22219498 0.06480000 0.15598701
0.22330268 0.06480000 0.15118701
0.21878462 0.06000000 0.15520000
0.22219498 0.06000000 0.15598701
0.22219498 0.06480000 0.15598701
0.21878462 0.06000000 0.15520000
0.22219498 0.06480000 0.15598701
0.21878462 0.06480000 0.15520000
0.21989231 0.06000000 0.15040000
0.21989231 0.06480000 0.15040000
0.22330268 0.06480000 0.15118701
0.21989231 0.06000000 0.15040000
0.22330268 0.06480000 0.15118701
0.22330268 0.06000000 0.15118701
0.22330268 0.06480000 0.15118701
0.22330268 0.06960000 0.15118701
0.22219498 0.06960000 0.15598701
0.22330268 0.06480000 0.15118701
0.22219498 0.06960000 0.15598701
0.22219498 0.06480000 0.15598701
0.21989231 0.06480000 0.15040000
0.22330268 0.06480000 0.15118701
0.22219498 0.06480000 0.15598701
0.21989231 0.06480000 0.15040000
0.22219498 0.06480000 0.15598701
0.21878462 0.06480000 0.15520000
0.21989231 0.06960000 0.15040000
0.21878462 0.06960000 0.15520000
0.22219498 0.06960000 0.15598701
0.21989231 0.06960000 0.15040000
0.22219498 0.06960000 0.15598701
0.22330268 0.06960000 0.15118701
0.21878462 0.06480000 0.15520000
0.22219498 0.06480000 0.15598701
0.22219498 0.06960000 0.15598701
0.21878462 0.06480000 0.15520000
0.22219498 0.06960000 0.15598701
0.21878462 0.06960000 0.15520000
0.21989231 0.06480000 0.15040000
0.21989231 0.06960000 0.15040000
0.22330268 0.06960000 0.15118701
0.21989231 0.06480000 0.15040000
0.22330268 0.06960000 0.15118701
0.22330268 0.06480000 0.15118701
0.22441037 0.04560000 0.14638701
0.22441037 0.05040000 0.14638701
0.22330268 0.05040000 0.15118701
0.22441037 0.04560000 0.14638701
0.22330268 0.05040000 0.15118701
0.22330268 0.04560000 0.15118701
0.22100000 0.04560000 0.14560000
0.22441037 0.04560000 0.14638701
0.22330268 0.04560000 0.15118701
0.22100000 0.04560000 0.14560000
0.22330268 0.04560000 0.15118701
0.21989231 0.04560000 0.15040000
0.22100000 0.05040000 0.14560000
0.21989231 0.05040000 0.15040000
0.22330268 0.05040000 0.15118701
0.22100000 0.05040000 0.14560000
0.22330268 0.05040000 0.15118701
0.22441037 0.05040000 0.14638701
0.21989231 0.04560000 0.15040000
0.22330268 0.04560000 0.15118701
0.22330268 0.05040000 0.15118701
0.21989231 0.04560000 0.15040000
0.22330268 0.05040000 0.15118701
0.21989231 0.05040000 0.15040000
0.22100000 0.04560000 0.14560000
0.22100000 0.05040000 0.14560000
0.22441037 0.05040000 0.14638701
0.22100000 0.04560000 0.14560000
0.22441037 0.05040000 0.14638701
0.22441037 0.04560000 0.14638701
0.22441037 0.06480000 0.14638701
0.22441037 0.06960000 0.14638701
0.22330268 0.06960000 0.15118701
0.22441037 0.06480000 0.14638701
0.22330268 0.06960000 0.15118701
0.22330268 0.06480000 0.15118701
0.22100000 0.06480000 0.14560000
0.22441037 0.06480000 0.14638701
0.22330268 0.06480000 0.15118701
0.22100000 0.06480000 0.14560000
0.22330268 0.06480000 0.15118701
0.21989231 0.06480000 0.15040000
0.22100000 0.06960000 0.14560000
0.21989231 0.06960000 0.15040000
0.22330268 0.06960000 0.15118701
0.22100000 0.06960000 0.14560000
0.22330268 0.06960000 0.15118701
0.22441037 0.06960000 0.14638701
0.21989231 0.06480000 0.15040000
0.22330268 0.06480000 0.15118701
0.22330268 0.06960000 0.15118701
0.21989231 0.06480000 0.15040000
0.22330268 0.06960000 0.15118701
0.21989231 0.06960000 0.15040000
0.22100000 0.06480000 0.14560000
0.22100000 0.06960000 0.14560000
0.22441037 0.06960000 0.14638701
0.22100000 0.06480000 0.14560000
0.22441037 0.06960000 0.14638701
0.22441037 0.06480000 0.14638701
0.22551806 0.04560000 0.14158701
0.22551806 0.05040000 0.14158701
0.22441037 0.05040000 0.14638701
0.22551806 0.04560000 0.14158701
0.22441037 0.05040000 0.14638701
0.22441037 0.04560000 0.14638701
0.22210769 0.04560000 0.14080000
0.22551806 0.04560000 0.14158701
0.22441037 0.04560000 0.14638701
0.22210769 0.04560000 0.14080000
0.22441037 0.04560000 0.14638701
0.22100000 0.04560000 0.14560000
0.22210769 0.05040000 0.14080000
0.22100000 0.05040000 0.14560000
0.22441037 0.05040000 0.14638701
0.22210769 0.05040000 0.14080000
0.22441037 0.05040000 0.14638701
0.22551806 0.05040000 0.14158701
0.22100000 0.04560000 0.14560000
0.22441037 0.04560000 0.14638701
0.22441037 0.05040000 0.14638701
0.22100000 0.04560000 0.14560000
0.22441037 0.05040000 0.14638701
0.22100000 0.05040000 0.14560000
0.22210769 0.04560000 0.14080000
0.22210769 0.05040000 0.14080000
0.22551806 0.05040000 0.14158701
0.22210769 0.04560000 0.14080000
0.22551806 0.05040000 0.14158701
0.22551806 0.04560000 0.14158701
0.22551806 0.06480000 0.14158701
0.22551806 0.06960000 0.14158701
0.22441037 0.06960000 0.14638701
0.22551806 0.06480000 0.14158701
0.22441037 0.06960000 0.14638701
0.22441037 0.06480000 0.14638701
0.22210769 0.06480000 0.14080000
0.22551806 0.06480000 0.14158701
0.22441037 0.06480000 0.14638701
0.22210769 0.06480000 0.14080000
0.22441037 0.06480000 0.14638701
0.22100000 0.06480000 0.14560000
0.22210769 0.06960000 0.14080000
0.22100000 0.06960000 0.14560000
0.22441037 0.06960000 0.14638701
0.22210769 0.06960000 0.14080000
0.22441037 0.06960000 0.14638701
0.22551806 0.06960000 0.14158701
0.22100000 0.06480000 0.14560000
0.22441037 0.06480000 0.14638701
0.22441037 0.06960000 0.14638701
0.22100000 0.06480000 0.14560000
0.22441037 0.06960000 0.14638701
0.22100000 0.06960000 0.14560000
0.22210769 0.06480000 0.14080000
0.22210769 0.06960000 0.14080000
0.22551806 0.06960000 0.14158701
0.22210769 0.06480000 0.14080000
0.22551806 0.06960000 0.14158701
0.22551806 0.06480000 0.14158701
0.22662575 0.04560000 0.13678701
0.22662575 0.05040000 0.13678701
0.22551806 0.05040000 0.14158701
0.22662575 0.04560000 0.13678701
0.22551806 0.05040000 0.14158701
0.22551806 0.04560000 0.14158701
0.22321538 0.04560000 0.13600000
0.22662575 0.04560000 0.13678701
0.22551806 0.04560000 0.14158701
0.22321538 0.04560000 0.13600000
0.22551806 0.04560000 0.14158701
0.22210769 0.04560000 0.14080000
0.22321538 0.05040000 0.13600000
0.22210769 0.05040000 0.14080000
0.22551806 0.05040000 0.14158701
0.22321538 0.05040000 0.13600000
0.22551806 0.05040000 0.14158701
0.22662575 0.05040000 0.13678701
0.22210769 0.04560000 0.14080000
0.22551806 0.04560000 0.14158701
0.22551806 0.05040000 0.14158701
0.22210769 0.04560000 0.14080000
0.22551806 0.05040000 0.14158701
0.22210769 0.05040000 0.14080000
0.22321538 0.04560000 0.13600000
0.22321538 0.05040000 0.13600000
0.22662575 0.05040000 0.13678701
0.22321538 0.04560000 0.13600000
0.22662575 0.05040000 0.13678701
0.22662575 0.04560000 0.13678701
0.22662575 0.06480000 0.13678701
0.22662575 0.06960000 0.13678701
0.22551806 0.06960000 0.14158701
0.22662575 0.06480000 0.13678701
0.22551806 0.06960000 0.14158701
0.22551806 0.06480000 0.14158701
0.22321538 0.06480000 0.13600000
0.22662575 0.06480000 0.13678701
0.22551806 0.06480000 0.14158701
0.22321538 0.06480000 0.13600000
0.22551806 0.06480000 0.14158701
0.22210769 0.06480000 0.14080000
0.22321538 0.06960000 0.13600000
0.22210769 0.06960000 0.14080000
0.22551806 0.06960000 0.14158701
0.22321538 0.06960000 0.13600000
0.22551806 0.06960000 0.14158701
0.22662575 0.06960000 0.13678701
0.22210769 0.06480000 0.14080000
0.22551806 0.06480000 0.14158701
0.22551806 0.06960000 0.14158701
0.22210769 0.06480000 0.14080000
0.22551806 0.06960000 0.14158701
0.22210769 0.06960000 0.14080000
0.22321538 0.06480000 0.13600000
0.22321538 0.06960000 0.13600000
0.22662575 0.06960000 0.13678701
0.22321538 0.06480000 0.13600000
0.22662575 0.06960000 0.13678701
0.22662575 0.06480000 0.13678701
0.21997960 0.07440000 0.16558701
0.21997960 0.07920000 0.16558701
0.21887191 0.07920000 0.17038701
0.21997960 0.07440000 0.16558701
0.21887191 0.07920000 0.17038701
0.21887191 0.07440000 0.17038701
0.21656923 0.07440000 0.16480000
0.21997960 0.07440000 0.16558701
0.21887191 0.07440000 0.17038701
0.21656923 0.07440000 0.16480000
0.21887191 0.07440000 0.17038701
0.21546154 0.07440000 0.16960000
0.21656923 0.07920000 0.16480000
0.21546154 0.07920000 0.16960000
0.21887191 0.07920000 0.17038701
0.21656923 0.07920000 0.16480000
0.21887191 0.07920000 0.17038701
0.21997960 0.07920000 0.16558701
0.21546154 0.07440000 0.16960000
0.21887191 0.07440000 0.17038701
0.21887191 0.07920000 0.17038701
0.21546154 0.07440000 0.16960000
0.21887191 0.07920000 0.17038701
0.21546154 0.07920000 0.16960000
0.21656923 0.07440000 0.16480000
0.21656923 0.07920000 0.16480000
0.21997960 0.07920000 0.16558701
0.21656923 0.07440000 0.16480000
0.21997960 0.07920000 0.16558701
0.21997960 0.07440000 0.16558701
0.22219498 0.07440000 0.15598701
0.22219498 0.07920000 0.15598701
0.22108729 0.07920000 0.16078701
0.22219498 0.07440000 0.15598701
0.22108729 0.07920000 0.16078701
0.22108729 0.07440000 0.16078701
0.21878462 0.07440000 0.15520000
0.22219498 0.07440000 0.15598701
0.22108729 0.07440000 0.16078701
0.21878462 0.07440000 0.15520000
0.22108729 0.07440000 0.16078701
0.21767692 0.07440000 0.16000000
0.21878462 0.07920000 0.15520000
0.21767692 0.07920000 0.16000000
0.22108729 0.07920000 0.16078701
0.21878462 0.07920000 0.15520000
0.22108729 0.07920000 0.16078701
0.22219498 0.07920000 0.15598701
0.21767692 0.07440000 0.16000000
0.22108729 0.07440000 0.16078701
0.22108729 0.07920000 0.16078701
0.21767692 0.07440000 0.16000000
0.22108729 0.07920000 0.16078701
0.21767692 0.07920000 0.16000000
0.21878462 0.07440000 0.15520000
0.21878462 0.07920000 0.15520000
0.22219498 0.07920000 0.15598701
0.21878462 0.07440000 0.15520000
0.22219498 0.07920000 0.15598701
0.22219498 0.07440000 0.15598701
0.22330268 0.07440000 0.15118701
0.22330268 0.07920000 0.15118701
0.22219498 0.07920000 0.15598701
0.22330268 0.07440000 0.15118701
0.22219498 0.07920000 0.15598701
0.22219498 0.07440000 0.15598701
0.21989231 0.07440000 0.15040000
0.22330268 0.07440000 0.15118701
0.22219498 0.07440000 0.15598701
0.21989231 0.07440000 0.15040000
0.22219498 0.07440000 0.15598701
0.21878462 0.07440000 0.15520000
0.21989231 0.07920000 0.15040000
0.21878462 0.07920000 0.15520000
0.22219498 0.07920000 0.15598701
0.21989231 0.07920000 0.15040000
0.22219498 0.07920000 0.15598701
0.22330268 0.07920000 0.15118701
0.21878462 0.07440000 0.15520000
0.22219498 0.07440000 0.15598701
0.22219498 0.07920000 0.15598701
0.21878462 0.07440000 0.15520000
0.22219498 0.07920000 0.15598701
0.21878462 0.07920000 0.15520000
0.21989231 0.07440000 0.15040000
0.21989231 0.07920000 0.15040000
0.22330268 0.07920000 0.15118701
0.21989231 0.07440000 0.15040000
0.22330268 0.07920000 0.15118701
0.22330268 0.07440000 0.15118701
0.22441037 0.07440000 0.14638701
0.22441037 0.07920000 0.14638701
0.22330268 0.07920000 0.15118701
0.22441037 0.07440000 0.14638701
0.22330268 0.07920000 0.15118701
0.22330268 0.07440000 0.15118701
0.22100000 0.07440000 0.14560000
0.22441037 0.07440000 0.14638701
0.22330268 0.07440000 0.15118701
0.22100000 0.07440000 0.14560000
0.22330268 0.07440000 0.15118701
0.21989231 0.07440000 0.15040000
0.22100000 0.07920000 0.14560000
0.21989231 0.07920000 0.15040000
0.22330268 0.07920000 0.15118701
0.22100000 0.07920000 0.14560000
0.22330268 0.07920000 0.15118701
0.22441037 0.07920000 0.14638701
0.21989231 0.07440000 0.15040000
0.22330268 0.07440000 0.15118701
0.22330268 0.07920000 0.15118701
0.21989231 0.07440000 0.15040000
0.22330268 0.07920000 0.15118701
0.21989231 0.07920000 0.15040000
0.22100000 0.07440000 0.14560000
0.22100000 0.07920000 0.14560000
0.22441037 0.07920000 0.14638701
0.22100000 0.07440000 0.14560000
0.22441037 0.07920000 0.14638701
0.22441037 0.07440000 0.14638701
0.22551806 0.07440000 0.14158701
0.22551806 0.07920000 0.14158701
0.22441037 0.07920000 0.14638701
0.22551806 0.07440000 0.14158701
0.22441037 0.07920000 0.14638701
0.22441037 0.07440000 0.14638701
0.22210769 0.07440000 0.14080000
0.22551806 0.07440000 0.14158701
0.22441037 0.07440000 0.14638701
0.22210769 0.07440000 0.14080000
0.22441037 0.07440000 0.14638701
0.22100000 0.07440000 0.14560000
0.22210769 0.07920000 0.14080000
0.22100000 0.07920000 0.14560000
0.22441037 0.07920000 0.14638701
0.22210769 0.07920000 0.14080000
0.22441037 0.07920000 0.14638701
0.22551806 0.07920000 0.14158701
0.22100000 0.07440000 0.14560000
0.22441037 0.07440000 0.14638701
0.22441037 0.07920000 0.14638701
0.22100000 0.07440000 0.14560000
0.22441037 0.07920000 0.14638701
0.22100000 0.07920000 0.14560000
0.22210769 0.07440000 0.14080000
0.22210769 0.07920000 0.14080000
0.22551806 0.07920000 0.14158701
0.22210769 0.07440000 0.14080000
0.22551806 0.07920000 0.14158701
0.22551806 0.07440000 0.14158701
0.22662575 0.07440000 0.13678701
0.22662575 0.07920000 0.13678701
0.22551806 0.07920000 0.14158701
0.22662575 0.07440000 0.13678701
0.22551806 0.07920000 0.14158701
0.22551806 0.07440000 0.14158701
0.22321538 0.07440000 0.13600000
0.22662575 0.07440000 0.13678701
0.22551806 0.07440000 0.14158701
0.22321538 0.07440000 0.13600000
0.22551806 0.07440000 0.14158701
0.22210769 0.07440000 0.14080000
0.22321538 0.07920000 0.13600000
0.22210769 0.07920000 0.14080000
0.22551806 0.07920000 0.14158701
0.22321538 0.07920000 0.13600000
0.22551806 0.07920000 0.14158701
0.22662575 0.07920000 0.13678701
0.22210769 0.07440000 0.14080000
0.22551806 0.07440000 0.14158701
0.22551806 0.07920000 0.14158701
0.22210769 0.07440000 0.14080000
0.22551806 0.07920000 0.14158701
0.22210769 0.07920000 0.14080000
0.22321538 0.07440000 0.13600000
0.22321538 0.07920000 0.13600000
0.22662575 0.07920000 0.13678701
0.22321538 0.07440000 0.13600000
0.22662575 0.07920000 0.13678701
0.22662575 0.07440000 0.13678701
3 0 1 2 48 59 69 255
3 3 4 5 48 59 69 255
3 6 7 8 48 59 69 255
3 9 10 11 48 59 69 255
3 12 13 14 48 59 69 255
3 15 16 17 48 59 69 255
3 18 19 20 48 59 69 255
3 21 22 23 48 59 69 255
3 24 25 26 48 59 69 255
3 27 28 29 48 59 69 255
3 30 31 32 48 59 69 255
3 33 34 35 48 59 69 255
3 36 37 38 48 59 69 255
3 39 40 41 48 59 69 255
3 42 43 44 48 59 69 255
3 45 46 47 48 59 69 255
3 48 49 50 48 59 69 255
3 51 52 53 48 59 69 255
3 54 55 56 48 59 69 255
3 57 58 59 48 59 69 255
3 60 61 62 48 59 69 255
3 63 64 65 48 59 69 255
3 66 67 68 48 59 69 255
3 69 70 71 48 59 69 255
3 72 73 74 48 59 69 255
3 75 76 77 48 59 69 255
3 78 79 80 48 59 69 255
3 81 82 83 48 59 69 255
3 84 85 86 48 59 69 255
3 87 88 89 48 59 69 255
3 90 91 92 48 59 69 255
3 93 94 95 48 59 69 255
3 96 97 98 48 59 69 255
3 99 100 101 48 59 69 255
3 102 103 104 48 59 69 255
3 105 106 107 48 59 69 255
3 108 109 110 48 59 69 255
3 111 112 113 48 59 69 255
3 114 115 116 48 59 69 255
3 117 118 119 48 59 69 255
3 120 121 122 48 59 69 255
3 123 124 125 48 59 69 255
3 126 127 128 48 59 69 255
3 129 130 131 48 59 69 255
3 132 133 134 48 59 69 255
3 135 136 137 48 59 69 255
3 138 139 140 48 59 69 255
3 141 142 143 48 59 69 255
3 144 145 146 48 59 69 255
3 147 148 149 48 59 69 255
3 150 151 152 48 59 69 255
3 153 154 155 48 59 69 255
3 156 157 158 48 59 69 255
3 159 160 161 48 59 69 255
3 162 163 164 48 59 69 255
3 165 166 167 48 59 69 255
3 168 169 170 48 59 69 255
3 171 172 173 48 59 69 255
3 174 175 176 48 59 69 255
3 177 178 179 48 59 69 255
3 180 181 182 48 59 69 255
3 183 184 185 48 59 69 255
3 186 187 188 48 59 69 255
3 189 190 191 48 59 69 255
3 192 193 194 48 59 69 255
3 195 196 197 48 59 69 255
3 198 199 200 48 59 69 255
3 201 202 203 48 59 69 255
3 204 205 206 48 59 69 255
3 207 208 209 48 59 69 255
3 210 211 212 48 59 69 255
3 213 214 215 48 59 69 255
3 216 217 218 48 59 69 255
3 219 220 221 48 59 69 255
3 222 223 224 48 59 69 255
3 225 226 227 48 59 69 255
3 228 229 230 48 59 69 255
3 231 232 233 48 59 69 255
3 234 235 236 48 59 69 255
3 237 238 239 48 59 69 255
3 240 241 242 48 59 69 255
3 243 244 245 48 59 69 255
3 246 247 248 48 59 69 255
3 249 250 251 48 59 69 255
3 252 253 254 48 59 69 255
3 255 256 257 48 59 69 255
3 258 259 260 48 59 69 255
3 261 262 263 48 59 69 255
3 264 265 266 48 59 69 255
3 267 268 269 48 59 69 255
3 270 271 272 48 59 69 255
3 273 274 275 48 59 69 255
3 276 277 278 48 59 69 255
3 279 280 281 48 59 69 255
3 282 283 284 48 59 69 255
3 285 286 287 48 59 69 255
3 288 289 290 48 59 69 255
3 291 292 293 48 59 69 255
3 294 295 296 48 59 69 255
3 297 298 299 48 59 69 255
3 300 301 302 48 59 69 255
3 303 304 305 48 59 69 255
3 306 307 308 48 59 69 255
3 309 310 311 48 59 69 255
3 312 313 314 48 59 69 255
3 315 316 317 48 59 69 255
3 318 319 320 48 59 69 255
3 321 322 323 48 59 69 255
3 324 325 326 48 59 69 255
3 327 328 329 48 59 69 255
3 330 331 332 48 59 69 255
3 333 334 335 48 59 69 255
3 336 337 338 48 59 69 255
3 339 340 341 48 59 69 255
3 342 343 344 48 59 69 255
3 345 346 347 48 59 69 255
3 348 349 350 48 59 69 255
3 351 352 353 48 59 69 255
3 354 355 356 48 59 69 255
3 357 358 359 48 59 69 255
3 360 361 362 48 59 69 255
3 363 364 365 48 59 69 255
3 366 367 368 48 59 69 255
3 369 370 371 48 59 69 255
3 372 373 374 48 59 69 255
3 375 376 377 48 59 69 255
3 378 379 380 48 59 69 255
3 381 382 383 48 59 69 255
3 384 385 386 48 59 69 255
3 387 388 389 48 59 69 255
3 390 391 392 48 59 69 255
3 393 394 395 48 59 69 255
3 396 397 398 48 59 69 255
3 399 400 401 48 59 69 255
3 402 403 404 48 59 69 255
3 405 406 407 48 59 69 255
3 408 409 410 48 59 69 255
3 411 412 413 48 59 69 255
3 414 415 416 48 59 69 255
3 417 418 419 48 59 69 255
3 420 421 422 48 59 69 255
3 423 424 425 48 59 69 255
3 426 427 428 48 59 69 255
3 429 430 431 48 59 69 255
3 432 433 434 255 255 255 255
3 435 436 437 255 255 255 255
3 438 439 440 255 255 255 255
3 441 442 443 255 255 255 255
3 444 445 446 255 255 255 255
3 447 448 449 255 255 255 255
3 450 451 452 255 255 255 255
3 453 454 455 255 255 255 255
3 456 457 458 255 255 255 255
3 459 460 461 255 255 255 255
3 462 463 464 255 255 255 255
3 465 466 467 255 255 255 255
3 468 469 470 255 255 255 255
3 471 472 473 255 255 255 255
3 474 475 476 255 255 255 255
3 477 478 479 255 255 255 255
3 480 481 482 255 255 255 255
3 483 484 485 255 255 255 255
3 486 487 488 255 255 255 255
3 489 490 491 255 255 255 255
3 492 493 494 255 255 255 255
3 495 496 497 255 255 255 255
3 498 499 500 255 255 255 255
3 501 502 503 255 255 255 255
3 504 505 506 255 255 255 255
3 507 508 509 255 255 255 255
3 510 511 512 255 255 255 255
3 513 514 515 255 255 255 255
3 516 517 518 255 255 255 255
3 519 520 521 255 255 255 255
3 522 523 524 255 255 255 255
3 525 526 527 255 255 255 255
3 528 529 530 255 255 255 255
3 531 532 533 255 255 255 255
3 534 535 536 255 255 255 255
3 537 538 539 255 255 255 255
3 540 541 542 255 255 255 255
3 543 544 545 255 255 255 255
3 546 547 548 255 255 255 255
3 549 550 551 255 255 255 255
3 552 553 554 255 255 255 255
3 555 556 557 255 255 255 255
3 558 559 560 255 255 255 255
3 561 562 563 255 255 255 255
3 564 565 566 255 255 255 255
3 567 568 569 255 255 255 255
3 570 571 572 255 255 255 255
3 573 574 575 255 255 255 255
3 576 577 578 255 255 255 255
3 579 580 581 255 255 255 255
3 582 583 584 255 255 255 255
3 585 586 587 255 255 255 255
3 588 589 590 255 255 255 255
3 591 592 593 255 255 255 255
3 594 595 596 255 255 255 255
3 597 598 599 255 255 255 255
3 600 601 602 255 255 255 255
3 603 604 605 255 255 255 255
3 606 607 608 255 255 255 255
3 609 610 611 255 255 255 255
3 612 613 614 255 255 255 255
3 615 616 617 255 255 255 255
3 618 619 620 255 255 255 255
3 621 622 623 255 255 255 255
3 624 625 626 255 255 255 255
3 627 628 629 255 255 255 255
3 630 631 632 255 255 255 255
3 633 634 635 255 255 255 255
3 636 637 638 255 255 255 255
3 639 640 641 255 255 255 255
3 642 643 644 255 255 255 255
3 645 646 647 255 255 255 255
3 648 649 650 255 255 255 255
3 651 652 653 255 255 255 255
3 654 655 656 255 255 255 255
3 657 658 659 255 255 255 255
3 660 661 662 255 255 255 255
3 663 664 665 255 255 255 255
3 666 667 668 255 255 255 255
3 669 670 671 255 255 255 255
3 672 673 674 255 255 255 255
3 675 676 677 255 255 255 255
3 678 679 680 255 255 255 255
3 681 682 683 255 255 255 255
3 684 685 686 255 255 255 255
3 687 688 689 255 255 255 255
3 690 691 692 255 255 255 255
3 693 694 695 255 255 255 255
3 696 697 698 255 255 255 255
3 699 700 701 255 255 255 255
3 702 703 704 255 255 255 255
3 705 706 707 255 255 255 255
3 708 709 710 255 255 255 255
3 711 712 713 255 255 255 255
3 714 715 716 255 255 255 255
3 717 718 719 255 255 255 255
3 720 721 722 255 255 255 255
3 723 724 725 255 255 255 255
3 726 727 728 255 255 255 255
3 729 730 731 255 255 255 255
3 732 733 734 255 255 255 255
3 735 736 737 255 255 255 255
3 738 739 740 255 255 255 255
3 741 742 743 255 255 255 255
3 744 745 746 255 255 255 255
3 747 748 749 255 255 255 255
3 750 751 752 255 255 255 255
3 753 754 755 255 255 255 255
3 756 757 758 255 255 255 255
3 759 760 761 255 255 255 255
3 762 763 764 255 255 255 255
3 765 766 767 255 255 255 255
3 768 769 770 255 255 255 255
3 771 772 773 255 255 255 255
3 774 775 776 255 255 255 255
3 777 778 779 255 255 255 255
3 780 781 782 255 255 255 255
3 783 784 785 255 255 255 255
3 786 787 788 255 255 255 255
3 789 790 791 255 255 255 255
3 792 793 794 255 255 255 255
3 795 796 797 255 255 255 255
3 798 799 800 255 255 255 255
3 801 802 803 255 255 255 255
3 804 805 806 255 255 255 255
3 807 808 809 255 255 255 255
3 810 811 812 255 255 255 255
3 813 814 815 255 255 255 255
3 816 817 818 255 255 255 255
3 819 820 821 255 255 255 255
3 822 823 824 255 255 255 255
3 825 826 827 255 255 255 255
3 828 829 830 255 255 255 255
3 831 832 833 255 255 255 255
3 834 835 836 255 255 255 255
3 837 838 839 255 255 255 255
3 840 841 842 255 255 255 255
3 843 844 845 255 255 255 255
3 846 847 848 255 255 255 255
3 849 850 851 255 255 255 255
3 852 853 854 255 255 255 255
3 855 856 857 255 255 255 255
3 858 859 860 255 255 255 255
3 861 862 863 255 255 255 255
3 864 865 866 255 255 255 255
3 867 868 869 255 255 255 255
3 870 871 872 255 255 255 255
3 873 874 875 255 255 255 255
3 876 877 878 255 255 255 255
3 879 880 881 255 255 255 255
3 882 883 884 255 255 255 255
3 885 886 887 255 255 255 255
3 888 889 890 255 255 255 255
3 891 892 893 255 255 255 255
3 894 895 896 255 255 255 255
3 897 898 899 255 255 255 255
3 900 901 902 255 255 255 255
3 903 904 905 255 255 255 255
3 906 907 908 255 255 255 255
3 909 910 911 255 255 255 255
3 912 913 914 255 255 255 255
3 915 916 917 255 255 255 255
3 918 919 920 255 255 255 255
3 921 922 923 255 255 255 255
3 924 925 926 255 255 255 255
3 927 928 929 255 255 255 255
3 930 931 932 255 255 255 255
3 933 934 935 255 255 255 255
3 936 937 938 255 255 255 255
3 939 940 941 255 255 255 255
3 942 943 944 255 255 255 255
3 945 946 947 255 255 255 255
3 948 949 950 255 255 255 255
3 951 952 953 255 255 255 255
3 954 955 956 255 255 255 255
3 957 958 959 255 255 255 255
3 960 961 962 255 255 255 255
3 963 964 965 255 255 255 255
3 966 967 968 255 255 255 255
3 969 970 971 255 255 255 255
3 972 973 974 255 255 255 255
3 975 976 977 255 255 255 255
3 978 979 980 255 255 255 255
3 981 982 983 255 255 255 255
3 984 985 986 255 255 255 255
3 987 988 989 255 255 255 255
3 990 991 992 255 255 255 255
3 993 994 995 255 255 255 255
3 996 997 998 255 255 255 255
3 999 1000 1001 255 255 255 255
3 1002 1003 1004 255 255 255 255
3 1005 1006 1007 255 255 255 255
3 1008 1009 1010 255 255 255 255
3 1011 1012 1013 255 255 255 255
3 1014 1015 1016 255 255 255 255
3 1017 1018 1019 255 255 255 255
3 1020 1021 1022 255 255 255 255
3 1023 1024 1025 255 255 255 255
3 1026 1027 1028 255 255 255 255
3 1029 1030 1031 255 255 255 255
3 1032 1033 1034 255 255 255 255
3 1035 1036 1037 255 255 255 255
3 1038 1039 1040 255 255 255 255
3 1041 1042 1043 255 255 255 255
3 1044 1045 1046 255 255 255 255
3 1047 1048 1049 255 255 255 255
3 1050 1051 1052 255 255 255 255
3 1053 1054 1055 255 255 255 255
3 1056 1057 1058 255 255 255 255
3 1059 1060 1061 255 255 255 255
3 1062 1063 1064 255 255 255 255
3 1065 1066 1067 255 255 255 255
3 1068 1069 1070 255 255 255 255
3 1071 1072 1073 255 255 255 255
3 1074 1075 1076 255 255 255 255
3 1077 1078 1079 255 255 255 255
3 1080 1081 1082 255 255 255 255
3 1083 1084 1085 255 255 255 255
3 1086 1087 1088 255 255 255 255
3 1089 1090 1091 255 255 255 255
3 1092 1093 1094 255 255 255 255
3 1095 1096 1097 255 255 255 255
3 1098 1099 1100 255 255 255 255
3 1101 1102 1103 255 255 255 255
3 1104 1105 1106 255 255 255 255
3 1107 1108 1109 255 255 255 255
3 1110 1111 1112 255 255 255 255
3 1113 1114 1115 255 255 255 255
3 1116 1117 1118 255 255 255 255
3 1119 1120 1121 255 255 255 255
3 1122 1123 1124 255 255 255 255
3 1125 1126 1127 255 255 255 255
3 1128 1129 1130 255 255 255 255
3 1131 1132 1133 255 255 255 255
3 1134 1135 1136 255 255 255 255
3 1137 1138 1139 255 255 255 255
3 1140 1141 1142 255 255 255 255
3 1143 1144 1145 255 255 255 255
3 1146 1147 1148 255 255 255 255
3 1149 1150 1151 255 255 255 255
3 1152 1153 1154 255 255 255 255
3 1155 1156 1157 255 255 255 255
3 1158 1159 1160 255 255 255 255
3 1161 1162 1163 255 255 255 255
3 1164 1165 1166 255 255 255 255
3 1167 1168 1169 255 255 255 255
3 1170 1171 1172 255 255 255 255
3 1173 1174 1175 255 255 255 255
3 1176 1177 1178 255 255 255 255
3 1179 1180 1181 255 255 255 255
3 1182 1183 1184 255 255 255 255
3 1185 1186 1187 255 255 255 255
3 1188 1189 1190 255 255 255 255
3 1191 1192 1193 255 255 255 255
3 1194 1195 1196 255 255 255 255
3 1197 1198 1199 255 255 255 255
3 1200 1201 1202 255 255 255 255
3 1203 1204 1205 255 255 255 255
3 1206 1207 1208 255 255 255 255
3 1209 1210 1211 255 255 255 255
3 1212 1213 1214 255 255 255 255
3 1215 1216 1217 255 255 255 255
3 1218 1219 1220 255 255 255 255
3 1221 1222 1223 255 255 255 255
3 1224 1225 1226 255 255 255 255
3 1227 1228 1229 255 255 255 255
3 1230 1231 1232 255 255 255 255
3 1233 1234 1235 255 255 255 255
3 1236 1237 1238 255 255 255 255
3 1239 1240 1241 255 255 255 255
3 1242 1243 1244 255 255 255 255
3 1245 1246 1247 255 255 255 255
3 1248 1249 1250 255 255 255 255
3 1251 1252 1253 255 255 255 255
3 1254 1255 1256 255 255 255 255
3 1257 1258 1259 255 255 255 255
3 1260 1261 1262 255 255 255 255
3 1263 1264 1265 255 255 255 255
3 1266 1267 1268 255 255 255 255
3 1269 1270 1271 255 255 255 255
3 1272 1273 1274 255 255 255 255
3 1275 1276 1277 255 255 255 255
3 1278 1279 1280 255 255 255 255
3 1281 1282 1283 255 255 255 255
3 1284 1285 1286 255 255 255 255
3 1287 1288 1289 255 255 255 255
3 1290 1291 1292 255 255 255 255
3 1293 1294 1295 255 255 255 255
3 1296 1297 1298 255 255 255 255
3 1299 1300 1301 255 255 255 255
3 1302 1303 1304 255 255 255 255
3 1305 1306 1307 255 255 255 255
3 1308 1309 1310 255 255 255 255
3 1311 1312 1313 255 255 255 255
3 1314 1315 1316 255 255 255 255
3 1317 1318 1319 255 255 255 255
3 1320 1321 1322 255 255 255 255
3 1323 1324 1325 255 255 255 255
3 1326 1327 1328 255 255 255 255
3 1329 1330 1331 255 255 255 255
3 1332 1333 1334 255 255 255 255
3 1335 1336 1337 255 255 255 255
3 1338 1339 1340 255 255 255 255
3 1341 1342 1343 255 255 255 255
3 1344 1345 1346 255 255 255 255
3 1347 1348 1349 255 255 255 255
3 1350 1351 1352 255 255 255 255
3 1353 1354 1355 255 255 255 255
3 1356 1357 1358 255 255 255 255
3 1359 1360 1361 255 255 255 255
3 1362 1363 1364 255 255 255 255
3 1365 1366 1367 255 255 255 255
3 1368 1369 1370 255 255 255 255
3 1371 1372 1373 255 255 255 255
3 1374 1375 1376 255 255 255 255
3 1377 1378 1379 255 255 255 255
3 1380 1381 1382 255 255 255 255
3 1383 1384 1385 255 255 255 255
3 1386 1387 1388 255 255 255 255
3 1389 1390 1391 255 255 255 255
3 1392 1393 1394 255 255 255 255
3 1395 1396 1397 255 255 255 255
3 1398 1399 1400 255 255 255 255
3 1401 1402 1403 255 255 255 255
3 1404 1405 1406 255 255 255 255
3 1407 1408 1409 255 255 255 255
3 1410 1411 1412 255 255 255 255
3 1413 1414 1415 255 255 255 255
3 1416 1417 1418 255 255 255 255
3 1419 1420 1421 255 255 255 255
3 1422 1423 1424 255 255 255 255
3 1425 1426 1427 255 255 255 255
3 1428 1429 1430 255 255 255 255
3 1431 1432 1433 255 255 255 255
3 1434 1435 1436 255 255 255 255
3 1437 1438 1439 255 255 255 255
3 1440 1441 1442 255 255 255 255
3 1443 1444 1445 255 255 255 255
3 1446 1447 1448 255 255 255 255
3 1449 1450 1451 255 255 255 255
3 1452 1453 1454 255 255 255 255
3 1455 1456 1457 255 255 255 255
3 1458 1459 1460 255 255 255 255
3 1461 1462 1463 255 255 255 255
3 1464 1465 1466 255 255 255 255
3 1467 1468 1469 255 255 255 255
3 1470 1471 1472 255 255 255 255
3 1473 1474 1475 255 255 255 255
3 1476 1477 1478 255 255 255 255
3 1479 1480 1481 255 255 255 255
3 1482 1483 1484 255 255 255 255
3 1485 1486 1487 255 255 255 255
3 1488 1489 1490 255 255 255 255
3 1491 1492 1493 255 255 255 255
3 1494 1495 1496 255 255 255 255
3 1497 1498 1499 255 255 255 255
3 1500 1501 1502 255 255 255 255
3 1503 1504 1505 255 255 255 255
3 1506 1507 1508 255 255 255 255
3 1509 1510 1511 255 255 255 255
3 1512 1513 1514 255 255 255 255
3 1515 1516 1517 255 255 255 255
3 1518 1519 1520 255 255 255 255
3 1521 1522 1523 255 255 255 255
3 1524 1525 1526 255 255 255 255
3 1527 1528 1529 255 255 255 255
3 1530 1531 1532 255 255 255 255
3 1533 1534 1535 255 255 255 255
3 1536 1537 1538 255 255 255 255
3 1539 1540 1541 255 255 255 255
3 1542 1543 1544 255 255 255 255
3 1545 1546 1547 255 255 255 255
3 1548 1549 1550 255 255 255 255
3 1551 1552 1553 255 255 255 255
3 1554 1555 1556 255 255 255 255
3 1557 1558 1559 255 255 255 255
3 1560 1561 1562 255 255 255 255
3 1563 1564 1565 255 255 255 255
3 1566 1567 1568 255 255 255 255
3 1569 1570 1571 255 255 255 255
3 1572 1573 1574 255 255 255 255
3 1575 1576 1577 255 255 255 255
3 1578 1579 1580 255 255 255 255
3 1581 1582 1583 255 255 255 255
3 1584 1585 1586 255 255 255 255
3 1587 1588 1589 255 255 255 255
3 1590 1591 1592 255 255 255 255
3 1593 1594 1595 255 255 255 255
3 1596 1597 1598 255 255 255 255
3 1599 1600 1601 255 255 255 255
3 1602 1603 1604 255 255 255 255
3 1605 1606 1607 255 255 255 255
3 1608 1609 1610 255 255 255 255
3 1611 1612 1613 255 255 255 255
3 1614 1615 1616 255 255 255 255
3 1617 1618 1619 255 255 255 255
3 1620 1621 1622 255 255 255 255
3 1623 1624 1625 255 255 255 255
3 1626 1627 1628 255 255 255 255
3 1629 1630 1631 255 255 255 255
3 1632 1633 1634 255 255 255 255
3 1635 1636 1637 255 255 255 255
3 1638 1639 1640 255 255 255 255
3 1641 1642 1643 255 255 255 255
3 1644 1645 1646 255 255 255 255
3 1647 1648 1649 255 255 255 255
3 1650 1651 1652 255 255 255 255
3 1653 1654 1655 255 255 255 255
3 1656 1657 1658 255 255 255 255
3 1659 1660 1661 255 255 255 255
3 1662 1663 1664 255 255 255 255
3 1665 1666 1667 255 255 255 255
3 1668 1669 1670 255 255 255 255
3 1671 1672 1673 255 255 255 255
3 1674 1675 1676 255 255 255 255
3 1677 1678 1679 255 255 255 255
3 1680 1681 1682 255 255 255 255
3 1683 1684 1685 255 255 255 255
3 1686 1687 1688 255 255 255 255
3 1689 1690 1691 255 255 255 255
3 1692 1693 1694 255 255 255 255
3 1695 1696 1697 255 255 255 255
3 1698 1699 1700 255 255 255 255
3 1701 1702 1703 255 255 255 255
3 1704 1705 1706 255 255 255 255
3 1707 1708 1709 255 255 255 255
3 1710 1711 1712 255 255 255 255
3 1713 1714 1715 255 255 255 255
3 1716 1717 1718 255 255 255 255
3 1719 1720 1721 255 255 255 255
3 1722 1723 1724 255 255 255 255
3 1725 1726 1727 255 255 255 255
3 1728 1729 1730 255 255 255 255
3 1731 1732 1733 255 255 255 255
3 1734 1735 1736 255 255 255 255
3 1737 1738 1739 255 255 255 255
3 1740 1741 1742 255 255 255 255
3 1743 1744 1745 255 255 255 255
3 1746 1747 1748 255 255 255 255
3 1749 1750 1751 255 255 255 255
3 1752 1753 1754 255 255 255 255
3 1755 1756 1757 255 255 255 255
3 1758 1759 1760 255 255 255 255
3 1761 1762 1763 255 255 255 255
3 1764 1765 1766 255 255 255 255
3 1767 1768 1769 255 255 255 255
3 1770 1771 1772 255 255 255 255
3 1773 1774 1775 255 255 255 255
3 1776 1777 1778 255 255 255 255
3 1779 1780 1781 255 255 255 255
3 1782 1783 1784 255 255 255 255
3 1785 1786 1787 255 255 255 255
3 1788 1789 1790 255 255 255 255
3 1791 1792 1793 255 255 255 255
3 1794 1795 1796 255 255 255 255
3 1797 1798 1799 255 255 255 255
3 1800 1801 1802 255 255 255 255
3 1803 1804 1805 255 255 255 255
3 1806 1807 1808 255 255 255 255
3 1809 1810 1811 255 255 255 255
3 1812 1813 1814 255 255 255 255
3 1815 1816 1817 255 255 255 255
3 1818 1819 1820 255 255 255 255
3 1821 1822 1823 255 255 255 255
3 1824 1825 1826 255 255 255 255
3 1827 1828 1829 255 255 255 255
3 1830 1831 1832 255 255 255 255
3 1833 1834 1835 255 255 255 255
3 1836 1837 1838 255 255 255 255
3 1839 1840 1841 255 255 255 255
3 1842 1843 1844 255 255 255 255
3 1845 1846 1847 255 255 255 255
3 1848 1849 1850 255 255 255 255
3 1851 1852 1853 255 255 255 255
3 1854 1855 1856 255 255 255 255
3 1857 1858 1859 255 255 255 255
3 1860 1861 1862 255 255 255 255
3 1863 1864 1865 255 255 255 255
3 1866 1867 1868 255 255 255 255
3 1869 1870 1871 255 255 255 255
3 1872 1873 1874 255 255 255 255
3 1875 1876 1877 255 255 255 255
3 1878 1879 1880 255 255 255 255
3 1881 1882 1883 255 255 255 255
3 1884 1885 1886 255 255 255 255
3 1887 1888 1889 255 255 255 255
3 1890 1891 1892 255 255 255 255
3 1893 1894 1895 255 255 255 255
3 1896 1897 1898 255 255 255 255
3 1899 1900 1901 255 255 255 255
3 1902 1903 1904 255 255 255 255
3 1905 1906 1907 255 255 255 255
3 1908 1909 1910 255 255 255 255
3 1911 1912 1913 255 255 255 255
3 1914 1915 1916 255 255 255 255
3 1917 1918 1919 255 255 255 255
3 1920 1921 1922 255 255 255 255
3 1923 1924 1925 255 255 255 255
3 1926 1927 1928 255 255 255 255
3 1929 1930 1931 255 255 255 255
3 1932 1933 1934 255 255 255 255
3 1935 1936 1937 255 255 255 255
3 1938 1939 1940 255 255 255 255
3 1941 1942 1943 255 255 255 255
3 1944 1945 1946 255 255 255 255
3 1947 1948 1949 255 255 255 255
3 1950 1951 1952 255 255 255 255
3 1953 1954 1955 255 255 255 255
3 1956 1957 1958 255 255 255 255
3 1959 1960 1961 255 255 255 255
3 1962 1963 1964 255 255 255 255
3 1965 1966 1967 255 255 255 255
3 1968 1969 1970 255 255 255 255
3 1971 1972 1973 255 255 255 255
3 1974 1975 1976 255 255 255 255
3 1977 1978 1979 255 255 255 255
3 1980 1981 1982 255 255 255 255
3 1983 1984 1985 255 255 255 255
3 1986 1987 1988 255 255 255 255
3 1989 1990 1991 255 255 255 255
3 1992 1993 1994 255 255 255 255
3 1995 1996 1997 255 255 255 255
3 1998 1999 2000 255 255 255 255
3 2001 2002 2003 255 255 255 255
3 2004 2005 2006 255 255 255 255
3 2007 2008 2009 255 255 255 255
3 2010 2011 2012 255 255 255 255
3 2013 2014 2015 255 255 255 255
3 2016 2017 2018 255 255 255 255
3 2019 2020 2021 255 255 255 255
3 2022 2023 2024 255 255 255 255
3 2025 2026 2027 255 255 255 255
3 2028 2029 2030 255 255 255 255
3 2031 2032 2033 255 255 255 255
3 2034 2035 2036 255 255 255 255
3 2037 2038 2039 255 255 255 255
3 2040 2041 2042 255 255 255 255
3 2043 2044 2045 255 255 255 255
3 2046 2047 2048 255 255 255 255
3 2049 2050 2051 255 255 255 255
3 2052 2053 2054 255 255 255 255
3 2055 2056 2057 255 255 255 255
3 2058 2059 2060 255 255 255 255
3 2061 2062 2063 255 255 255 255
3 2064 2065 2066 255 255 255 255
3 2067 2068 2069 255 255 255 255
3 2070 2071 2072 255 255 255 255
3 2073 2074 2075 255 255 255 255
3 2076 2077 2078 255 255 255 255
3 2079 2080 2081 255 255 255 255
3 2082 2083 2084 255 255 255 255
3 2085 2086 2087 255 255 255 255
3 2088 2089 2090 255 255 255 255
3 2091 2092 2093 255 255 255 255
3 2094 2095 2096 255 255 255 255
3 2097 2098 2099 255 255 255 255
3 2100 2101 2102 255 255 255 255
3 2103 2104 2105 255 255 255 255
3 2106 2107 2108 255 255 255 255
3 2109 2110 2111 255 255 255 255
3 2112 2113 2114 255 255 255 255
3 2115 2116 2117 255 255 255 255
3 2118 2119 2120 255 255 255 255
3 2121 2122 2123 255 255 255 255
3 2124 2125 2126 255 255 255 255
3 2127 2128 2129 255 255 255 255
3 2130 2131 2132 255 255 255 255
3 2133 2134 2135 255 255 255 255
3 2136 2137 2138 255 255 255 255
3 2139 2140 2141 255 255 255 255
3 2142 2143 2144 255 255 255 255
3 2145 2146 2147 255 255 255 255
3 2148 2149 2150 255 255 255 255
3 2151 2152 2153 255 255 255 255
3 2154 2155 2156 255 255 255 255
3 2157 2158 2159 255 255 255 255
3 2160 2161 2162 255 255 255 255
3 2163 2164 2165 255 255 255 255
3 2166 2167 2168 255 255 255 255
3 2169 2170 2171 255 255 255 255
3 2172 2173 2174 255 255 255 255
3 2175 2176 2177 255 255 255 255
3 2178 2179 2180 255 255 255 255
3 2181 2182 2183 255 255 255 255
3 2184 2185 2186 255 255 255 255
3 2187 2188 2189 255 255 255 255
3 2190 2191 2192 255 255 255 255
3 2193 2194 2195 255 255 255 255
3 2196 2197 2198 255 255 255 255
3 2199 2200 2201 255 255 255 255
3 2202 2203 2204 255 255 255 255
3 2205 2206 2207 255 255 255 255
3 2208 2209 2210 255 255 255 255
3 2211 2212 2213 255 255 255 255
3 2214 2215 2216 255 255 255 255
3 2217 2218 2219 255 255 255 255
3 2220 2221 2222 255 255 255 255
3 2223 2224 2225 255 255 255 255
3 2226 2227 2228 255 255 255 255
3 2229 2230 2231 255 255 255 255
3 2232 2233 2234 255 255 255 255
3 2235 2236 2237 255 255 255 255
3 2238 2239 2240 255 255 255 255
3 2241 2242 2243 255 255 255 255
3 2244 2245 2246 255 255 255 255
3 2247 2248 2249 255 255 255 255
3 2250 2251 2252 255 255 255 255
3 2253 2254 2255 255 255 255 255
3 2256 2257 2258 255 255 255 255
3 2259 2260 2261 255 255 255 255
3 2262 2263 2264 255 255 255 255
3 2265 2266 2267 255 255 255 255
3 2268 2269 2270 255 255 255 255
3 2271 2272 2273 255 255 255 255
3 2274 2275 2276 255 255 255 255
3 2277 2278 2279 255 255 255 255
3 2280 2281 2282 255 255 255 255
3 2283 2284 2285 255 255 255 255
3 2286 2287 2288 255 255 255 255
3 2289 2290 2291 255 255 255 255
3 2292 2293 2294 255 255 255 255
3 2295 2296 2297 255 255 255 255
3 2298 2299 2300 255 255 255 255
3 2301 2302 2303 255 255 255 255
3 2304 2305 2306 255 255 255 255
3 2307 2308 2309 255 255 255 255
3 2310 2311 2312 255 255 255 255
3 2313 2314 2315 255 255 255 255
3 2316 2317 2318 255 255 255 255
3 2319 2320 2321 255 255 255 255
3 2322 2323 2324 255 255 255 255
3 2325 2326 2327 255 255 255 255
3 2328 2329 2330 255 255 255 255
3 2331 2332 2333 255 255 255 255
3 2334 2335 2336 255 255 255 255
3 2337 2338 2339 255 255 255 255
3 2340 2341 2342 255 255 255 255
3 2343 2344 2345 255 255 255 255
3 2346 2347 2348 255 255 255 255
3 2349 2350 2351 255 255 255 255
3 2352 2353 2354 255 255 255 255
3 2355 2356 2357 255 255 255 255
3 2358 2359 2360 255 255 255 255
3 2361 2362 2363 255 255 255 255
3 2364 2365 2366 255 255 255 255
3 2367 2368 2369 255 255 255 255
3 2370 2371 2372 255 255 255 255
3 2373 2374 2375 255 255 255 255
3 2376 2377 2378 255 255 255 255
3 2379 2380 2381 255 255 255 255
3 2382 2383 2384 255 255 255 255
3 2385 2386 2387 255 255 255 255
3 2388 2389 2390 255 255 255 255
3 2391 2392 2393 255 255 255 255
3 2394 2395 2396 255 255 255 255
3 2397 2398 2399 255 255 255 255
3 2400 2401 2402 255 255 255 255
3 2403 2404 2405 255 255 255 255
3 2406 2407 2408 255 255 255 255
3 2409 2410 2411 255 255 255 255
3 2412 2413 2414 255 255 255 255
3 2415 2416 2417 255 255 255 255
3 2418 2419 2420 255 255 255 255
3 2421 2422 2423 255 255 255 255
3 2424 2425 2426 255 255 255 255
3 2427 2428 2429 255 255 255 255
3 2430 2431 2432 255 255 255 255
3 2433 2434 2435 255 255 255 255
3 2436 2437 2438 255 255 255 255
3 2439 2440 2441 255 255 255 255
3 2442 2443 2444 255 255 255 255
3 2445 2446 2447 255 255 255 255
3 2448 2449 2450 255 255 255 255
3 2451 2452 2453 255 255 255 255
3 2454 2455 2456 255 255 255 255
3 2457 2458 2459 255 255 255 255
3 2460 2461 2462 255 255 255 255
3 2463 2464 2465 255 255 255 255
3 2466 2467 2468 255 255 255 255
3 2469 2470 2471 255 255 255 255
3 2472 2473 2474 255 255 255 255
3 2475 2476 2477 255 255 255 255
3 2478 2479 2480 255 255 255 255
3 2481 2482 2483 255 255 255 255
3 2484 2485 2486 255 255 255 255
3 2487 2488 2489 255 255 255 255
3 2490 2491 2492 255 255 255 255
3 2493 2494 2495 255 255 255 255
3 2496 2497 2498 255 255 255 255
3 2499 2500 2501 255 255 255 255
3 2502 2503 2504 255 255 255 255
3 2505 2506 2507 255 255 255 255
3 2508 2509 2510 255 255 255 255
3 2511 2512 2513 255 255 255 255
3 2514 2515 2516 255 255 255 255
3 2517 2518 2519 255 255 255 255
3 2520 2521 2522 255 255 255 255
3 2523 2524 2525 255 255 255 255
3 2526 2527 2528 255 255 255 255
3 2529 2530 2531 255 255 255 255
3 2532 2533 2534 255 255 255 255
3 2535 2536 2537 255 255 255 255
3 2538 2539 2540 255 255 255 255
3 2541 2542 2543 255 255 255 255
3 2544 2545 2546 255 255 255 255
3 2547 2548 2549 255 255 255 255
3 2550 2551 2552 255 255 255 255
3 2553 2554 2555 255 255 255 255
3 2556 2557 2558 255 255 255 255
3 2559 2560 2561 255 255 255 255
3 2562 2563 2564 255 255 255 255
3 2565 2566 2567 255 255 255 255
3 2568 2569 2570 255 255 255 255
3 2571 2572 2573 255 255 255 255
3 2574 2575 2576 255 255 255 255
3 2577 2578 2579 255 255 255 255
3 2580 2581 2582 255 255 255 255
3 2583 2584 2585 255 255 255 255
3 2586 2587 2588 255 255 255 255
3 2589 2590 2591 255 255 255 255
3 2592 2593 2594 255 255 255 255
3 2595 2596 2597 255 255 255 255
3 2598 2599 2600 255 255 255 255
3 2601 2602 2603 255 255 255 255
3 2604 2605 2606 255 255 255 255
3 2607 2608 2609 255 255 255 255
3 2610 2611 2612 255 255 255 255
3 2613 2614 2615 255 255 255 255
3 2616 2617 2618 255 255 255 255
3 2619 2620 2621 255 255 255 255
3 2622 2623 2624 255 255 255 255
3 2625 2626 2627 255 255 255 255
3 2628 2629 2630 255 255 255 255
3 2631 2632 2633 255 255 255 255
3 2634 2635 2636 255 255 255 255
3 2637 2638 2639 255 255 255 255
3 2640 2641 2642 255 255 255 255
3 2643 2644 2645 255 255 255 255
3 2646 2647 2648 255 255 255 255
3 2649 2650 2651 255 255 255 255
3 2652 2653 2654 255 255 255 255
3 2655 2656 2657 255 255 255 255
3 2658 2659 2660 255 255 255 255
3 2661 2662 2663 255 255 255 255
3 2664 2665 2666 255 255 255 255
3 2667 2668 2669 255 255 255 255
3 2670 2671 2672 255 255 255 255
3 2673 2674 2675 255 255 255 255
3 2676 2677 2678 255 255 255 255
3 2679 2680 2681 255 255 255 255
3 2682 2683 2684 255 255 255 255
3 2685 2686 2687 255 255 255 255
3 2688 2689 2690 255 255 255 255
3 2691 2692 2693 255 255 255 255
3 2694 2695 2696 255 255 255 255
3 2697 2698 2699 255 255 255 255
3 2700 2701 2702 255 255 255 255
3 2703 2704 2705 255 255 255 255
3 2706 2707 2708 255 255 255 255
3 2709 2710 2711 255 255 255 255
3 2712 2713 2714 255 255 255 255
3 2715 2716 2717 255 255 255 255
3 2718 2719 2720 255 255 255 255
3 2721 2722 2723 255 255 255 255
3 2724 2725 2726 255 255 255 255
3 2727 2728 2729 255 255 255 255
3 2730 2731 2732 255 255 255 255
3 2733 2734 2735 255 255 255 255
3 2736 2737 2738 255 255 255 255
3 2739 2740 2741 255 255 255 255
3 2742 2743 2744 255 255 255 255
3 2745 2746 2747 255 255 255 255
3 2748 2749 2750 255 255 255 255
3 2751 2752 2753 255 255 255 255
3 2754 2755 2756 255 255 255 255
3 2757 2758 2759 255 255 255 255
3 2760 2761 2762 255 255 255 255
3 2763 2764 2765 255 255 255 255
3 2766 2767 2768 255 255 255 255
3 2769 2770 2771 255 255 255 255
3 2772 2773 2774 255 255 255 255
3 2775 2776 2777 255 255 255 255
3 2778 2779 2780 255 255 255 255
3 2781 2782 2783 255 255 255 255
3 2784 2785 2786 255 255 255 255
3 2787 2788 2789 255 255 255 255
3 2790 2791 2792 255 255 255 255
3 2793 2794 2795 255 255 255 255
3 2796 2797 2798 255 255 255 255
3 2799 2800 2801 255 255 255 255
3 2802 2803 2804 255 255 255 255
3 2805 2806 2807 255 255 255 255
3 2808 2809 2810 255 255 255 255
3 2811 2812 2813 255 255 255 255
3 2814 2815 2816 255 255 255 255
3 2817 2818 2819 255 255 255 255
3 2820 2821 2822 255 255 255 255
3 2823 2824 2825 255 255 255 255
3 2826 2827 2828 255 255 255 255
3 2829 2830 2831 255 255 255 255
3 2832 2833 2834 255 255 255 255
3 2835 2836 2837 255 255 255 255
3 2838 2839 2840 255 255 255 255
3 2841 2842 2843 255 255 255 255
3 2844 2845 2846 255 255 255 255
3 2847 2848 2849 255 255 255 255
3 2850 2851 2852 255 255 255 255
3 2853 2854 2855 255 255 255 255
3 2856 2857 2858 255 255 255 255
3 2859 2860 2861 255 255 255 255
3 2862 2863 2864 255 255 255 255
3 2865 2866 2867 255 255 255 255
3 2868 2869 2870 255 255 255 255
3 2871 2872 2873 255 255 255 255
3 2874 2875 2876 255 255 255 255
3 2877 2878 2879 255 255 255 255
3 2880 2881 2882 255 255 255 255
3 2883 2884 2885 255 255 255 255
3 2886 2887 2888 255 255 255 255
3 2889 2890 2891 255 255 255 255
