solid base_shell
  facet normal 0.00000000 0.00000000 1.00000000
    outer loop
      vertex 0.00000000 0.00000000 0.19500000
      vertex 0.21000000 0.07000000 0.19500000
      vertex 0.20894319 0.08072997 0.19500000
    endloop
  endfacet
  facet normal 0.00000000 0.00000000 -1.00000000
    outer loop
      vertex 0.00000000 0.00000000 0.06500000
      vertex 0.23894319 0.10572997 0.06500000
      vertex 0.24000000 0.09500000 0.06500000
    endloop
  endfacet
  facet normal 0.96580922 0.09512391 0.24117211
    outer loop
      vertex 0.21000000 0.07000000 0.19500000
      vertex 0.24000000 0.09500000 0.06500000
      vertex 0.23894319 0.10572997 0.06500000
    endloop
  endfacet
  facet normal 0.96580922 0.09512391 0.24117211
    outer loop
      vertex 0.21000000 0.07000000 0.19500000
      vertex 0.23894319 0.10572997 0.06500000
      vertex 0.20894319 0.08072997 0.19500000
    endloop
  endfacet
  facet normal 0.00000000 0.00000000 1.00000000
    outer loop
      vertex 0.00000000 0.00000000 0.19500000
      vertex 0.20894319 0.08072997 0.19500000
      vertex 0.20581337 0.09104759 0.19500000
    endloop
  endfacet
  facet normal 0.00000000 0.00000000 -1.00000000
    outer loop
      vertex 0.00000000 0.00000000 0.06500000
      vertex 0.23581337 0.11604759 0.06500000
      vertex 0.23894319 0.10572997 0.06500000
    endloop
  endfacet
  facet normal 0.92229537 0.27977524 0.26664032
    outer loop
      vertex 0.20894319 0.08072997 0.19500000
      vertex 0.23894319 0.10572997 0.06500000
      vertex 0.23581337 0.11604759 0.06500000
    endloop
  endfacet
  facet normal 0.92229537 0.27977524 0.26664032
    outer loop
      vertex 0.20894319 0.08072997 0.19500000
      vertex 0.23581337 0.11604759 0.06500000
      vertex 0.20581337 0.09104759 0.19500000
    endloop
  endfacet
  facet normal 0.00000000 0.00000000 1.00000000
    outer loop
      vertex 0.00000000 0.00000000 0.19500000
      vertex 0.20581337 0.09104759 0.19500000
      vertex 0.20073083 0.10055636 0.19500000
    endloop
  endfacet
  facet normal 0.00000000 0.00000000 -1.00000000
    outer loop
      vertex 0.00000000 0.00000000 0.06500000
      vertex 0.23073083 0.12555636 0.06500000
      vertex 0.23581337 0.11604759 0.06500000
    endloop
  endfacet
  facet normal 0.84607204 0.45223493 0.28221565
    outer loop
      vertex 0.20581337 0.09104759 0.19500000
      vertex 0.23581337 0.11604759 0.06500000
      vertex 0.23073083 0.12555636 0.06500000
    endloop
  endfacet
  facet normal 0.84607204 0.45223493 0.28221565
    outer loop
      vertex 0.20581337 0.09104759 0.19500000
      vertex 0.23073083 0.12555636 0.06500000
      vertex 0.20073083 0.10055636 0.19500000
    endloop
  endfacet
  facet normal 0.00000000 0.00000000 1.00000000
    outer loop
      vertex 0.00000000 0.00000000 0.19500000
      vertex 0.20073083 0.10055636 0.19500000
      vertex 0.19389087 0.10889087 0.19500000
    endloop
  endfacet
  facet normal 0.00000000 0.00000000 -1.00000000
    outer loop
      vertex 0.00000000 0.00000000 0.06500000
      vertex 0.22389087 0.13389087 0.06500000
      vertex 0.23073083 0.12555636 0.06500000
    endloop
  endfacet
  facet normal 0.74033109 0.60757402 0.28768679
    outer loop
      vertex 0.20073083 0.10055636 0.19500000
      vertex 0.23073083 0.12555636 0.06500000
      vertex 0.22389087 0.13389087 0.06500000
    endloop
  endfacet
  facet normal 0.74033109 0.60757402 0.28768679
    outer loop
      vertex 0.20073083 0.10055636 0.19500000
      vertex 0.22389087 0.13389087 0.06500000
      vertex 0.19389087 0.10889087 0.19500000
    endloop
  endfacet
  facet normal 0.00000000 0.00000000 1.00000000
    outer loop
      vertex 0.00000000 0.00000000 0.19500000
      vertex 0.19389087 0.10889087 0.19500000
      vertex 0.18555636 0.11573083 0.19500000
    endloop
  endfacet
  facet normal 0.00000000 0.00000000 -1.00000000
    outer loop
      vertex 0.00000000 0.00000000 0.06500000
      vertex 0.21555636 0.14073083 0.06500000
      vertex 0.22389087 0.13389087 0.06500000
    endloop
  endfacet
  facet normal 0.60846053 0.74141130 0.28299306
    outer loop
      vertex 0.19389087 0.10889087 0.19500000
      vertex 0.22389087 0.13389087 0.06500000
      vertex 0.21555636 0.14073083 0.06500000
    endloop
  endfacet
  facet normal 0.60846053 0.74141130 0.28299306
    outer loop
      vertex 0.19389087 0.10889087 0.19500000
      vertex 0.21555636 0.14073083 0.06500000
      vertex 0.18555636 0.11573083 0.19500000
    endloop
  endfacet
  facet normal 0.00000000 0.00000000 1.00000000
    outer loop
      vertex 0.00000000 0.00000000 0.19500000
      vertex 0.18555636 0.11573083 0.19500000
      vertex 0.17604759 0.12081337 0.19500000
    endloop
  endfacet
  facet normal 0.00000000 0.00000000 -1.00000000
    outer loop
      vertex 0.00000000 0.00000000 0.06500000
      vertex 0.20604759 0.14581337 0.06500000
      vertex 0.21555636 0.14073083 0.06500000
    endloop
  endfacet
  facet normal 0.45412812 0.84961395 0.26818610
    outer loop
      vertex 0.18555636 0.11573083 0.19500000
      vertex 0.21555636 0.14073083 0.06500000
      vertex 0.20604759 0.14581337 0.06500000
    endloop
  endfacet
  facet normal 0.45412812 0.84961395 0.26818610
    outer loop
      vertex 0.18555636 0.11573083 0.19500000
      vertex 0.20604759 0.14581337 0.06500000
      vertex 0.17604759 0.12081337 0.19500000
    endloop
  endfacet
  facet normal 0.00000000 0.00000000 1.00000000
    outer loop
      vertex 0.00000000 0.00000000 0.19500000
      vertex 0.17604759 0.12081337 0.19500000
      vertex 0.16572997 0.12394319 0.19500000
    endloop
  endfacet
  facet normal 0.00000000 0.00000000 -1.00000000
    outer loop
      vertex 0.00000000 0.00000000 0.06500000
      vertex 0.19572997 0.14894319 0.06500000
      vertex 0.20604759 0.14581337 0.06500000
    endloop
  endfacet
  facet normal 0.28155008 0.92814624 0.24346276
    outer loop
      vertex 0.17604759 0.12081337 0.19500000
      vertex 0.20604759 0.14581337 0.06500000
      vertex 0.19572997 0.14894319 0.06500000
    endloop
  endfacet
  facet normal 0.28155008 0.92814624 0.24346276
    outer loop
      vertex 0.17604759 0.12081337 0.19500000
      vertex 0.19572997 0.14894319 0.06500000
      vertex 0.16572997 0.12394319 0.19500000
    endloop
  endfacet
  facet normal 0.00000000 0.00000000 1.00000000
    outer loop
      vertex 0.00000000 0.00000000 0.19500000
      vertex 0.16572997 0.12394319 0.19500000
      vertex 0.15500000 0.12500000 0.19500000
    endloop
  endfacet
  facet normal 0.00000000 0.00000000 -1.00000000
    outer loop
      vertex 0.00000000 0.00000000 0.06500000
      vertex 0.18500000 0.15000000 0.06500000
      vertex 0.19572997 0.14894319 0.06500000
    endloop
  endfacet
  facet normal 0.09584698 0.97315075 0.20926291
    outer loop
      vertex 0.16572997 0.12394319 0.19500000
      vertex 0.19572997 0.14894319 0.06500000
      vertex 0.18500000 0.15000000 0.06500000
    endloop
  endfacet
  facet normal 0.09584698 0.97315075 0.20926291
    outer loop
      vertex 0.16572997 0.12394319 0.19500000
      vertex 0.18500000 0.15000000 0.06500000
      vertex 0.15500000 0.12500000 0.19500000
    endloop
  endfacet
  facet normal 0.00000000 -0.00000000 1.00000000
    outer loop
      vertex 0.00000000 0.00000000 0.19500000
      vertex 0.15500000 0.12500000 0.19500000
      vertex -0.15500000 0.12500000 0.19500000
    endloop
  endfacet
  facet normal 0.00000000 0.00000000 -1.00000000
    outer loop
      vertex 0.00000000 0.00000000 0.06500000
      vertex -0.18500000 0.15000000 0.06500000
      vertex 0.18500000 0.15000000 0.06500000
    endloop
  endfacet
  facet normal 0.00000000 0.98200645 0.18884739
    outer loop
      vertex 0.15500000 0.12500000 0.19500000
      vertex 0.18500000 0.15000000 0.06500000
      vertex -0.18500000 0.15000000 0.06500000
    endloop
  endfacet
  facet normal 0.00000000 0.98200645 0.18884739
    outer loop
      vertex 0.15500000 0.12500000 0.19500000
      vertex -0.18500000 0.15000000 0.06500000
      vertex -0.15500000 0.12500000 0.19500000
    endloop
  endfacet
  facet normal 0.00000000 0.00000000 1.00000000
    outer loop
      vertex 0.00000000 0.00000000 0.19500000
      vertex -0.15500000 0.12500000 0.19500000
      vertex -0.16572997 0.12394319 0.19500000
    endloop
  endfacet
  facet normal 0.00000000 0.00000000 -1.00000000
    outer loop
      vertex 0.00000000 0.00000000 0.06500000
      vertex -0.19572997 0.14894319 0.06500000
      vertex -0.18500000 0.15000000 0.06500000
    endloop
  endfacet
  facet normal -0.09584698 0.97315075 0.20926291
    outer loop
      vertex -0.15500000 0.12500000 0.19500000
      vertex -0.18500000 0.15000000 0.06500000
      vertex -0.19572997 0.14894319 0.06500000
    endloop
  endfacet
  facet normal -0.09584698 0.97315075 0.20926291
    outer loop
      vertex -0.15500000 0.12500000 0.19500000
      vertex -0.19572997 0.14894319 0.06500000
      vertex -0.16572997 0.12394319 0.19500000
    endloop
  endfacet
  facet normal 0.00000000 0.00000000 1.00000000
    outer loop
      vertex 0.00000000 0.00000000 0.19500000
      vertex -0.16572997 0.12394319 0.19500000
      vertex -0.17604759 0.12081337 0.19500000
    endloop
  endfacet
  facet normal 0.00000000 0.00000000 -1.00000000
    outer loop
      vertex 0.00000000 0.00000000 0.06500000
      vertex -0.20604759 0.14581337 0.06500000
      vertex -0.19572997 0.14894319 0.06500000
    endloop
  endfacet
  facet normal -0.28155008 0.92814624 0.24346276
    outer loop
      vertex -0.16572997 0.12394319 0.19500000
      vertex -0.19572997 0.14894319 0.06500000
      vertex -0.20604759 0.14581337 0.06500000
    endloop
  endfacet
  facet normal -0.28155008 0.92814624 0.24346276
    outer loop
      vertex -0.16572997 0.12394319 0.19500000
      vertex -0.20604759 0.14581337 0.06500000
      vertex -0.17604759 0.12081337 0.19500000
    endloop
  endfacet
  facet normal 0.00000000 0.00000000 1.00000000
    outer loop
      vertex 0.00000000 0.00000000 0.19500000
      vertex -0.17604759 0.12081337 0.19500000
      vertex -0.18555636 0.11573083 0.19500000
    endloop
  endfacet
  facet normal 0.00000000 0.00000000 -1.00000000
    outer loop
      vertex 0.00000000 0.00000000 0.06500000
      vertex -0.21555636 0.14073083 0.06500000
      vertex -0.20604759 0.14581337 0.06500000
    endloop
  endfacet
  facet normal -0.45412812 0.84961395 0.26818610
    outer loop
      vertex -0.17604759 0.12081337 0.19500000
      vertex -0.20604759 0.14581337 0.06500000
      vertex -0.21555636 0.14073083 0.06500000
    endloop
  endfacet
  facet normal -0.45412812 0.84961395 0.26818610
    outer loop
      vertex -0.17604759 0.12081337 0.19500000
      vertex -0.21555636 0.14073083 0.06500000
      vertex -0.18555636 0.11573083 0.19500000
    endloop
  endfacet
  facet normal 0.00000000 0.00000000 1.00000000
    outer loop
      vertex 0.00000000 0.00000000 0.19500000
      vertex -0.18555636 0.11573083 0.19500000
      vertex -0.19389087 0.10889087 0.19500000
    endloop
  endfacet
  facet normal 0.00000000 0.00000000 -1.00000000
    outer loop
      vertex 0.00000000 0.00000000 0.06500000
      vertex -0.22389087 0.13389087 0.06500000
      vertex -0.21555636 0.14073083 0.06500000
    endloop
  endfacet
  facet normal -0.60846053 0.74141130 0.28299306
    outer loop
      vertex -0.18555636 0.11573083 0.19500000
      vertex -0.21555636 0.14073083 0.06500000
      vertex -0.22389087 0.13389087 0.06500000
    endloop
  endfacet
  facet normal -0.60846053 0.74141130 0.28299306
    outer loop
      vertex -0.18555636 0.11573083 0.19500000
      vertex -0.22389087 0.13389087 0.06500000
      vertex -0.19389087 0.10889087 0.19500000
    endloop
  endfacet
  facet normal 0.00000000 0.00000000 1.00000000
    outer loop
      vertex 0.00000000 0.00000000 0.19500000
      vertex -0.19389087 0.10889087 0.19500000
      vertex -0.20073083 0.10055636 0.19500000
    endloop
  endfacet
  facet normal 0.00000000 0.00000000 -1.00000000
    outer loop
      vertex 0.00000000 0.00000000 0.06500000
      vertex -0.23073083 0.12555636 0.06500000
      vertex -0.22389087 0.13389087 0.06500000
    endloop
  endfacet
  facet normal -0.74033109 0.60757402 0.28768679
    outer loop
      vertex -0.19389087 0.10889087 0.19500000
      vertex -0.22389087 0.13389087 0.06500000
      vertex -0.23073083 0.12555636 0.06500000
    endloop
  endfacet
  facet normal -0.74033109 0.60757402 0.28768679
    outer loop
      vertex -0.19389087 0.10889087 0.19500000
      vertex -0.23073083 0.12555636 0.06500000
      vertex -0.20073083 0.10055636 0.19500000
    endloop
  endfacet
  facet normal 0.00000000 0.00000000 1.00000000
    outer loop
      vertex 0.00000000 0.00000000 0.19500000
      vertex -0.20073083 0.10055636 0.19500000
      vertex -0.20581337 0.09104759 0.19500000
    endloop
  endfacet
  facet normal 0.00000000 0.00000000 -1.00000000
    outer loop
      vertex 0.00000000 0.00000000 0.06500000
      vertex -0.23581337 0.11604759 0.06500000
      vertex -0.23073083 0.12555636 0.06500000
    endloop
  endfacet
  facet normal -0.84607204 0.45223493 0.28221565
    outer loop
      vertex -0.20073083 0.10055636 0.19500000
      vertex -0.23073083 0.12555636 0.06500000
      vertex -0.23581337 0.11604759 0.06500000
    endloop
  endfacet
  facet normal -0.84607204 0.45223493 0.28221565
    outer loop
      vertex -0.20073083 0.10055636 0.19500000
      vertex -0.23581337 0.11604759 0.06500000
      vertex -0.20581337 0.09104759 0.19500000
    endloop
  endfacet
  facet normal 0.00000000 0.00000000 1.00000000
    outer loop
      vertex 0.00000000 0.00000000 0.19500000
      vertex -0.20581337 0.09104759 0.19500000
      vertex -0.20894319 0.08072997 0.19500000
    endloop
  endfacet
  facet normal 0.00000000 0.00000000 -1.00000000
    outer loop
      vertex 0.00000000 0.00000000 0.06500000
      vertex -0.23894319 0.10572997 0.06500000
      vertex -0.23581337 0.11604759 0.06500000
    endloop
  endfacet
  facet normal -0.92229537 0.27977524 0.26664032
    outer loop
      vertex -0.20581337 0.09104759 0.19500000
      vertex -0.23581337 0.11604759 0.06500000
      vertex -0.23894319 0.10572997 0.06500000
    endloop
  endfacet
  facet normal -0.92229537 0.27977524 0.26664032
    outer loop
      vertex -0.20581337 0.09104759 0.19500000
      vertex -0.23894319 0.10572997 0.06500000
      vertex -0.20894319 0.08072997 0.19500000
    endloop
  endfacet
  facet normal 0.00000000 0.00000000 1.00000000
    outer loop
      vertex 0.00000000 0.00000000 0.19500000
      vertex -0.20894319 0.08072997 0.19500000
      vertex -0.21000000 0.07000000 0.19500000
    endloop
  endfacet
  facet normal 0.00000000 0.00000000 -1.00000000
    outer loop
      vertex 0.00000000 0.00000000 0.06500000
      vertex -0.24000000 0.09500000 0.06500000
      vertex -0.23894319 0.10572997 0.06500000
    endloop
  endfacet
  facet normal -0.96580922 0.09512391 0.24117211
    outer loop
      vertex -0.20894319 0.08072997 0.19500000
      vertex -0.23894319 0.10572997 0.06500000
      vertex -0.24000000 0.09500000 0.06500000
    endloop
  endfacet
  facet normal -0.96580922 0.09512391 0.24117211
    outer loop
      vertex -0.20894319 0.08072997 0.19500000
      vertex -0.24000000 0.09500000 0.06500000
      vertex -0.21000000 0.07000000 0.19500000
    endloop
  endfacet
  facet normal 0.00000000 0.00000000 1.00000000
    outer loop
      vertex 0.00000000 0.00000000 0.19500000
      vertex -0.21000000 0.07000000 0.19500000
      vertex -0.21000000 -0.07000000 0.19500000
    endloop
  endfacet
  facet normal -0.00000000 0.00000000 -1.00000000
    outer loop
      vertex 0.00000000 0.00000000 0.06500000
      vertex -0.24000000 -0.09500000 0.06500000
      vertex -0.24000000 0.09500000 0.06500000
    endloop
  endfacet
  facet normal -0.97439120 0.00000000 0.22485951
    outer loop
      vertex -0.21000000 0.07000000 0.19500000
      vertex -0.24000000 0.09500000 0.06500000
      vertex -0.24000000 -0.09500000 0.06500000
    endloop
  endfacet
  facet normal -0.97439120 0.00000000 0.22485951
    outer loop
      vertex -0.21000000 0.07000000 0.19500000
      vertex -0.24000000 -0.09500000 0.06500000
      vertex -0.21000000 -0.07000000 0.19500000
    endloop
  endfacet
  facet normal 0.00000000 0.00000000 1.00000000
    outer loop
      vertex 0.00000000 0.00000000 0.19500000
      vertex -0.21000000 -0.07000000 0.19500000
      vertex -0.20894319 -0.08072997 0.19500000
    endloop
  endfacet
  facet normal 0.00000000 0.00000000 -1.00000000
    outer loop
      vertex 0.00000000 0.00000000 0.06500000
      vertex -0.23894319 -0.10572997 0.06500000
      vertex -0.24000000 -0.09500000 0.06500000
    endloop
  endfacet
  facet normal -0.96580922 -0.09512391 0.24117211
    outer loop
      vertex -0.21000000 -0.07000000 0.19500000
      vertex -0.24000000 -0.09500000 0.06500000
      vertex -0.23894319 -0.10572997 0.06500000
    endloop
  endfacet
  facet normal -0.96580922 -0.09512391 0.24117211
    outer loop
      vertex -0.21000000 -0.07000000 0.19500000
      vertex -0.23894319 -0.10572997 0.06500000
      vertex -0.20894319 -0.08072997 0.19500000
    endloop
  endfacet
  facet normal 0.00000000 0.00000000 1.00000000
    outer loop
      vertex 0.00000000 0.00000000 0.19500000
      vertex -0.20894319 -0.08072997 0.19500000
      vertex -0.20581337 -0.09104759 0.19500000
    endloop
  endfacet
  facet normal 0.00000000 0.00000000 -1.00000000
    outer loop
      vertex 0.00000000 0.00000000 0.06500000
      vertex -0.23581337 -0.11604759 0.06500000
      vertex -0.23894319 -0.10572997 0.06500000
    endloop
  endfacet
  facet normal -0.92229537 -0.27977524 0.26664032
    outer loop
      vertex -0.20894319 -0.08072997 0.19500000
      vertex -0.23894319 -0.10572997 0.06500000
      vertex -0.23581337 -0.11604759 0.06500000
    endloop
  endfacet
  facet normal -0.92229537 -0.27977524 0.26664032
    outer loop
      vertex -0.20894319 -0.08072997 0.19500000
      vertex -0.23581337 -0.11604759 0.06500000
      vertex -0.20581337 -0.09104759 0.19500000
    endloop
  endfacet
  facet normal 0.00000000 0.00000000 1.00000000
    outer loop
      vertex 0.00000000 0.00000000 0.19500000
      vertex -0.20581337 -0.09104759 0.19500000
      vertex -0.20073083 -0.10055636 0.19500000
    endloop
  endfacet
  facet normal 0.00000000 0.00000000 -1.00000000
    outer loop
      vertex 0.00000000 0.00000000 0.06500000
      vertex -0.23073083 -0.12555636 0.06500000
      vertex -0.23581337 -0.11604759 0.06500000
    endloop
  endfacet
  facet normal -0.84607204 -0.45223493 0.28221565
    outer loop
      vertex -0.20581337 -0.09104759 0.19500000
      vertex -0.23581337 -0.11604759 0.06500000
      vertex -0.23073083 -0.12555636 0.06500000
    endloop
  endfacet
  facet normal -0.84607204 -0.45223493 0.28221565
    outer loop
      vertex -0.20581337 -0.09104759 0.19500000
      vertex -0.23073083 -0.12555636 0.06500000
      vertex -0.20073083 -0.10055636 0.19500000
    endloop
  endfacet
  facet normal 0.00000000 0.00000000 1.00000000
    outer loop
      vertex 0.00000000 0.00000000 0.19500000
      vertex -0.20073083 -0.10055636 0.19500000
      vertex -0.19389087 -0.10889087 0.19500000
    endloop
  endfacet
  facet normal 0.00000000 0.00000000 -1.00000000
    outer loop
      vertex 0.00000000 0.00000000 0.06500000
      vertex -0.22389087 -0.13389087 0.06500000
      vertex -0.23073083 -0.12555636 0.06500000
    endloop
  endfacet
  facet normal -0.74033109 -0.60757402 0.28768679
    outer loop
      vertex -0.20073083 -0.10055636 0.19500000
      vertex -0.23073083 -0.12555636 0.06500000
      vertex -0.22389087 -0.13389087 0.06500000
    endloop
  endfacet
  facet normal -0.74033109 -0.60757402 0.28768679
    outer loop
      vertex -0.20073083 -0.10055636 0.19500000
      vertex -0.22389087 -0.13389087 0.06500000
      vertex -0.19389087 -0.10889087 0.19500000
    endloop
  endfacet
  facet normal 0.00000000 0.00000000 1.00000000
    outer loop
      vertex 0.00000000 0.00000000 0.19500000
      vertex -0.19389087 -0.10889087 0.19500000
      vertex -0.18555636 -0.11573083 0.19500000
    endloop
  endfacet
  facet normal 0.00000000 0.00000000 -1.00000000
    outer loop
      vertex 0.00000000 0.00000000 0.06500000
      vertex -0.21555636 -0.14073083 0.06500000
      vertex -0.22389087 -0.13389087 0.06500000
    endloop
  endfacet
  facet normal -0.60846053 -0.74141130 0.28299306
    outer loop
      vertex -0.19389087 -0.10889087 0.19500000
      vertex -0.22389087 -0.13389087 0.06500000
      vertex -0.21555636 -0.14073083 0.06500000
    endloop
  endfacet
  facet normal -0.60846053 -0.74141130 0.28299306
    outer loop
      vertex -0.19389087 -0.10889087 0.19500000
      vertex -0.21555636 -0.14073083 0.06500000
      vertex -0.18555636 -0.11573083 0.19500000
    endloop
  endfacet
  facet normal 0.00000000 0.00000000 1.00000000
    outer loop
      vertex 0.00000000 0.00000000 0.19500000
      vertex -0.18555636 -0.11573083 0.19500000
      vertex -0.17604759 -0.12081337 0.19500000
    endloop
  endfacet
  facet normal 0.00000000 0.00000000 -1.00000000
    outer loop
      vertex 0.00000000 0.00000000 0.06500000
      vertex -0.20604759 -0.14581337 0.06500000
      vertex -0.21555636 -0.14073083 0.06500000
    endloop
  endfacet
  facet normal -0.45412812 -0.84961395 0.26818610
    outer loop
      vertex -0.18555636 -0.11573083 0.19500000
      vertex -0.21555636 -0.14073083 0.06500000
      vertex -0.20604759 -0.14581337 0.06500000
    endloop
  endfacet
  facet normal -0.45412812 -0.84961395 0.26818610
    outer loop
      vertex -0.18555636 -0.11573083 0.19500000
      vertex -0.20604759 -0.14581337 0.06500000
      vertex -0.17604759 -0.12081337 0.19500000
    endloop
  endfacet
  facet normal 0.00000000 0.00000000 1.00000000
    outer loop
      vertex 0.00000000 0.00000000 0.19500000
      vertex -0.17604759 -0.12081337 0.19500000
      vertex -0.16572997 -0.12394319 0.19500000
    endloop
  endfacet
  facet normal 0.00000000 0.00000000 -1.00000000
    outer loop
      vertex 0.00000000 0.00000000 0.06500000
      vertex -0.19572997 -0.14894319 0.06500000
      vertex -0.20604759 -0.14581337 0.06500000
    endloop
  endfacet
  facet normal -0.28155008 -0.92814624 0.24346276
    outer loop
      vertex -0.17604759 -0.12081337 0.19500000
      vertex -0.20604759 -0.14581337 0.06500000
      vertex -0.19572997 -0.14894319 0.06500000
    endloop
  endfacet
  facet normal -0.28155008 -0.92814624 0.24346276
    outer loop
      vertex -0.17604759 -0.12081337 0.19500000
      vertex -0.19572997 -0.14894319 0.06500000
      vertex -0.16572997 -0.12394319 0.19500000
    endloop
  endfacet
  facet normal 0.00000000 0.00000000 1.00000000
    outer loop
      vertex 0.00000000 0.00000000 0.19500000
      vertex -0.16572997 -0.12394319 0.19500000
      vertex -0.15500000 -0.12500000 0.19500000
    endloop
  endfacet
  facet normal 0.00000000 0.00000000 -1.00000000
    outer loop
      vertex 0.00000000 0.00000000 0.06500000
      vertex -0.18500000 -0.15000000 0.06500000
      vertex -0.19572997 -0.14894319 0.06500000
    endloop
  endfacet
  facet normal -0.09584698 -0.97315075 0.20926291
    outer loop
      vertex -0.16572997 -0.12394319 0.19500000
      vertex -0.19572997 -0.14894319 0.06500000
      vertex -0.18500000 -0.15000000 0.06500000
    endloop
  endfacet
  facet normal -0.09584698 -0.97315075 0.20926291
    outer loop
      vertex -0.16572997 -0.12394319 0.19500000
      vertex -0.18500000 -0.15000000 0.06500000
      vertex -0.15500000 -0.12500000 0.19500000
    endloop
  endfacet
  facet normal 0.00000000 0.00000000 1.00000000
    outer loop
      vertex 0.00000000 0.00000000 0.19500000
      vertex -0.15500000 -0.12500000 0.19500000
      vertex 0.15500000 -0.12500000 0.19500000
    endloop
  endfacet
  facet normal 0.00000000 -0.00000000 -1.00000000
    outer loop
      vertex 0.00000000 0.00000000 0.06500000
      vertex 0.18500000 -0.15000000 0.06500000
      vertex -0.18500000 -0.15000000 0.06500000
    endloop
  endfacet
  facet normal 0.00000000 -0.98200645 0.18884739
    outer loop
      vertex -0.15500000 -0.12500000 0.19500000
      vertex -0.18500000 -0.15000000 0.06500000
      vertex 0.18500000 -0.15000000 0.06500000
    endloop
  endfacet
  facet normal 0.00000000 -0.98200645 0.18884739
    outer loop
      vertex -0.15500000 -0.12500000 0.19500000
      vertex 0.18500000 -0.15000000 0.06500000
      vertex 0.15500000 -0.12500000 0.19500000
    endloop
  endfacet
  facet normal 0.00000000 0.00000000 1.00000000
    outer loop
      vertex 0.00000000 0.00000000 0.19500000
      vertex 0.15500000 -0.12500000 0.19500000
      vertex 0.16572997 -0.12394319 0.19500000
    endloop
  endfacet
  facet normal 0.00000000 0.00000000 -1.00000000
    outer loop
      vertex 0.00000000 0.00000000 0.06500000
      vertex 0.19572997 -0.14894319 0.06500000
      vertex 0.18500000 -0.15000000 0.06500000
    endloop
  endfacet
  facet normal 0.09584698 -0.97315075 0.20926291
    outer loop
      vertex 0.15500000 -0.12500000 0.19500000
      vertex 0.18500000 -0.15000000 0.06500000
      vertex 0.19572997 -0.14894319 0.06500000
    endloop
  endfacet
  facet normal 0.09584698 -0.97315075 0.20926291
    outer loop
      vertex 0.15500000 -0.12500000 0.19500000
      vertex 0.19572997 -0.14894319 0.06500000
      vertex 0.16572997 -0.12394319 0.19500000
    endloop
  endfacet
  facet normal 0.00000000 0.00000000 1.00000000
    outer loop
      vertex 0.00000000 0.00000000 0.19500000
      vertex 0.16572997 -0.12394319 0.19500000
      vertex 0.17604759 -0.12081337 0.19500000
    endloop
  endfacet
  facet normal 0.00000000 0.00000000 -1.00000000
    outer loop
      vertex 0.00000000 0.00000000 0.06500000
      vertex 0.20604759 -0.14581337 0.06500000
      vertex 0.19572997 -0.14894319 0.06500000
    endloop
  endfacet
  facet normal 0.28155008 -0.92814624 0.24346276
    outer loop
      vertex 0.16572997 -0.12394319 0.19500000
      vertex 0.19572997 -0.14894319 0.06500000
      vertex 0.20604759 -0.14581337 0.06500000
    endloop
  endfacet
  facet normal 0.28155008 -0.92814624 0.24346276
    outer loop
      vertex 0.16572997 -0.12394319 0.19500000
      vertex 0.20604759 -0.14581337 0.06500000
      vertex 0.17604759 -0.12081337 0.19500000
    endloop
  endfacet
  facet normal 0.00000000 0.00000000 1.00000000
    outer loop
      vertex 0.00000000 0.00000000 0.19500000
      vertex 0.17604759 -0.12081337 0.19500000
      vertex 0.18555636 -0.11573083 0.19500000
    endloop
  endfacet
  facet normal 0.00000000 0.00000000 -1.00000000
    outer loop
      vertex 0.00000000 0.00000000 0.06500000
      vertex 0.21555636 -0.14073083 0.06500000
      vertex 0.20604759 -0.14581337 0.06500000
    endloop
  endfacet
  facet normal 0.45412812 -0.84961395 0.26818610
    outer loop
      vertex 0.17604759 -0.12081337 0.19500000
      vertex 0.20604759 -0.14581337 0.06500000
      vertex 0.21555636 -0.14073083 0.06500000
    endloop
  endfacet
  facet normal 0.45412812 -0.84961395 0.26818610
    outer loop
      vertex 0.17604759 -0.12081337 0.19500000
      vertex 0.21555636 -0.14073083 0.06500000
      vertex 0.18555636 -0.11573083 0.19500000
    endloop
  endfacet
  facet normal 0.00000000 0.00000000 1.00000000
    outer loop
      vertex 0.00000000 0.00000000 0.19500000
      vertex 0.18555636 -0.11573083 0.19500000
      vertex 0.19389087 -0.10889087 0.19500000
    endloop
  endfacet
  facet normal 0.00000000 0.00000000 -1.00000000
    outer loop
      vertex 0.00000000 0.00000000 0.06500000
      vertex 0.22389087 -0.13389087 0.06500000
      vertex 0.21555636 -0.14073083 0.06500000
    endloop
  endfacet
  facet normal 0.60846053 -0.74141130 0.28299306
    outer loop
      vertex 0.18555636 -0.11573083 0.19500000
      vertex 0.21555636 -0.14073083 0.06500000
      vertex 0.22389087 -0.13389087 0.06500000
    endloop
  endfacet
  facet normal 0.60846053 -0.74141130 0.28299306
    outer loop
      vertex 0.18555636 -0.11573083 0.19500000
      vertex 0.22389087 -0.13389087 0.06500000
      vertex 0.19389087 -0.10889087 0.19500000
    endloop
  endfacet
  facet normal 0.00000000 0.00000000 1.00000000
    outer loop
      vertex 0.00000000 0.00000000 0.19500000
      vertex 0.19389087 -0.10889087 0.19500000
      vertex 0.20073083 -0.10055636 0.19500000
    endloop
  endfacet
  facet normal 0.00000000 0.00000000 -1.00000000
    outer loop
      vertex 0.00000000 0.00000000 0.06500000
      vertex 0.23073083 -0.12555636 0.06500000
      vertex 0.22389087 -0.13389087 0.06500000
    endloop
  endfacet
  facet normal 0.74033109 -0.60757402 0.28768679
    outer loop
      vertex 0.19389087 -0.10889087 0.19500000
      vertex 0.22389087 -0.13389087 0.06500000
      vertex 0.23073083 -0.12555636 0.06500000
    endloop
  endfacet
  facet normal 0.74033109 -0.60757402 0.28768679
    outer loop
      vertex 0.19389087 -0.10889087 0.19500000
      vertex 0.23073083 -0.12555636 0.06500000
      vertex 0.20073083 -0.10055636 0.19500000
    endloop
  endfacet
  facet normal 0.00000000 0.00000000 1.00000000
    outer loop
      vertex 0.00000000 0.00000000 0.19500000
      vertex 0.20073083 -0.10055636 0.19500000
      vertex 0.20581337 -0.09104759 0.19500000
    endloop
  endfacet
  facet normal 0.00000000 0.00000000 -1.00000000
    outer loop
      vertex 0.00000000 0.00000000 0.06500000
      vertex 0.23581337 -0.11604759 0.06500000
      vertex 0.23073083 -0.12555636 0.06500000
    endloop
  endfacet
  facet normal 0.84607204 -0.45223493 0.28221565
    outer loop
      vertex 0.20073083 -0.10055636 0.19500000
      vertex 0.23073083 -0.12555636 0.06500000
      vertex 0.23581337 -0.11604759 0.06500000
    endloop
  endfacet
  facet normal 0.84607204 -0.45223493 0.28221565
    outer loop
      vertex 0.20073083 -0.10055636 0.19500000
      vertex 0.23581337 -0.11604759 0.06500000
      vertex 0.20581337 -0.09104759 0.19500000
    endloop
  endfacet
  facet normal 0.00000000 0.00000000 1.00000000
    outer loop
      vertex 0.00000000 0.00000000 0.19500000
      vertex 0.20581337 -0.09104759 0.19500000
      vertex 0.20894319 -0.08072997 0.19500000
    endloop
  endfacet
  facet normal 0.00000000 0.00000000 -1.00000000
    outer loop
      vertex 0.00000000 0.00000000 0.06500000
      vertex 0.23894319 -0.10572997 0.06500000
      vertex 0.23581337 -0.11604759 0.06500000
    endloop
  endfacet
  facet normal 0.92229537 -0.27977524 0.26664032
    outer loop
      vertex 0.20581337 -0.09104759 0.19500000
      vertex 0.23581337 -0.11604759 0.06500000
      vertex 0.23894319 -0.10572997 0.06500000
    endloop
  endfacet
  facet normal 0.92229537 -0.27977524 0.26664032
    outer loop
      vertex 0.20581337 -0.09104759 0.19500000
      vertex 0.23894319 -0.10572997 0.06500000
      vertex 0.20894319 -0.08072997 0.19500000
    endloop
  endfacet
  facet normal 0.00000000 0.00000000 1.00000000
    outer loop
      vertex 0.00000000 0.00000000 0.19500000
      vertex 0.20894319 -0.08072997 0.19500000
      vertex 0.21000000 -0.07000000 0.19500000
    endloop
  endfacet
  facet normal 0.00000000 0.00000000 -1.00000000
    outer loop
      vertex 0.00000000 0.00000000 0.06500000
      vertex 0.24000000 -0.09500000 0.06500000
      vertex 0.23894319 -0.10572997 0.06500000
    endloop
  endfacet
  facet normal 0.96580922 -0.09512391 0.24117211
    outer loop
      vertex 0.20894319 -0.08072997 0.19500000
      vertex 0.23894319 -0.10572997 0.06500000
      vertex 0.24000000 -0.09500000 0.06500000
    endloop
  endfacet
  facet normal 0.96580922 -0.09512391 0.24117211
    outer loop
      vertex 0.20894319 -0.08072997 0.19500000
      vertex 0.24000000 -0.09500000 0.06500000
      vertex 0.21000000 -0.07000000 0.19500000
    endloop
  endfacet
  facet normal -0.00000000 0.00000000 1.00000000
    outer loop
      vertex 0.00000000 0.00000000 0.19500000
      vertex 0.21000000 -0.07000000 0.19500000
      vertex 0.21000000 0.07000000 0.19500000
    endloop
  endfacet
  facet normal 0.00000000 0.00000000 -1.00000000
    outer loop
      vertex 0.00000000 0.00000000 0.06500000
      vertex 0.24000000 0.09500000 0.06500000
      vertex 0.24000000 -0.09500000 0.06500000
    endloop
  endfacet
  facet normal 0.97439120 0.00000000 0.22485951
    outer loop
      vertex 0.21000000 -0.07000000 0.19500000
      vertex 0.24000000 -0.09500000 0.06500000
      vertex 0.24000000 0.09500000 0.06500000
    endloop
  endfacet
  facet normal 0.97439120 -0.00000000 0.22485951
    outer loop
      vertex 0.21000000 -0.07000000 0.19500000
      vertex 0.24000000 0.09500000 0.06500000
      vertex 0.21000000 0.07000000 0.19500000
    endloop
  endfacet
  facet normal 0.97439120 -0.00000000 0.22485951
    outer loop
      vertex 0.21997960 -0.07440000 0.16558701
      vertex 0.21997960 -0.06960000 0.16558701
      vertex 0.21887191 -0.06960000 0.17038701
    endloop
  endfacet
  facet normal 0.97439120 0.00000000 0.22485951
    outer loop
      vertex 0.21997960 -0.07440000 0.16558701
      vertex 0.21887191 -0.06960000 0.17038701
      vertex 0.21887191 -0.07440000 0.17038701
    endloop
  endfacet
  facet normal 0.00000000 -1.00000000 0.00000000
    outer loop
      vertex 0.21656923 -0.07440000 0.16480000
      vertex 0.21997960 -0.07440000 0.16558701
      vertex 0.21887191 -0.07440000 0.17038701
    endloop
  endfacet
  facet normal 0.00000000 -1.00000000 0.00000000
    outer loop
      vertex 0.21656923 -0.07440000 0.16480000
      vertex 0.21887191 -0.07440000 0.17038701
      vertex 0.21546154 -0.07440000 0.16960000
    endloop
  endfacet
  facet normal 0.00000000 1.00000000 -0.00000000
    outer loop
      vertex 0.21656923 -0.06960000 0.16480000
      vertex 0.21546154 -0.06960000 0.16960000
      vertex 0.21887191 -0.06960000 0.17038701
    endloop
  endfacet
  facet normal 0.00000000 1.00000000 0.00000000
    outer loop
      vertex 0.21656923 -0.06960000 0.16480000
      vertex 0.21887191 -0.06960000 0.17038701
      vertex 0.21997960 -0.06960000 0.16558701
    endloop
  endfacet
  facet normal -0.22485951 0.00000000 0.97439120
    outer loop
      vertex 0.21546154 -0.07440000 0.16960000
      vertex 0.21887191 -0.07440000 0.17038701
      vertex 0.21887191 -0.06960000 0.17038701
    endloop
  endfacet
  facet normal -0.22485951 0.00000000 0.97439120
    outer loop
      vertex 0.21546154 -0.07440000 0.16960000
      vertex 0.21887191 -0.06960000 0.17038701
      vertex 0.21546154 -0.06960000 0.16960000
    endloop
  endfacet
  facet normal 0.22485951 0.00000000 -0.97439120
    outer loop
      vertex 0.21656923 -0.07440000 0.16480000
      vertex 0.21656923 -0.06960000 0.16480000
      vertex 0.21997960 -0.06960000 0.16558701
    endloop
  endfacet
  facet normal 0.22485951 0.00000000 -0.97439120
    outer loop
      vertex 0.21656923 -0.07440000 0.16480000
      vertex 0.21997960 -0.06960000 0.16558701
      vertex 0.21997960 -0.07440000 0.16558701
    endloop
  endfacet
  facet normal 0.97439120 -0.00000000 0.22485951
    outer loop
      vertex 0.21997960 -0.06960000 0.16558701
      vertex 0.21997960 -0.06480000 0.16558701
      vertex 0.21887191 -0.06480000 0.17038701
    endloop
  endfacet
  facet normal 0.97439120 0.00000000 0.22485951
    outer loop
      vertex 0.21997960 -0.06960000 0.16558701
      vertex 0.21887191 -0.06480000 0.17038701
      vertex 0.21887191 -0.06960000 0.17038701
    endloop
  endfacet
  facet normal 0.00000000 -1.00000000 0.00000000
    outer loop
      vertex 0.21656923 -0.06960000 0.16480000
      vertex 0.21997960 -0.06960000 0.16558701
      vertex 0.21887191 -0.06960000 0.17038701
    endloop
  endfacet
  facet normal 0.00000000 -1.00000000 0.00000000
    outer loop
      vertex 0.21656923 -0.06960000 0.16480000
      vertex 0.21887191 -0.06960000 0.17038701
      vertex 0.21546154 -0.06960000 0.16960000
    endloop
  endfacet
  facet normal 0.00000000 1.00000000 -0.00000000
    outer loop
      vertex 0.21656923 -0.06480000 0.16480000
      vertex 0.21546154 -0.06480000 0.16960000
      vertex 0.21887191 -0.06480000 0.17038701
    endloop
  endfacet
  facet normal 0.00000000 1.00000000 0.00000000
    outer loop
      vertex 0.21656923 -0.06480000 0.16480000
      vertex 0.21887191 -0.06480000 0.17038701
      vertex 0.21997960 -0.06480000 0.16558701
    endloop
  endfacet
  facet normal -0.22485951 0.00000000 0.97439120
    outer loop
      vertex 0.21546154 -0.06960000 0.16960000
      vertex 0.21887191 -0.06960000 0.17038701
      vertex 0.21887191 -0.06480000 0.17038701
    endloop
  endfacet
  facet normal -0.22485951 0.00000000 0.97439120
    outer loop
      vertex 0.21546154 -0.06960000 0.16960000
      vertex 0.21887191 -0.06480000 0.17038701
      vertex 0.21546154 -0.06480000 0.16960000
    endloop
  endfacet
  facet normal 0.22485951 0.00000000 -0.97439120
    outer loop
      vertex 0.21656923 -0.06960000 0.16480000
      vertex 0.21656923 -0.06480000 0.16480000
      vertex 0.21997960 -0.06480000 0.16558701
    endloop
  endfacet
  facet normal 0.22485951 0.00000000 -0.97439120
    outer loop
      vertex 0.21656923 -0.06960000 0.16480000
      vertex 0.21997960 -0.06480000 0.16558701
      vertex 0.21997960 -0.06960000 0.16558701
    endloop
  endfacet
  facet normal 0.97439120 -0.00000000 0.22485951
    outer loop
      vertex 0.21997960 -0.06480000 0.16558701
      vertex 0.21997960 -0.06000000 0.16558701
      vertex 0.21887191 -0.06000000 0.17038701
    endloop
  endfacet
  facet normal 0.97439120 0.00000000 0.22485951
    outer loop
      vertex 0.21997960 -0.06480000 0.16558701
      vertex 0.21887191 -0.06000000 0.17038701
      vertex 0.21887191 -0.06480000 0.17038701
    endloop
  endfacet
  facet normal 0.00000000 -1.00000000 0.00000000
    outer loop
      vertex 0.21656923 -0.06480000 0.16480000
      vertex 0.21997960 -0.06480000 0.16558701
      vertex 0.21887191 -0.06480000 0.17038701
    endloop
  endfacet
  facet normal 0.00000000 -1.00000000 0.00000000
    outer loop
      vertex 0.21656923 -0.06480000 0.16480000
      vertex 0.21887191 -0.06480000 0.17038701
      vertex 0.21546154 -0.06480000 0.16960000
    endloop
  endfacet
  facet normal 0.00000000 1.00000000 -0.00000000
    outer loop
      vertex 0.21656923 -0.06000000 0.16480000
      vertex 0.21546154 -0.06000000 0.16960000
      vertex 0.21887191 -0.06000000 0.17038701
    endloop
  endfacet
  facet normal 0.00000000 1.00000000 0.00000000
    outer loop
      vertex 0.21656923 -0.06000000 0.16480000
      vertex 0.21887191 -0.06000000 0.17038701
      vertex 0.21997960 -0.06000000 0.16558701
    endloop
  endfacet
  facet normal -0.22485951 0.00000000 0.97439120
    outer loop
      vertex 0.21546154 -0.06480000 0.16960000
      vertex 0.21887191 -0.06480000 0.17038701
      vertex 0.21887191 -0.06000000 0.17038701
    endloop
  endfacet
  facet normal -0.22485951 0.00000000 0.97439120
    outer loop
      vertex 0.21546154 -0.06480000 0.16960000
      vertex 0.21887191 -0.06000000 0.17038701
      vertex 0.21546154 -0.06000000 0.16960000
    endloop
  endfacet
  facet normal 0.22485951 0.00000000 -0.97439120
    outer loop
      vertex 0.21656923 -0.06480000 0.16480000
      vertex 0.21656923 -0.06000000 0.16480000
      vertex 0.21997960 -0.06000000 0.16558701
    endloop
  endfacet
  facet normal 0.22485951 0.00000000 -0.97439120
    outer loop
      vertex 0.21656923 -0.06480000 0.16480000
      vertex 0.21997960 -0.06000000 0.16558701
      vertex 0.21997960 -0.06480000 0.16558701
    endloop
  endfacet
  facet normal 0.97439120 -0.00000000 0.22485951
    outer loop
      vertex 0.22108729 -0.07920000 0.16078701
      vertex 0.22108729 -0.07440000 0.16078701
      vertex 0.21997960 -0.07440000 0.16558701
    endloop
  endfacet
  facet normal 0.97439120 0.00000000 0.22485951
    outer loop
      vertex 0.22108729 -0.07920000 0.16078701
      vertex 0.21997960 -0.07440000 0.16558701
      vertex 0.21997960 -0.07920000 0.16558701
    endloop
  endfacet
  facet normal 0.00000000 -1.00000000 0.00000000
    outer loop
      vertex 0.21767692 -0.07920000 0.16000000
      vertex 0.22108729 -0.07920000 0.16078701
      vertex 0.21997960 -0.07920000 0.16558701
    endloop
  endfacet
  facet normal 0.00000000 -1.00000000 0.00000000
    outer loop
      vertex 0.21767692 -0.07920000 0.16000000
      vertex 0.21997960 -0.07920000 0.16558701
      vertex 0.21656923 -0.07920000 0.16480000
    endloop
  endfacet
  facet normal 0.00000000 1.00000000 -0.00000000
    outer loop
      vertex 0.21767692 -0.07440000 0.16000000
      vertex 0.21656923 -0.07440000 0.16480000
      vertex 0.21997960 -0.07440000 0.16558701
    endloop
  endfacet
  facet normal 0.00000000 1.00000000 0.00000000
    outer loop
      vertex 0.21767692 -0.07440000 0.16000000
      vertex 0.21997960 -0.07440000 0.16558701
      vertex 0.22108729 -0.07440000 0.16078701
    endloop
  endfacet
  facet normal -0.22485951 0.00000000 0.97439120
    outer loop
      vertex 0.21656923 -0.07920000 0.16480000
      vertex 0.21997960 -0.07920000 0.16558701
      vertex 0.21997960 -0.07440000 0.16558701
    endloop
  endfacet
  facet normal -0.22485951 0.00000000 0.97439120
    outer loop
      vertex 0.21656923 -0.07920000 0.16480000
      vertex 0.21997960 -0.07440000 0.16558701
      vertex 0.21656923 -0.07440000 0.16480000
    endloop
  endfacet
  facet normal 0.22485951 0.00000000 -0.97439120
    outer loop
      vertex 0.21767692 -0.07920000 0.16000000
      vertex 0.21767692 -0.07440000 0.16000000
      vertex 0.22108729 -0.07440000 0.16078701
    endloop
  endfacet
  facet normal 0.22485951 0.00000000 -0.97439120
    outer loop
      vertex 0.21767692 -0.07920000 0.16000000
      vertex 0.22108729 -0.07440000 0.16078701
      vertex 0.22108729 -0.07920000 0.16078701
    endloop
  endfacet
  facet normal 0.97439120 -0.00000000 0.22485951
    outer loop
      vertex 0.22108729 -0.06000000 0.16078701
      vertex 0.22108729 -0.05520000 0.16078701
      vertex 0.21997960 -0.05520000 0.16558701
    endloop
  endfacet
  facet normal 0.97439120 0.00000000 0.22485951
    outer loop
      vertex 0.22108729 -0.06000000 0.16078701
      vertex 0.21997960 -0.05520000 0.16558701
      vertex 0.21997960 -0.06000000 0.16558701
    endloop
  endfacet
  facet normal 0.00000000 -1.00000000 0.00000000
    outer loop
      vertex 0.21767692 -0.06000000 0.16000000
      vertex 0.22108729 -0.06000000 0.16078701
      vertex 0.21997960 -0.06000000 0.16558701
    endloop
  endfacet
  facet normal 0.00000000 -1.00000000 0.00000000
    outer loop
      vertex 0.21767692 -0.06000000 0.16000000
      vertex 0.21997960 -0.06000000 0.16558701
      vertex 0.21656923 -0.06000000 0.16480000
    endloop
  endfacet
  facet normal 0.00000000 1.00000000 -0.00000000
    outer loop
      vertex 0.21767692 -0.05520000 0.16000000
      vertex 0.21656923 -0.05520000 0.16480000
      vertex 0.21997960 -0.05520000 0.16558701
    endloop
  endfacet
  facet normal 0.00000000 1.00000000 0.00000000
    outer loop
      vertex 0.21767692 -0.05520000 0.16000000
      vertex 0.21997960 -0.05520000 0.16558701
      vertex 0.22108729 -0.05520000 0.16078701
    endloop
  endfacet
  facet normal -0.22485951 0.00000000 0.97439120
    outer loop
      vertex 0.21656923 -0.06000000 0.16480000
      vertex 0.21997960 -0.06000000 0.16558701
      vertex 0.21997960 -0.05520000 0.16558701
    endloop
  endfacet
  facet normal -0.22485951 0.00000000 0.97439120
    outer loop
      vertex 0.21656923 -0.06000000 0.16480000
      vertex 0.21997960 -0.05520000 0.16558701
      vertex 0.21656923 -0.05520000 0.16480000
    endloop
  endfacet
  facet normal 0.22485951 0.00000000 -0.97439120
    outer loop
      vertex 0.21767692 -0.06000000 0.16000000
      vertex 0.21767692 -0.05520000 0.16000000
      vertex 0.22108729 -0.05520000 0.16078701
    endloop
  endfacet
  facet normal 0.22485951 0.00000000 -0.97439120
    outer loop
      vertex 0.21767692 -0.06000000 0.16000000
      vertex 0.22108729 -0.05520000 0.16078701
      vertex 0.22108729 -0.06000000 0.16078701
    endloop
  endfacet
  facet normal 0.97439120 -0.00000000 0.22485951
    outer loop
      vertex 0.22219498 -0.07920000 0.15598701
      vertex 0.22219498 -0.07440000 0.15598701
      vertex 0.22108729 -0.07440000 0.16078701
    endloop
  endfacet
  facet normal 0.97439120 0.00000000 0.22485951
    outer loop
      vertex 0.22219498 -0.07920000 0.15598701
      vertex 0.22108729 -0.07440000 0.16078701
      vertex 0.22108729 -0.07920000 0.16078701
    endloop
  endfacet
  facet normal 0.00000000 -1.00000000 0.00000000
    outer loop
      vertex 0.21878462 -0.07920000 0.15520000
      vertex 0.22219498 -0.07920000 0.15598701
      vertex 0.22108729 -0.07920000 0.16078701
    endloop
  endfacet
  facet normal 0.00000000 -1.00000000 0.00000000
    outer loop
      vertex 0.21878462 -0.07920000 0.15520000
      vertex 0.22108729 -0.07920000 0.16078701
      vertex 0.21767692 -0.07920000 0.16000000
    endloop
  endfacet
  facet normal 0.00000000 1.00000000 -0.00000000
    outer loop
      vertex 0.21878462 -0.07440000 0.15520000
      vertex 0.21767692 -0.07440000 0.16000000
      vertex 0.22108729 -0.07440000 0.16078701
    endloop
  endfacet
  facet normal 0.00000000 1.00000000 0.00000000
    outer loop
      vertex 0.21878462 -0.07440000 0.15520000
      vertex 0.22108729 -0.07440000 0.16078701
      vertex 0.22219498 -0.07440000 0.15598701
    endloop
  endfacet
  facet normal -0.22485951 0.00000000 0.97439120
    outer loop
      vertex 0.21767692 -0.07920000 0.16000000
      vertex 0.22108729 -0.07920000 0.16078701
      vertex 0.22108729 -0.07440000 0.16078701
    endloop
  endfacet
  facet normal -0.22485951 0.00000000 0.97439120
    outer loop
      vertex 0.21767692 -0.07920000 0.16000000
      vertex 0.22108729 -0.07440000 0.16078701
      vertex 0.21767692 -0.07440000 0.16000000
    endloop
  endfacet
  facet normal 0.22485951 0.00000000 -0.97439120
    outer loop
      vertex 0.21878462 -0.07920000 0.15520000
      vertex 0.21878462 -0.07440000 0.15520000
      vertex 0.22219498 -0.07440000 0.15598701
    endloop
  endfacet
  facet normal 0.22485951 0.00000000 -0.97439120
    outer loop
      vertex 0.21878462 -0.07920000 0.15520000
      vertex 0.22219498 -0.07440000 0.15598701
      vertex 0.22219498 -0.07920000 0.15598701
    endloop
  endfacet
  facet normal 0.97439120 -0.00000000 0.22485951
    outer loop
      vertex 0.22219498 -0.06000000 0.15598701
      vertex 0.22219498 -0.05520000 0.15598701
      vertex 0.22108729 -0.05520000 0.16078701
    endloop
  endfacet
  facet normal 0.97439120 0.00000000 0.22485951
    outer loop
      vertex 0.22219498 -0.06000000 0.15598701
      vertex 0.22108729 -0.05520000 0.16078701
      vertex 0.22108729 -0.06000000 0.16078701
    endloop
  endfacet
  facet normal 0.00000000 -1.00000000 0.00000000
    outer loop
      vertex 0.21878462 -0.06000000 0.15520000
      vertex 0.22219498 -0.06000000 0.15598701
      vertex 0.22108729 -0.06000000 0.16078701
    endloop
  endfacet
  facet normal 0.00000000 -1.00000000 0.00000000
    outer loop
      vertex 0.21878462 -0.06000000 0.15520000
      vertex 0.22108729 -0.06000000 0.16078701
      vertex 0.21767692 -0.06000000 0.16000000
    endloop
  endfacet
  facet normal 0.00000000 1.00000000 -0.00000000
    outer loop
      vertex 0.21878462 -0.05520000 0.15520000
      vertex 0.21767692 -0.05520000 0.16000000
      vertex 0.22108729 -0.05520000 0.16078701
    endloop
  endfacet
  facet normal 0.00000000 1.00000000 0.00000000
    outer loop
      vertex 0.21878462 -0.05520000 0.15520000
      vertex 0.22108729 -0.05520000 0.16078701
      vertex 0.22219498 -0.05520000 0.15598701
    endloop
  endfacet
  facet normal -0.22485951 0.00000000 0.97439120
    outer loop
      vertex 0.21767692 -0.06000000 0.16000000
      vertex 0.22108729 -0.06000000 0.16078701
      vertex 0.22108729 -0.05520000 0.16078701
    endloop
  endfacet
  facet normal -0.22485951 0.00000000 0.97439120
    outer loop
      vertex 0.21767692 -0.06000000 0.16000000
      vertex 0.22108729 -0.05520000 0.16078701
      vertex 0.21767692 -0.05520000 0.16000000
    endloop
  endfacet
  facet normal 0.22485951 0.00000000 -0.97439120
    outer loop
      vertex 0.21878462 -0.06000000 0.15520000
      vertex 0.21878462 -0.05520000 0.15520000
      vertex 0.22219498 -0.05520000 0.15598701
    endloop
  endfacet
  facet normal 0.22485951 0.00000000 -0.97439120
    outer loop
      vertex 0.21878462 -0.06000000 0.15520000
      vertex 0.22219498 -0.05520000 0.15598701
      vertex 0.22219498 -0.06000000 0.15598701
    endloop
  endfacet
  facet normal 0.97439120 -0.00000000 0.22485951
    outer loop
      vertex 0.22330268 -0.07920000 0.15118701
      vertex 0.22330268 -0.07440000 0.15118701
      vertex 0.22219498 -0.07440000 0.15598701
    endloop
  endfacet
  facet normal 0.97439120 0.00000000 0.22485951
    outer loop
      vertex 0.22330268 -0.07920000 0.15118701
      vertex 0.22219498 -0.07440000 0.15598701
      vertex 0.22219498 -0.07920000 0.15598701
    endloop
  endfacet
  facet normal 0.00000000 -1.00000000 0.00000000
    outer loop
      vertex 0.21989231 -0.07920000 0.15040000
      vertex 0.22330268 -0.07920000 0.15118701
      vertex 0.22219498 -0.07920000 0.15598701
    endloop
  endfacet
  facet normal 0.00000000 -1.00000000 0.00000000
    outer loop
      vertex 0.21989231 -0.07920000 0.15040000
      vertex 0.22219498 -0.07920000 0.15598701
      vertex 0.21878462 -0.07920000 0.15520000
    endloop
  endfacet
  facet normal 0.00000000 1.00000000 -0.00000000
    outer loop
      vertex 0.21989231 -0.07440000 0.15040000
      vertex 0.21878462 -0.07440000 0.15520000
      vertex 0.22219498 -0.07440000 0.15598701
    endloop
  endfacet
  facet normal 0.00000000 1.00000000 0.00000000
    outer loop
      vertex 0.21989231 -0.07440000 0.15040000
      vertex 0.22219498 -0.07440000 0.15598701
      vertex 0.22330268 -0.07440000 0.15118701
    endloop
  endfacet
  facet normal -0.22485951 0.00000000 0.97439120
    outer loop
      vertex 0.21878462 -0.07920000 0.15520000
      vertex 0.22219498 -0.07920000 0.15598701
      vertex 0.22219498 -0.07440000 0.15598701
    endloop
  endfacet
  facet normal -0.22485951 0.00000000 0.97439120
    outer loop
      vertex 0.21878462 -0.07920000 0.15520000
      vertex 0.22219498 -0.07440000 0.15598701
      vertex 0.21878462 -0.07440000 0.15520000
    endloop
  endfacet
  facet normal 0.22485951 0.00000000 -0.97439120
    outer loop
      vertex 0.21989231 -0.07920000 0.15040000
      vertex 0.21989231 -0.07440000 0.15040000
      vertex 0.22330268 -0.07440000 0.15118701
    endloop
  endfacet
  facet normal 0.22485951 0.00000000 -0.97439120
    outer loop
      vertex 0.21989231 -0.07920000 0.15040000
      vertex 0.22330268 -0.07440000 0.15118701
      vertex 0.22330268 -0.07920000 0.15118701
    endloop
  endfacet
  facet normal 0.97439120 -0.00000000 0.22485951
    outer loop
      vertex 0.22330268 -0.07440000 0.15118701
      vertex 0.22330268 -0.06960000 0.15118701
      vertex 0.22219498 -0.06960000 0.15598701
    endloop
  endfacet
  facet normal 0.97439120 0.00000000 0.22485951
    outer loop
      vertex 0.22330268 -0.07440000 0.15118701
      vertex 0.22219498 -0.06960000 0.15598701
      vertex 0.22219498 -0.07440000 0.15598701
    endloop
  endfacet
  facet normal 0.00000000 -1.00000000 0.00000000
    outer loop
      vertex 0.21989231 -0.07440000 0.15040000
      vertex 0.22330268 -0.07440000 0.15118701
      vertex 0.22219498 -0.07440000 0.15598701
    endloop
  endfacet
  facet normal 0.00000000 -1.00000000 0.00000000
    outer loop
      vertex 0.21989231 -0.07440000 0.15040000
      vertex 0.22219498 -0.07440000 0.15598701
      vertex 0.21878462 -0.07440000 0.15520000
    endloop
  endfacet
  facet normal 0.00000000 1.00000000 -0.00000000
    outer loop
      vertex 0.21989231 -0.06960000 0.15040000
      vertex 0.21878462 -0.06960000 0.15520000
      vertex 0.22219498 -0.06960000 0.15598701
    endloop
  endfacet
  facet normal 0.00000000 1.00000000 0.00000000
    outer loop
      vertex 0.21989231 -0.06960000 0.15040000
      vertex 0.22219498 -0.06960000 0.15598701
      vertex 0.22330268 -0.06960000 0.15118701
    endloop
  endfacet
  facet normal -0.22485951 0.00000000 0.97439120
    outer loop
      vertex 0.21878462 -0.07440000 0.15520000
      vertex 0.22219498 -0.07440000 0.15598701
      vertex 0.22219498 -0.06960000 0.15598701
    endloop
  endfacet
  facet normal -0.22485951 0.00000000 0.97439120
    outer loop
      vertex 0.21878462 -0.07440000 0.15520000
      vertex 0.22219498 -0.06960000 0.15598701
      vertex 0.21878462 -0.06960000 0.15520000
    endloop
  endfacet
  facet normal 0.22485951 0.00000000 -0.97439120
    outer loop
      vertex 0.21989231 -0.07440000 0.15040000
      vertex 0.21989231 -0.06960000 0.15040000
      vertex 0.22330268 -0.06960000 0.15118701
    endloop
  endfacet
  facet normal 0.22485951 0.00000000 -0.97439120
    outer loop
      vertex 0.21989231 -0.07440000 0.15040000
      vertex 0.22330268 -0.06960000 0.15118701
      vertex 0.22330268 -0.07440000 0.15118701
    endloop
  endfacet
  facet normal 0.97439120 -0.00000000 0.22485951
    outer loop
      vertex 0.22330268 -0.06960000 0.15118701
      vertex 0.22330268 -0.06480000 0.15118701
      vertex 0.22219498 -0.06480000 0.15598701
    endloop
  endfacet
  facet normal 0.97439120 0.00000000 0.22485951
    outer loop
      vertex 0.22330268 -0.06960000 0.15118701
      vertex 0.22219498 -0.06480000 0.15598701
      vertex 0.22219498 -0.06960000 0.15598701
    endloop
  endfacet
  facet normal 0.00000000 -1.00000000 0.00000000
    outer loop
      vertex 0.21989231 -0.06960000 0.15040000
      vertex 0.22330268 -0.06960000 0.15118701
      vertex 0.22219498 -0.06960000 0.15598701
    endloop
  endfacet
  facet normal 0.00000000 -1.00000000 0.00000000
    outer loop
      vertex 0.21989231 -0.06960000 0.15040000
      vertex 0.22219498 -0.06960000 0.15598701
      vertex 0.21878462 -0.06960000 0.15520000
    endloop
  endfacet
  facet normal 0.00000000 1.00000000 -0.00000000
    outer loop
      vertex 0.21989231 -0.06480000 0.15040000
      vertex 0.21878462 -0.06480000 0.15520000
      vertex 0.22219498 -0.06480000 0.15598701
    endloop
  endfacet
  facet normal 0.00000000 1.00000000 0.00000000
    outer loop
      vertex 0.21989231 -0.06480000 0.15040000
      vertex 0.22219498 -0.06480000 0.15598701
      vertex 0.22330268 -0.06480000 0.15118701
    endloop
  endfacet
  facet normal -0.22485951 0.00000000 0.97439120
    outer loop
      vertex 0.21878462 -0.06960000 0.15520000
      vertex 0.22219498 -0.06960000 0.15598701
      vertex 0.22219498 -0.06480000 0.15598701
    endloop
  endfacet
  facet normal -0.22485951 0.00000000 0.97439120
    outer loop
      vertex 0.21878462 -0.06960000 0.15520000
      vertex 0.22219498 -0.06480000 0.15598701
      vertex 0.21878462 -0.06480000 0.15520000
    endloop
  endfacet
  facet normal 0.22485951 0.00000000 -0.97439120
    outer loop
      vertex 0.21989231 -0.06960000 0.15040000
      vertex 0.21989231 -0.06480000 0.15040000
      vertex 0.22330268 -0.06480000 0.15118701
    endloop
  endfacet
  facet normal 0.22485951 0.00000000 -0.97439120
    outer loop
      vertex 0.21989231 -0.06960000 0.15040000
      vertex 0.22330268 -0.06480000 0.15118701
      vertex 0.22330268 -0.06960000 0.15118701
    endloop
  endfacet
  facet normal 0.97439120 -0.00000000 0.22485951
    outer loop
      vertex 0.22330268 -0.06480000 0.15118701
      vertex 0.22330268 -0.06000000 0.15118701
      vertex 0.22219498 -0.06000000 0.15598701
    endloop
  endfacet
  facet normal 0.97439120 0.00000000 0.22485951
    outer loop
      vertex 0.22330268 -0.06480000 0.15118701
      vertex 0.22219498 -0.06000000 0.15598701
      vertex 0.22219498 -0.06480000 0.15598701
    endloop
  endfacet
  facet normal 0.00000000 -1.00000000 0.00000000
    outer loop
      vertex 0.21989231 -0.06480000 0.15040000
      vertex 0.22330268 -0.06480000 0.15118701
      vertex 0.22219498 -0.06480000 0.15598701
    endloop
  endfacet
  facet normal 0.00000000 -1.00000000 0.00000000
    outer loop
      vertex 0.21989231 -0.06480000 0.15040000
      vertex 0.22219498 -0.06480000 0.15598701
      vertex 0.21878462 -0.06480000 0.15520000
    endloop
  endfacet
  facet normal 0.00000000 1.00000000 -0.00000000
    outer loop
      vertex 0.21989231 -0.06000000 0.15040000
      vertex 0.21878462 -0.06000000 0.15520000
      vertex 0.22219498 -0.06000000 0.15598701
    endloop
  endfacet
  facet normal 0.00000000 1.00000000 0.00000000
    outer loop
      vertex 0.21989231 -0.06000000 0.15040000
      vertex 0.22219498 -0.06000000 0.15598701
      vertex 0.22330268 -0.06000000 0.15118701
    endloop
  endfacet
  facet normal -0.22485951 0.00000000 0.97439120
    outer loop
      vertex 0.21878462 -0.06480000 0.15520000
      vertex 0.22219498 -0.06480000 0.15598701
      vertex 0.22219498 -0.06000000 0.15598701
    endloop
  endfacet
  facet normal -0.22485951 0.00000000 0.97439120
    outer loop
      vertex 0.21878462 -0.06480000 0.15520000
      vertex 0.22219498 -0.06000000 0.15598701
      vertex 0.21878462 -0.06000000 0.15520000
    endloop
  endfacet
  facet normal 0.22485951 0.00000000 -0.97439120
    outer loop
      vertex 0.21989231 -0.06480000 0.15040000
      vertex 0.21989231 -0.06000000 0.15040000
      vertex 0.22330268 -0.06000000 0.15118701
    endloop
  endfacet
  facet normal 0.22485951 0.00000000 -0.97439120
    outer loop
      vertex 0.21989231 -0.06480000 0.15040000
      vertex 0.22330268 -0.06000000 0.15118701
      vertex 0.22330268 -0.06480000 0.15118701
    endloop
  endfacet
  facet normal 0.97439120 -0.00000000 0.22485951
    outer loop
      vertex 0.22330268 -0.06000000 0.15118701
      vertex 0.22330268 -0.05520000 0.15118701
      vertex 0.22219498 -0.05520000 0.15598701
    endloop
  endfacet
  facet normal 0.97439120 0.00000000 0.22485951
    outer loop
      vertex 0.22330268 -0.06000000 0.15118701
      vertex 0.22219498 -0.05520000 0.15598701
      vertex 0.22219498 -0.06000000 0.15598701
    endloop
  endfacet
  facet normal 0.00000000 -1.00000000 0.00000000
    outer loop
      vertex 0.21989231 -0.06000000 0.15040000
      vertex 0.22330268 -0.06000000 0.15118701
      vertex 0.22219498 -0.06000000 0.15598701
    endloop
  endfacet
  facet normal 0.00000000 -1.00000000 0.00000000
    outer loop
      vertex 0.21989231 -0.06000000 0.15040000
      vertex 0.22219498 -0.06000000 0.15598701
      vertex 0.21878462 -0.06000000 0.15520000
    endloop
  endfacet
  facet normal 0.00000000 1.00000000 -0.00000000
    outer loop
      vertex 0.21989231 -0.05520000 0.15040000
      vertex 0.21878462 -0.05520000 0.15520000
      vertex 0.22219498 -0.05520000 0.15598701
    endloop
  endfacet
  facet normal 0.00000000 1.00000000 0.00000000
    outer loop
      vertex 0.21989231 -0.05520000 0.15040000
      vertex 0.22219498 -0.05520000 0.15598701
      vertex 0.22330268 -0.05520000 0.15118701
    endloop
  endfacet
  facet normal -0.22485951 0.00000000 0.97439120
    outer loop
      vertex 0.21878462 -0.06000000 0.15520000
      vertex 0.22219498 -0.06000000 0.15598701
      vertex 0.22219498 -0.05520000 0.15598701
    endloop
  endfacet
  facet normal -0.22485951 0.00000000 0.97439120
    outer loop
      vertex 0.21878462 -0.06000000 0.15520000
      vertex 0.22219498 -0.05520000 0.15598701
      vertex 0.21878462 -0.05520000 0.15520000
    endloop
  endfacet
  facet normal 0.22485951 0.00000000 -0.97439120
    outer loop
      vertex 0.21989231 -0.06000000 0.15040000
      vertex 0.21989231 -0.05520000 0.15040000
      vertex 0.22330268 -0.05520000 0.15118701
    endloop
  endfacet
  facet normal 0.22485951 0.00000000 -0.97439120
    outer loop
      vertex 0.21989231 -0.06000000 0.15040000
      vertex 0.22330268 -0.05520000 0.15118701
      vertex 0.22330268 -0.06000000 0.15118701
    endloop
  endfacet
  facet normal 0.97439120 -0.00000000 0.22485951
    outer loop
      vertex 0.22441037 -0.07920000 0.14638701
      vertex 0.22441037 -0.07440000 0.14638701
      vertex 0.22330268 -0.07440000 0.15118701
    endloop
  endfacet
  facet normal 0.97439120 0.00000000 0.22485951
    outer loop
      vertex 0.22441037 -0.07920000 0.14638701
      vertex 0.22330268 -0.07440000 0.15118701
      vertex 0.22330268 -0.07920000 0.15118701
    endloop
  endfacet
  facet normal 0.00000000 -1.00000000 0.00000000
    outer loop
      vertex 0.22100000 -0.07920000 0.14560000
      vertex 0.22441037 -0.07920000 0.14638701
      vertex 0.22330268 -0.07920000 0.15118701
    endloop
  endfacet
  facet normal 0.00000000 -1.00000000 0.00000000
    outer loop
      vertex 0.22100000 -0.07920000 0.14560000
      vertex 0.22330268 -0.07920000 0.15118701
      vertex 0.21989231 -0.07920000 0.15040000
    endloop
  endfacet
  facet normal 0.00000000 1.00000000 -0.00000000
    outer loop
      vertex 0.22100000 -0.07440000 0.14560000
      vertex 0.21989231 -0.07440000 0.15040000
      vertex 0.22330268 -0.07440000 0.15118701
    endloop
  endfacet
  facet normal 0.00000000 1.00000000 0.00000000
    outer loop
      vertex 0.22100000 -0.07440000 0.14560000
      vertex 0.22330268 -0.07440000 0.15118701
      vertex 0.22441037 -0.07440000 0.14638701
    endloop
  endfacet
  facet normal -0.22485951 0.00000000 0.97439120
    outer loop
      vertex 0.21989231 -0.07920000 0.15040000
      vertex 0.22330268 -0.07920000 0.15118701
      vertex 0.22330268 -0.07440000 0.15118701
    endloop
  endfacet
  facet normal -0.22485951 0.00000000 0.97439120
    outer loop
      vertex 0.21989231 -0.07920000 0.15040000
      vertex 0.22330268 -0.07440000 0.15118701
      vertex 0.21989231 -0.07440000 0.15040000
    endloop
  endfacet
  facet normal 0.22485951 0.00000000 -0.97439120
    outer loop
      vertex 0.22100000 -0.07920000 0.14560000
      vertex 0.22100000 -0.07440000 0.14560000
      vertex 0.22441037 -0.07440000 0.14638701
    endloop
  endfacet
  facet normal 0.22485951 0.00000000 -0.97439120
    outer loop
      vertex 0.22100000 -0.07920000 0.14560000
      vertex 0.22441037 -0.07440000 0.14638701
      vertex 0.22441037 -0.07920000 0.14638701
    endloop
  endfacet
  facet normal 0.97439120 -0.00000000 0.22485951
    outer loop
      vertex 0.22441037 -0.06000000 0.14638701
      vertex 0.22441037 -0.05520000 0.14638701
      vertex 0.22330268 -0.05520000 0.15118701
    endloop
  endfacet
  facet normal 0.97439120 0.00000000 0.22485951
    outer loop
      vertex 0.22441037 -0.06000000 0.14638701
      vertex 0.22330268 -0.05520000 0.15118701
      vertex 0.22330268 -0.06000000 0.15118701
    endloop
  endfacet
  facet normal 0.00000000 -1.00000000 0.00000000
    outer loop
      vertex 0.22100000 -0.06000000 0.14560000
      vertex 0.22441037 -0.06000000 0.14638701
      vertex 0.22330268 -0.06000000 0.15118701
    endloop
  endfacet
  facet normal 0.00000000 -1.00000000 0.00000000
    outer loop
      vertex 0.22100000 -0.06000000 0.14560000
      vertex 0.22330268 -0.06000000 0.15118701
      vertex 0.21989231 -0.06000000 0.15040000
    endloop
  endfacet
  facet normal 0.00000000 1.00000000 -0.00000000
    outer loop
      vertex 0.22100000 -0.05520000 0.14560000
      vertex 0.21989231 -0.05520000 0.15040000
      vertex 0.22330268 -0.05520000 0.15118701
    endloop
  endfacet
  facet normal 0.00000000 1.00000000 0.00000000
    outer loop
      vertex 0.22100000 -0.05520000 0.14560000
      vertex 0.22330268 -0.05520000 0.15118701
      vertex 0.22441037 -0.05520000 0.14638701
    endloop
  endfacet
  facet normal -0.22485951 0.00000000 0.97439120
    outer loop
      vertex 0.21989231 -0.06000000 0.15040000
      vertex 0.22330268 -0.06000000 0.15118701
      vertex 0.22330268 -0.05520000 0.15118701
    endloop
  endfacet
  facet normal -0.22485951 0.00000000 0.97439120
    outer loop
      vertex 0.21989231 -0.06000000 0.15040000
      vertex 0.22330268 -0.05520000 0.15118701
      vertex 0.21989231 -0.05520000 0.15040000
    endloop
  endfacet
  facet normal 0.22485951 0.00000000 -0.97439120
    outer loop
      vertex 0.22100000 -0.06000000 0.14560000
      vertex 0.22100000 -0.05520000 0.14560000
      vertex 0.22441037 -0.05520000 0.14638701
    endloop
  endfacet
  facet normal 0.22485951 0.00000000 -0.97439120
    outer loop
      vertex 0.22100000 -0.06000000 0.14560000
      vertex 0.22441037 -0.05520000 0.14638701
      vertex 0.22441037 -0.06000000 0.14638701
    endloop
  endfacet
  facet normal 0.97439120 -0.00000000 0.22485951
    outer loop
      vertex 0.22551806 -0.07920000 0.14158701
      vertex 0.22551806 -0.07440000 0.14158701
      vertex 0.22441037 -0.07440000 0.14638701
    endloop
  endfacet
  facet normal 0.97439120 0.00000000 0.22485951
    outer loop
      vertex 0.22551806 -0.07920000 0.14158701
      vertex 0.22441037 -0.07440000 0.14638701
      vertex 0.22441037 -0.07920000 0.14638701
    endloop
  endfacet
  facet normal 0.00000000 -1.00000000 0.00000000
    outer loop
      vertex 0.22210769 -0.07920000 0.14080000
      vertex 0.22551806 -0.07920000 0.14158701
      vertex 0.22441037 -0.07920000 0.14638701
    endloop
  endfacet
  facet normal 0.00000000 -1.00000000 0.00000000
    outer loop
      vertex 0.22210769 -0.07920000 0.14080000
      vertex 0.22441037 -0.07920000 0.14638701
      vertex 0.22100000 -0.07920000 0.14560000
    endloop
  endfacet
  facet normal 0.00000000 1.00000000 -0.00000000
    outer loop
      vertex 0.22210769 -0.07440000 0.14080000
      vertex 0.22100000 -0.07440000 0.14560000
      vertex 0.22441037 -0.07440000 0.14638701
    endloop
  endfacet
  facet normal 0.00000000 1.00000000 0.00000000
    outer loop
      vertex 0.22210769 -0.07440000 0.14080000
      vertex 0.22441037 -0.07440000 0.14638701
      vertex 0.22551806 -0.07440000 0.14158701
    endloop
  endfacet
  facet normal -0.22485951 0.00000000 0.97439120
    outer loop
      vertex 0.22100000 -0.07920000 0.14560000
      vertex 0.22441037 -0.07920000 0.14638701
      vertex 0.22441037 -0.07440000 0.14638701
    endloop
  endfacet
  facet normal -0.22485951 0.00000000 0.97439120
    outer loop
      vertex 0.22100000 -0.07920000 0.14560000
      vertex 0.22441037 -0.07440000 0.14638701
      vertex 0.22100000 -0.07440000 0.14560000
    endloop
  endfacet
  facet normal 0.22485951 0.00000000 -0.97439120
    outer loop
      vertex 0.22210769 -0.07920000 0.14080000
      vertex 0.22210769 -0.07440000 0.14080000
      vertex 0.22551806 -0.07440000 0.14158701
    endloop
  endfacet
  facet normal 0.22485951 0.00000000 -0.97439120
    outer loop
      vertex 0.22210769 -0.07920000 0.14080000
      vertex 0.22551806 -0.07440000 0.14158701
      vertex 0.22551806 -0.07920000 0.14158701
    endloop
  endfacet
  facet normal 0.97439120 -0.00000000 0.22485951
    outer loop
      vertex 0.22551806 -0.06000000 0.14158701
      vertex 0.22551806 -0.05520000 0.14158701
      vertex 0.22441037 -0.05520000 0.14638701
    endloop
  endfacet
  facet normal 0.97439120 0.00000000 0.22485951
    outer loop
      vertex 0.22551806 -0.06000000 0.14158701
      vertex 0.22441037 -0.05520000 0.14638701
      vertex 0.22441037 -0.06000000 0.14638701
    endloop
  endfacet
  facet normal 0.00000000 -1.00000000 0.00000000
    outer loop
      vertex 0.22210769 -0.06000000 0.14080000
      vertex 0.22551806 -0.06000000 0.14158701
      vertex 0.22441037 -0.06000000 0.14638701
    endloop
  endfacet
  facet normal 0.00000000 -1.00000000 0.00000000
    outer loop
      vertex 0.22210769 -0.06000000 0.14080000
      vertex 0.22441037 -0.06000000 0.14638701
      vertex 0.22100000 -0.06000000 0.14560000
    endloop
  endfacet
  facet normal 0.00000000 1.00000000 -0.00000000
    outer loop
      vertex 0.22210769 -0.05520000 0.14080000
      vertex 0.22100000 -0.05520000 0.14560000
      vertex 0.22441037 -0.05520000 0.14638701
    endloop
  endfacet
  facet normal 0.00000000 1.00000000 0.00000000
    outer loop
      vertex 0.22210769 -0.05520000 0.14080000
      vertex 0.22441037 -0.05520000 0.14638701
      vertex 0.22551806 -0.05520000 0.14158701
    endloop
  endfacet
  facet normal -0.22485951 0.00000000 0.97439120
    outer loop
      vertex 0.22100000 -0.06000000 0.14560000
      vertex 0.22441037 -0.06000000 0.14638701
      vertex 0.22441037 -0.05520000 0.14638701
    endloop
  endfacet
  facet normal -0.22485951 0.00000000 0.97439120
    outer loop
      vertex 0.22100000 -0.06000000 0.14560000
      vertex 0.22441037 -0.05520000 0.14638701
      vertex 0.22100000 -0.05520000 0.14560000
    endloop
  endfacet
  facet normal 0.22485951 0.00000000 -0.97439120
    outer loop
      vertex 0.22210769 -0.06000000 0.14080000
      vertex 0.22210769 -0.05520000 0.14080000
      vertex 0.22551806 -0.05520000 0.14158701
    endloop
  endfacet
  facet normal 0.22485951 0.00000000 -0.97439120
    outer loop
      vertex 0.22210769 -0.06000000 0.14080000
      vertex 0.22551806 -0.05520000 0.14158701
      vertex 0.22551806 -0.06000000 0.14158701
    endloop
  endfacet
  facet normal 0.97439120 -0.00000000 0.22485951
    outer loop
      vertex 0.22662575 -0.07920000 0.13678701
      vertex 0.22662575 -0.07440000 0.13678701
      vertex 0.22551806 -0.07440000 0.14158701
    endloop
  endfacet
  facet normal 0.97439120 0.00000000 0.22485951
    outer loop
      vertex 0.22662575 -0.07920000 0.13678701
      vertex 0.22551806 -0.07440000 0.14158701
      vertex 0.22551806 -0.07920000 0.14158701
    endloop
  endfacet
  facet normal 0.00000000 -1.00000000 0.00000000
    outer loop
      vertex 0.22321538 -0.07920000 0.13600000
      vertex 0.22662575 -0.07920000 0.13678701
      vertex 0.22551806 -0.07920000 0.14158701
    endloop
  endfacet
  facet normal 0.00000000 -1.00000000 0.00000000
    outer loop
      vertex 0.22321538 -0.07920000 0.13600000
      vertex 0.22551806 -0.07920000 0.14158701
      vertex 0.22210769 -0.07920000 0.14080000
    endloop
  endfacet
  facet normal 0.00000000 1.00000000 -0.00000000
    outer loop
      vertex 0.22321538 -0.07440000 0.13600000
      vertex 0.22210769 -0.07440000 0.14080000
      vertex 0.22551806 -0.07440000 0.14158701
    endloop
  endfacet
  facet normal 0.00000000 1.00000000 0.00000000
    outer loop
      vertex 0.22321538 -0.07440000 0.13600000
      vertex 0.22551806 -0.07440000 0.14158701
      vertex 0.22662575 -0.07440000 0.13678701
    endloop
  endfacet
  facet normal -0.22485951 0.00000000 0.97439120
    outer loop
      vertex 0.22210769 -0.07920000 0.14080000
      vertex 0.22551806 -0.07920000 0.14158701
      vertex 0.22551806 -0.07440000 0.14158701
    endloop
  endfacet
  facet normal -0.22485951 0.00000000 0.97439120
    outer loop
      vertex 0.22210769 -0.07920000 0.14080000
      vertex 0.22551806 -0.07440000 0.14158701
      vertex 0.22210769 -0.07440000 0.14080000
    endloop
  endfacet
  facet normal 0.22485951 0.00000000 -0.97439120
    outer loop
      vertex 0.22321538 -0.07920000 0.13600000
      vertex 0.22321538 -0.07440000 0.13600000
      vertex 0.22662575 -0.07440000 0.13678701
    endloop
  endfacet
  facet normal 0.22485951 0.00000000 -0.97439120
    outer loop
      vertex 0.22321538 -0.07920000 0.13600000
      vertex 0.22662575 -0.07440000 0.13678701
      vertex 0.22662575 -0.07920000 0.13678701
    endloop
  endfacet
  facet normal 0.97439120 -0.00000000 0.22485951
    outer loop
      vertex 0.22662575 -0.06000000 0.13678701
      vertex 0.22662575 -0.05520000 0.13678701
      vertex 0.22551806 -0.05520000 0.14158701
    endloop
  endfacet
  facet normal 0.97439120 0.00000000 0.22485951
    outer loop
      vertex 0.22662575 -0.06000000 0.13678701
      vertex 0.22551806 -0.05520000 0.14158701
      vertex 0.22551806 -0.06000000 0.14158701
    endloop
  endfacet
  facet normal 0.00000000 -1.00000000 0.00000000
    outer loop
      vertex 0.22321538 -0.06000000 0.13600000
      vertex 0.22662575 -0.06000000 0.13678701
      vertex 0.22551806 -0.06000000 0.14158701
    endloop
  endfacet
  facet normal 0.00000000 -1.00000000 0.00000000
    outer loop
      vertex 0.22321538 -0.06000000 0.13600000
      vertex 0.22551806 -0.06000000 0.14158701
      vertex 0.22210769 -0.06000000 0.14080000
    endloop
  endfacet
  facet normal 0.00000000 1.00000000 -0.00000000
    outer loop
      vertex 0.22321538 -0.05520000 0.13600000
      vertex 0.22210769 -0.05520000 0.14080000
      vertex 0.22551806 -0.05520000 0.14158701
    endloop
  endfacet
  facet normal 0.00000000 1.00000000 0.00000000
    outer loop
      vertex 0.22321538 -0.05520000 0.13600000
      vertex 0.22551806 -0.05520000 0.14158701
      vertex 0.22662575 -0.05520000 0.13678701
    endloop
  endfacet
  facet normal -0.22485951 0.00000000 0.97439120
    outer loop
      vertex 0.22210769 -0.06000000 0.14080000
      vertex 0.22551806 -0.06000000 0.14158701
      vertex 0.22551806 -0.05520000 0.14158701
    endloop
  endfacet
  facet normal -0.22485951 0.00000000 0.97439120
    outer loop
      vertex 0.22210769 -0.06000000 0.14080000
      vertex 0.22551806 -0.05520000 0.14158701
      vertex 0.22210769 -0.05520000 0.14080000
    endloop
  endfacet
  facet normal 0.22485951 0.00000000 -0.97439120
    outer loop
      vertex 0.22321538 -0.06000000 0.13600000
      vertex 0.22321538 -0.05520000 0.13600000
      vertex 0.22662575 -0.05520000 0.13678701
    endloop
  endfacet
  facet normal 0.22485951 0.00000000 -0.97439120
    outer loop
      vertex 0.22321538 -0.06000000 0.13600000
      vertex 0.22662575 -0.05520000 0.13678701
      vertex 0.22662575 -0.06000000 0.13678701
    endloop
  endfacet
  facet normal 0.97439120 -0.00000000 0.22485951
    outer loop
      vertex 0.21997960 -0.05040000 0.16558701
      vertex 0.21997960 -0.04560000 0.16558701
      vertex 0.21887191 -0.04560000 0.17038701
    endloop
  endfacet
  facet normal 0.97439120 0.00000000 0.22485951
    outer loop
      vertex 0.21997960 -0.05040000 0.16558701
      vertex 0.21887191 -0.04560000 0.17038701
      vertex 0.21887191 -0.05040000 0.17038701
    endloop
  endfacet
  facet normal 0.00000000 -1.00000000 0.00000000
    outer loop
      vertex 0.21656923 -0.05040000 0.16480000
      vertex 0.21997960 -0.05040000 0.16558701
      vertex 0.21887191 -0.05040000 0.17038701
    endloop
  endfacet
  facet normal 0.00000000 -1.00000000 0.00000000
    outer loop
      vertex 0.21656923 -0.05040000 0.16480000
      vertex 0.21887191 -0.05040000 0.17038701
      vertex 0.21546154 -0.05040000 0.16960000
    endloop
  endfacet
  facet normal 0.00000000 1.00000000 -0.00000000
    outer loop
      vertex 0.21656923 -0.04560000 0.16480000
      vertex 0.21546154 -0.04560000 0.16960000
      vertex 0.21887191 -0.04560000 0.17038701
    endloop
  endfacet
  facet normal 0.00000000 1.00000000 0.00000000
    outer loop
      vertex 0.21656923 -0.04560000 0.16480000
      vertex 0.21887191 -0.04560000 0.17038701
      vertex 0.21997960 -0.04560000 0.16558701
    endloop
  endfacet
  facet normal -0.22485951 0.00000000 0.97439120
    outer loop
      vertex 0.21546154 -0.05040000 0.16960000
      vertex 0.21887191 -0.05040000 0.17038701
      vertex 0.21887191 -0.04560000 0.17038701
    endloop
  endfacet
  facet normal -0.22485951 0.00000000 0.97439120
    outer loop
      vertex 0.21546154 -0.05040000 0.16960000
      vertex 0.21887191 -0.04560000 0.17038701
      vertex 0.21546154 -0.04560000 0.16960000
    endloop
  endfacet
  facet normal 0.22485951 0.00000000 -0.97439120
    outer loop
      vertex 0.21656923 -0.05040000 0.16480000
      vertex 0.21656923 -0.04560000 0.16480000
      vertex 0.21997960 -0.04560000 0.16558701
    endloop
  endfacet
  facet normal 0.22485951 0.00000000 -0.97439120
    outer loop
      vertex 0.21656923 -0.05040000 0.16480000
      vertex 0.21997960 -0.04560000 0.16558701
      vertex 0.21997960 -0.05040000 0.16558701
    endloop
  endfacet
  facet normal 0.97439120 -0.00000000 0.22485951
    outer loop
      vertex 0.21997960 -0.03120000 0.16558701
      vertex 0.21997960 -0.02640000 0.16558701
      vertex 0.21887191 -0.02640000 0.17038701
    endloop
  endfacet
  facet normal 0.97439120 0.00000000 0.22485951
    outer loop
      vertex 0.21997960 -0.03120000 0.16558701
      vertex 0.21887191 -0.02640000 0.17038701
      vertex 0.21887191 -0.03120000 0.17038701
    endloop
  endfacet
  facet normal 0.00000000 -1.00000000 0.00000000
    outer loop
      vertex 0.21656923 -0.03120000 0.16480000
      vertex 0.21997960 -0.03120000 0.16558701
      vertex 0.21887191 -0.03120000 0.17038701
    endloop
  endfacet
  facet normal 0.00000000 -1.00000000 0.00000000
    outer loop
      vertex 0.21656923 -0.03120000 0.16480000
      vertex 0.21887191 -0.03120000 0.17038701
      vertex 0.21546154 -0.03120000 0.16960000
    endloop
  endfacet
  facet normal 0.00000000 1.00000000 -0.00000000
    outer loop
      vertex 0.21656923 -0.02640000 0.16480000
      vertex 0.21546154 -0.02640000 0.16960000
      vertex 0.21887191 -0.02640000 0.17038701
    endloop
  endfacet
  facet normal 0.00000000 1.00000000 0.00000000
    outer loop
      vertex 0.21656923 -0.02640000 0.16480000
      vertex 0.21887191 -0.02640000 0.17038701
      vertex 0.21997960 -0.02640000 0.16558701
    endloop
  endfacet
  facet normal -0.22485951 0.00000000 0.97439120
    outer loop
      vertex 0.21546154 -0.03120000 0.16960000
      vertex 0.21887191 -0.03120000 0.17038701
      vertex 0.21887191 -0.02640000 0.17038701
    endloop
  endfacet
  facet normal -0.22485951 0.00000000 0.97439120
    outer loop
      vertex 0.21546154 -0.03120000 0.16960000
      vertex 0.21887191 -0.02640000 0.17038701
      vertex 0.21546154 -0.02640000 0.16960000
    endloop
  endfacet
  facet normal 0.22485951 0.00000000 -0.97439120
    outer loop
      vertex 0.21656923 -0.03120000 0.16480000
      vertex 0.21656923 -0.02640000 0.16480000
      vertex 0.21997960 -0.02640000 0.16558701
    endloop
  endfacet
  facet normal 0.22485951 0.00000000 -0.97439120
    outer loop
      vertex 0.21656923 -0.03120000 0.16480000
      vertex 0.21997960 -0.02640000 0.16558701
      vertex 0.21997960 -0.03120000 0.16558701
    endloop
  endfacet
  facet normal 0.97439120 -0.00000000 0.22485951
    outer loop
      vertex 0.22108729 -0.05040000 0.16078701
      vertex 0.22108729 -0.04560000 0.16078701
      vertex 0.21997960 -0.04560000 0.16558701
    endloop
  endfacet
  facet normal 0.97439120 0.00000000 0.22485951
    outer loop
      vertex 0.22108729 -0.05040000 0.16078701
      vertex 0.21997960 -0.04560000 0.16558701
      vertex 0.21997960 -0.05040000 0.16558701
    endloop
  endfacet
  facet normal 0.00000000 -1.00000000 0.00000000
    outer loop
      vertex 0.21767692 -0.05040000 0.16000000
      vertex 0.22108729 -0.05040000 0.16078701
      vertex 0.21997960 -0.05040000 0.16558701
    endloop
  endfacet
  facet normal 0.00000000 -1.00000000 0.00000000
    outer loop
      vertex 0.21767692 -0.05040000 0.16000000
      vertex 0.21997960 -0.05040000 0.16558701
      vertex 0.21656923 -0.05040000 0.16480000
    endloop
  endfacet
  facet normal 0.00000000 1.00000000 -0.00000000
    outer loop
      vertex 0.21767692 -0.04560000 0.16000000
      vertex 0.21656923 -0.04560000 0.16480000
      vertex 0.21997960 -0.04560000 0.16558701
    endloop
  endfacet
  facet normal 0.00000000 1.00000000 0.00000000
    outer loop
      vertex 0.21767692 -0.04560000 0.16000000
      vertex 0.21997960 -0.04560000 0.16558701
      vertex 0.22108729 -0.04560000 0.16078701
    endloop
  endfacet
  facet normal -0.22485951 0.00000000 0.97439120
    outer loop
      vertex 0.21656923 -0.05040000 0.16480000
      vertex 0.21997960 -0.05040000 0.16558701
      vertex 0.21997960 -0.04560000 0.16558701
    endloop
  endfacet
  facet normal -0.22485951 0.00000000 0.97439120
    outer loop
      vertex 0.21656923 -0.05040000 0.16480000
      vertex 0.21997960 -0.04560000 0.16558701
      vertex 0.21656923 -0.04560000 0.16480000
    endloop
  endfacet
  facet normal 0.22485951 0.00000000 -0.97439120
    outer loop
      vertex 0.21767692 -0.05040000 0.16000000
      vertex 0.21767692 -0.04560000 0.16000000
      vertex 0.22108729 -0.04560000 0.16078701
    endloop
  endfacet
  facet normal 0.22485951 0.00000000 -0.97439120
    outer loop
      vertex 0.21767692 -0.05040000 0.16000000
      vertex 0.22108729 -0.04560000 0.16078701
      vertex 0.22108729 -0.05040000 0.16078701
    endloop
  endfacet
  facet normal 0.97439120 -0.00000000 0.22485951
    outer loop
      vertex 0.22108729 -0.04560000 0.16078701
      vertex 0.22108729 -0.04080000 0.16078701
      vertex 0.21997960 -0.04080000 0.16558701
    endloop
  endfacet
  facet normal 0.97439120 0.00000000 0.22485951
    outer loop
      vertex 0.22108729 -0.04560000 0.16078701
      vertex 0.21997960 -0.04080000 0.16558701
      vertex 0.21997960 -0.04560000 0.16558701
    endloop
  endfacet
  facet normal 0.00000000 -1.00000000 0.00000000
    outer loop
      vertex 0.21767692 -0.04560000 0.16000000
      vertex 0.22108729 -0.04560000 0.16078701
      vertex 0.21997960 -0.04560000 0.16558701
    endloop
  endfacet
  facet normal 0.00000000 -1.00000000 0.00000000
    outer loop
      vertex 0.21767692 -0.04560000 0.16000000
      vertex 0.21997960 -0.04560000 0.16558701
      vertex 0.21656923 -0.04560000 0.16480000
    endloop
  endfacet
  facet normal 0.00000000 1.00000000 -0.00000000
    outer loop
      vertex 0.21767692 -0.04080000 0.16000000
      vertex 0.21656923 -0.04080000 0.16480000
      vertex 0.21997960 -0.04080000 0.16558701
    endloop
  endfacet
  facet normal 0.00000000 1.00000000 0.00000000
    outer loop
      vertex 0.21767692 -0.04080000 0.16000000
      vertex 0.21997960 -0.04080000 0.16558701
      vertex 0.22108729 -0.04080000 0.16078701
    endloop
  endfacet
  facet normal -0.22485951 0.00000000 0.97439120
    outer loop
      vertex 0.21656923 -0.04560000 0.16480000
      vertex 0.21997960 -0.04560000 0.16558701
      vertex 0.21997960 -0.04080000 0.16558701
    endloop
  endfacet
  facet normal -0.22485951 0.00000000 0.97439120
    outer loop
      vertex 0.21656923 -0.04560000 0.16480000
      vertex 0.21997960 -0.04080000 0.16558701
      vertex 0.21656923 -0.04080000 0.16480000
    endloop
  endfacet
  facet normal 0.22485951 0.00000000 -0.97439120
    outer loop
      vertex 0.21767692 -0.04560000 0.16000000
      vertex 0.21767692 -0.04080000 0.16000000
      vertex 0.22108729 -0.04080000 0.16078701
    endloop
  endfacet
  facet normal 0.22485951 0.00000000 -0.97439120
    outer loop
      vertex 0.21767692 -0.04560000 0.16000000
      vertex 0.22108729 -0.04080000 0.16078701
      vertex 0.22108729 -0.04560000 0.16078701
    endloop
  endfacet
  facet normal 0.97439120 -0.00000000 0.22485951
    outer loop
      vertex 0.22108729 -0.03120000 0.16078701
      vertex 0.22108729 -0.02640000 0.16078701
      vertex 0.21997960 -0.02640000 0.16558701
    endloop
  endfacet
  facet normal 0.97439120 0.00000000 0.22485951
    outer loop
      vertex 0.22108729 -0.03120000 0.16078701
      vertex 0.21997960 -0.02640000 0.16558701
      vertex 0.21997960 -0.03120000 0.16558701
    endloop
  endfacet
  facet normal 0.00000000 -1.00000000 0.00000000
    outer loop
      vertex 0.21767692 -0.03120000 0.16000000
      vertex 0.22108729 -0.03120000 0.16078701
      vertex 0.21997960 -0.03120000 0.16558701
    endloop
  endfacet
  facet normal 0.00000000 -1.00000000 0.00000000
    outer loop
      vertex 0.21767692 -0.03120000 0.16000000
      vertex 0.21997960 -0.03120000 0.16558701
      vertex 0.21656923 -0.03120000 0.16480000
    endloop
  endfacet
  facet normal 0.00000000 1.00000000 -0.00000000
    outer loop
      vertex 0.21767692 -0.02640000 0.16000000
      vertex 0.21656923 -0.02640000 0.16480000
      vertex 0.21997960 -0.02640000 0.16558701
    endloop
  endfacet
  facet normal 0.00000000 1.00000000 0.00000000
    outer loop
      vertex 0.21767692 -0.02640000 0.16000000
      vertex 0.21997960 -0.02640000 0.16558701
      vertex 0.22108729 -0.02640000 0.16078701
    endloop
  endfacet
  facet normal -0.22485951 0.00000000 0.97439120
    outer loop
      vertex 0.21656923 -0.03120000 0.16480000
      vertex 0.21997960 -0.03120000 0.16558701
      vertex 0.21997960 -0.02640000 0.16558701
    endloop
  endfacet
  facet normal -0.22485951 0.00000000 0.97439120
    outer loop
      vertex 0.21656923 -0.03120000 0.16480000
      vertex 0.21997960 -0.02640000 0.16558701
      vertex 0.21656923 -0.02640000 0.16480000
    endloop
  endfacet
  facet normal 0.22485951 0.00000000 -0.97439120
    outer loop
      vertex 0.21767692 -0.03120000 0.16000000
      vertex 0.21767692 -0.02640000 0.16000000
      vertex 0.22108729 -0.02640000 0.16078701
    endloop
  endfacet
  facet normal 0.22485951 0.00000000 -0.97439120
    outer loop
      vertex 0.21767692 -0.03120000 0.16000000
      vertex 0.22108729 -0.02640000 0.16078701
      vertex 0.22108729 -0.03120000 0.16078701
    endloop
  endfacet
  facet normal 0.97439120 -0.00000000 0.22485951
    outer loop
      vertex 0.22219498 -0.05040000 0.15598701
      vertex 0.22219498 -0.04560000 0.15598701
      vertex 0.22108729 -0.04560000 0.16078701
    endloop
  endfacet
  facet normal 0.97439120 0.00000000 0.22485951
    outer loop
      vertex 0.22219498 -0.05040000 0.15598701
      vertex 0.22108729 -0.04560000 0.16078701
      vertex 0.22108729 -0.05040000 0.16078701
    endloop
  endfacet
  facet normal 0.00000000 -1.00000000 0.00000000
    outer loop
      vertex 0.21878462 -0.05040000 0.15520000
      vertex 0.22219498 -0.05040000 0.15598701
      vertex 0.22108729 -0.05040000 0.16078701
    endloop
  endfacet
  facet normal 0.00000000 -1.00000000 0.00000000
    outer loop
      vertex 0.21878462 -0.05040000 0.15520000
      vertex 0.22108729 -0.05040000 0.16078701
      vertex 0.21767692 -0.05040000 0.16000000
    endloop
  endfacet
  facet normal 0.00000000 1.00000000 -0.00000000
    outer loop
      vertex 0.21878462 -0.04560000 0.15520000
      vertex 0.21767692 -0.04560000 0.16000000
      vertex 0.22108729 -0.04560000 0.16078701
    endloop
  endfacet
  facet normal 0.00000000 1.00000000 0.00000000
    outer loop
      vertex 0.21878462 -0.04560000 0.15520000
      vertex 0.22108729 -0.04560000 0.16078701
      vertex 0.22219498 -0.04560000 0.15598701
    endloop
  endfacet
  facet normal -0.22485951 0.00000000 0.97439120
    outer loop
      vertex 0.21767692 -0.05040000 0.16000000
      vertex 0.22108729 -0.05040000 0.16078701
      vertex 0.22108729 -0.04560000 0.16078701
    endloop
  endfacet
  facet normal -0.22485951 0.00000000 0.97439120
    outer loop
      vertex 0.21767692 -0.05040000 0.16000000
      vertex 0.22108729 -0.04560000 0.16078701
      vertex 0.21767692 -0.04560000 0.16000000
    endloop
  endfacet
  facet normal 0.22485951 0.00000000 -0.97439120
    outer loop
      vertex 0.21878462 -0.05040000 0.15520000
      vertex 0.21878462 -0.04560000 0.15520000
      vertex 0.22219498 -0.04560000 0.15598701
    endloop
  endfacet
  facet normal 0.22485951 0.00000000 -0.97439120
    outer loop
      vertex 0.21878462 -0.05040000 0.15520000
      vertex 0.22219498 -0.04560000 0.15598701
      vertex 0.22219498 -0.05040000 0.15598701
    endloop
  endfacet
  facet normal 0.97439120 -0.00000000 0.22485951
    outer loop
      vertex 0.22219498 -0.04080000 0.15598701
      vertex 0.22219498 -0.03600000 0.15598701
      vertex 0.22108729 -0.03600000 0.16078701
    endloop
  endfacet
  facet normal 0.97439120 0.00000000 0.22485951
    outer loop
      vertex 0.22219498 -0.04080000 0.15598701
      vertex 0.22108729 -0.03600000 0.16078701
      vertex 0.22108729 -0.04080000 0.16078701
    endloop
  endfacet
  facet normal 0.00000000 -1.00000000 0.00000000
    outer loop
      vertex 0.21878462 -0.04080000 0.15520000
      vertex 0.22219498 -0.04080000 0.15598701
      vertex 0.22108729 -0.04080000 0.16078701
    endloop
  endfacet
  facet normal 0.00000000 -1.00000000 0.00000000
    outer loop
      vertex 0.21878462 -0.04080000 0.15520000
      vertex 0.22108729 -0.04080000 0.16078701
      vertex 0.21767692 -0.04080000 0.16000000
    endloop
  endfacet
  facet normal 0.00000000 1.00000000 -0.00000000
    outer loop
      vertex 0.21878462 -0.03600000 0.15520000
      vertex 0.21767692 -0.03600000 0.16000000
      vertex 0.22108729 -0.03600000 0.16078701
    endloop
  endfacet
  facet normal 0.00000000 1.00000000 0.00000000
    outer loop
      vertex 0.21878462 -0.03600000 0.15520000
      vertex 0.22108729 -0.03600000 0.16078701
      vertex 0.22219498 -0.03600000 0.15598701
    endloop
  endfacet
  facet normal -0.22485951 0.00000000 0.97439120
    outer loop
      vertex 0.21767692 -0.04080000 0.16000000
      vertex 0.22108729 -0.04080000 0.16078701
      vertex 0.22108729 -0.03600000 0.16078701
    endloop
  endfacet
  facet normal -0.22485951 0.00000000 0.97439120
    outer loop
      vertex 0.21767692 -0.04080000 0.16000000
      vertex 0.22108729 -0.03600000 0.16078701
      vertex 0.21767692 -0.03600000 0.16000000
    endloop
  endfacet
  facet normal 0.22485951 0.00000000 -0.97439120
    outer loop
      vertex 0.21878462 -0.04080000 0.15520000
      vertex 0.21878462 -0.03600000 0.15520000
      vertex 0.22219498 -0.03600000 0.15598701
    endloop
  endfacet
  facet normal 0.22485951 0.00000000 -0.97439120
    outer loop
      vertex 0.21878462 -0.04080000 0.15520000
      vertex 0.22219498 -0.03600000 0.15598701
      vertex 0.22219498 -0.04080000 0.15598701
    endloop
  endfacet
  facet normal 0.97439120 -0.00000000 0.22485951
    outer loop
      vertex 0.22219498 -0.03120000 0.15598701
      vertex 0.22219498 -0.02640000 0.15598701
      vertex 0.22108729 -0.02640000 0.16078701
    endloop
  endfacet
  facet normal 0.97439120 0.00000000 0.22485951
    outer loop
      vertex 0.22219498 -0.03120000 0.15598701
      vertex 0.22108729 -0.02640000 0.16078701
      vertex 0.22108729 -0.03120000 0.16078701
    endloop
  endfacet
  facet normal 0.00000000 -1.00000000 0.00000000
    outer loop
      vertex 0.21878462 -0.03120000 0.15520000
      vertex 0.22219498 -0.03120000 0.15598701
      vertex 0.22108729 -0.03120000 0.16078701
    endloop
  endfacet
  facet normal 0.00000000 -1.00000000 0.00000000
    outer loop
      vertex 0.21878462 -0.03120000 0.15520000
      vertex 0.22108729 -0.03120000 0.16078701
      vertex 0.21767692 -0.03120000 0.16000000
    endloop
  endfacet
  facet normal 0.00000000 1.00000000 -0.00000000
    outer loop
      vertex 0.21878462 -0.02640000 0.15520000
      vertex 0.21767692 -0.02640000 0.16000000
      vertex 0.22108729 -0.02640000 0.16078701
    endloop
  endfacet
  facet normal 0.00000000 1.00000000 0.00000000
    outer loop
      vertex 0.21878462 -0.02640000 0.15520000
      vertex 0.22108729 -0.02640000 0.16078701
      vertex 0.22219498 -0.02640000 0.15598701
    endloop
  endfacet
  facet normal -0.22485951 0.00000000 0.97439120
    outer loop
      vertex 0.21767692 -0.03120000 0.16000000
      vertex 0.22108729 -0.03120000 0.16078701
      vertex 0.22108729 -0.02640000 0.16078701
    endloop
  endfacet
  facet normal -0.22485951 0.00000000 0.97439120
    outer loop
      vertex 0.21767692 -0.03120000 0.16000000
      vertex 0.22108729 -0.02640000 0.16078701
      vertex 0.21767692 -0.02640000 0.16000000
    endloop
  endfacet
  facet normal 0.22485951 0.00000000 -0.97439120
    outer loop
      vertex 0.21878462 -0.03120000 0.15520000
      vertex 0.21878462 -0.02640000 0.15520000
      vertex 0.22219498 -0.02640000 0.15598701
    endloop
  endfacet
  facet normal 0.22485951 0.00000000 -0.97439120
    outer loop
      vertex 0.21878462 -0.03120000 0.15520000
      vertex 0.22219498 -0.02640000 0.15598701
      vertex 0.22219498 -0.03120000 0.15598701
    endloop
  endfacet
  facet normal 0.97439120 -0.00000000 0.22485951
    outer loop
      vertex 0.22330268 -0.05040000 0.15118701
      vertex 0.22330268 -0.04560000 0.15118701
      vertex 0.22219498 -0.04560000 0.15598701
    endloop
  endfacet
  facet normal 0.97439120 0.00000000 0.22485951
    outer loop
      vertex 0.22330268 -0.05040000 0.15118701
      vertex 0.22219498 -0.04560000 0.15598701
      vertex 0.22219498 -0.05040000 0.15598701
    endloop
  endfacet
  facet normal 0.00000000 -1.00000000 0.00000000
    outer loop
      vertex 0.21989231 -0.05040000 0.15040000
      vertex 0.22330268 -0.05040000 0.15118701
      vertex 0.22219498 -0.05040000 0.15598701
    endloop
  endfacet
  facet normal 0.00000000 -1.00000000 0.00000000
    outer loop
      vertex 0.21989231 -0.05040000 0.15040000
      vertex 0.22219498 -0.05040000 0.15598701
      vertex 0.21878462 -0.05040000 0.15520000
    endloop
  endfacet
  facet normal 0.00000000 1.00000000 -0.00000000
    outer loop
      vertex 0.21989231 -0.04560000 0.15040000
      vertex 0.21878462 -0.04560000 0.15520000
      vertex 0.22219498 -0.04560000 0.15598701
    endloop
  endfacet
  facet normal 0.00000000 1.00000000 0.00000000
    outer loop
      vertex 0.21989231 -0.04560000 0.15040000
      vertex 0.22219498 -0.04560000 0.15598701
      vertex 0.22330268 -0.04560000 0.15118701
    endloop
  endfacet
  facet normal -0.22485951 0.00000000 0.97439120
    outer loop
      vertex 0.21878462 -0.05040000 0.15520000
      vertex 0.22219498 -0.05040000 0.15598701
      vertex 0.22219498 -0.04560000 0.15598701
    endloop
  endfacet
  facet normal -0.22485951 0.00000000 0.97439120
    outer loop
      vertex 0.21878462 -0.05040000 0.15520000
      vertex 0.22219498 -0.04560000 0.15598701
      vertex 0.21878462 -0.04560000 0.15520000
    endloop
  endfacet
  facet normal 0.22485951 0.00000000 -0.97439120
    outer loop
      vertex 0.21989231 -0.05040000 0.15040000
      vertex 0.21989231 -0.04560000 0.15040000
      vertex 0.22330268 -0.04560000 0.15118701
    endloop
  endfacet
  facet normal 0.22485951 0.00000000 -0.97439120
    outer loop
      vertex 0.21989231 -0.05040000 0.15040000
      vertex 0.22330268 -0.04560000 0.15118701
      vertex 0.22330268 -0.05040000 0.15118701
    endloop
  endfacet
  facet normal 0.97439120 -0.00000000 0.22485951
    outer loop
      vertex 0.22330268 -0.03600000 0.15118701
      vertex 0.22330268 -0.03120000 0.15118701
      vertex 0.22219498 -0.03120000 0.15598701
    endloop
  endfacet
  facet normal 0.97439120 0.00000000 0.22485951
    outer loop
      vertex 0.22330268 -0.03600000 0.15118701
      vertex 0.22219498 -0.03120000 0.15598701
      vertex 0.22219498 -0.03600000 0.15598701
    endloop
  endfacet
  facet normal 0.00000000 -1.00000000 0.00000000
    outer loop
      vertex 0.21989231 -0.03600000 0.15040000
      vertex 0.22330268 -0.03600000 0.15118701
      vertex 0.22219498 -0.03600000 0.15598701
    endloop
  endfacet
  facet normal 0.00000000 -1.00000000 0.00000000
    outer loop
      vertex 0.21989231 -0.03600000 0.15040000
      vertex 0.22219498 -0.03600000 0.15598701
      vertex 0.21878462 -0.03600000 0.15520000
    endloop
  endfacet
  facet normal 0.00000000 1.00000000 -0.00000000
    outer loop
      vertex 0.21989231 -0.03120000 0.15040000
      vertex 0.21878462 -0.03120000 0.15520000
      vertex 0.22219498 -0.03120000 0.15598701
    endloop
  endfacet
  facet normal 0.00000000 1.00000000 0.00000000
    outer loop
      vertex 0.21989231 -0.03120000 0.15040000
      vertex 0.22219498 -0.03120000 0.15598701
      vertex 0.22330268 -0.03120000 0.15118701
    endloop
  endfacet
  facet normal -0.22485951 0.00000000 0.97439120
    outer loop
      vertex 0.21878462 -0.03600000 0.15520000
      vertex 0.22219498 -0.03600000 0.15598701
      vertex 0.22219498 -0.03120000 0.15598701
    endloop
  endfacet
  facet normal -0.22485951 0.00000000 0.97439120
    outer loop
      vertex 0.21878462 -0.03600000 0.15520000
      vertex 0.22219498 -0.03120000 0.15598701
      vertex 0.21878462 -0.03120000 0.15520000
    endloop
  endfacet
  facet normal 0.22485951 0.00000000 -0.97439120
    outer loop
      vertex 0.21989231 -0.03600000 0.15040000
      vertex 0.21989231 -0.03120000 0.15040000
      vertex 0.22330268 -0.03120000 0.15118701
    endloop
  endfacet
  facet normal 0.22485951 0.00000000 -0.97439120
    outer loop
      vertex 0.21989231 -0.03600000 0.15040000
      vertex 0.22330268 -0.03120000 0.15118701
      vertex 0.22330268 -0.03600000 0.15118701
    endloop
  endfacet
  facet normal 0.97439120 -0.00000000 0.22485951
    outer loop
      vertex 0.22330268 -0.03120000 0.15118701
      vertex 0.22330268 -0.02640000 0.15118701
      vertex 0.22219498 -0.02640000 0.15598701
    endloop
  endfacet
  facet normal 0.97439120 0.00000000 0.22485951
    outer loop
      vertex 0.22330268 -0.03120000 0.15118701
      vertex 0.22219498 -0.02640000 0.15598701
      vertex 0.22219498 -0.03120000 0.15598701
    endloop
  endfacet
  facet normal 0.00000000 -1.00000000 0.00000000
    outer loop
      vertex 0.21989231 -0.03120000 0.15040000
      vertex 0.22330268 -0.03120000 0.15118701
      vertex 0.22219498 -0.03120000 0.15598701
    endloop
  endfacet
  facet normal 0.00000000 -1.00000000 0.00000000
    outer loop
      vertex 0.21989231 -0.03120000 0.15040000
      vertex 0.22219498 -0.03120000 0.15598701
      vertex 0.21878462 -0.03120000 0.15520000
    endloop
  endfacet
  facet normal 0.00000000 1.00000000 -0.00000000
    outer loop
      vertex 0.21989231 -0.02640000 0.15040000
      vertex 0.21878462 -0.02640000 0.15520000
      vertex 0.22219498 -0.02640000 0.15598701
    endloop
  endfacet
  facet normal 0.00000000 1.00000000 0.00000000
    outer loop
      vertex 0.21989231 -0.02640000 0.15040000
      vertex 0.22219498 -0.02640000 0.15598701
      vertex 0.22330268 -0.02640000 0.15118701
    endloop
  endfacet
  facet normal -0.22485951 0.00000000 0.97439120
    outer loop
      vertex 0.21878462 -0.03120000 0.15520000
      vertex 0.22219498 -0.03120000 0.15598701
      vertex 0.22219498 -0.02640000 0.15598701
    endloop
  endfacet
  facet normal -0.22485951 0.00000000 0.97439120
    outer loop
      vertex 0.21878462 -0.03120000 0.15520000
      vertex 0.22219498 -0.02640000 0.15598701
      vertex 0.21878462 -0.02640000 0.15520000
    endloop
  endfacet
  facet normal 0.22485951 0.00000000 -0.97439120
    outer loop
      vertex 0.21989231 -0.03120000 0.15040000
      vertex 0.21989231 -0.02640000 0.15040000
      vertex 0.22330268 -0.02640000 0.15118701
    endloop
  endfacet
  facet normal 0.22485951 0.00000000 -0.97439120
    outer loop
      vertex 0.21989231 -0.03120000 0.15040000
      vertex 0.22330268 -0.02640000 0.15118701
      vertex 0.22330268 -0.03120000 0.15118701
    endloop
  endfacet
  facet normal 0.97439120 -0.00000000 0.22485951
    outer loop
      vertex 0.22441037 -0.05040000 0.14638701
      vertex 0.22441037 -0.04560000 0.14638701
      vertex 0.22330268 -0.04560000 0.15118701
    endloop
  endfacet
  facet normal 0.97439120 0.00000000 0.22485951
    outer loop
      vertex 0.22441037 -0.05040000 0.14638701
      vertex 0.22330268 -0.04560000 0.15118701
      vertex 0.22330268 -0.05040000 0.15118701
    endloop
  endfacet
  facet normal 0.00000000 -1.00000000 0.00000000
    outer loop
      vertex 0.22100000 -0.05040000 0.14560000
      vertex 0.22441037 -0.05040000 0.14638701
      vertex 0.22330268 -0.05040000 0.15118701
    endloop
  endfacet
  facet normal 0.00000000 -1.00000000 0.00000000
    outer loop
      vertex 0.22100000 -0.05040000 0.14560000
      vertex 0.22330268 -0.05040000 0.15118701
      vertex 0.21989231 -0.05040000 0.15040000
    endloop
  endfacet
  facet normal 0.00000000 1.00000000 -0.00000000
    outer loop
      vertex 0.22100000 -0.04560000 0.14560000
      vertex 0.21989231 -0.04560000 0.15040000
      vertex 0.22330268 -0.04560000 0.15118701
    endloop
  endfacet
  facet normal 0.00000000 1.00000000 0.00000000
    outer loop
      vertex 0.22100000 -0.04560000 0.14560000
      vertex 0.22330268 -0.04560000 0.15118701
      vertex 0.22441037 -0.04560000 0.14638701
    endloop
  endfacet
  facet normal -0.22485951 0.00000000 0.97439120
    outer loop
      vertex 0.21989231 -0.05040000 0.15040000
      vertex 0.22330268 -0.05040000 0.15118701
      vertex 0.22330268 -0.04560000 0.15118701
    endloop
  endfacet
  facet normal -0.22485951 0.00000000 0.97439120
    outer loop
      vertex 0.21989231 -0.05040000 0.15040000
      vertex 0.22330268 -0.04560000 0.15118701
      vertex 0.21989231 -0.04560000 0.15040000
    endloop
  endfacet
  facet normal 0.22485951 0.00000000 -0.97439120
    outer loop
      vertex 0.22100000 -0.05040000 0.14560000
      vertex 0.22100000 -0.04560000 0.14560000
      vertex 0.22441037 -0.04560000 0.14638701
    endloop
  endfacet
  facet normal 0.22485951 0.00000000 -0.97439120
    outer loop
      vertex 0.22100000 -0.05040000 0.14560000
      vertex 0.22441037 -0.04560000 0.14638701
      vertex 0.22441037 -0.05040000 0.14638701
    endloop
  endfacet
  facet normal 0.97439120 -0.00000000 0.22485951
    outer loop
      vertex 0.22441037 -0.03120000 0.14638701
      vertex 0.22441037 -0.02640000 0.14638701
      vertex 0.22330268 -0.02640000 0.15118701
    endloop
  endfacet
  facet normal 0.97439120 0.00000000 0.22485951
    outer loop
      vertex 0.22441037 -0.03120000 0.14638701
      vertex 0.22330268 -0.02640000 0.15118701
      vertex 0.22330268 -0.03120000 0.15118701
    endloop
  endfacet
  facet normal 0.00000000 -1.00000000 0.00000000
    outer loop
      vertex 0.22100000 -0.03120000 0.14560000
      vertex 0.22441037 -0.03120000 0.14638701
      vertex 0.22330268 -0.03120000 0.15118701
    endloop
  endfacet
  facet normal 0.00000000 -1.00000000 0.00000000
    outer loop
      vertex 0.22100000 -0.03120000 0.14560000
      vertex 0.22330268 -0.03120000 0.15118701
      vertex 0.21989231 -0.03120000 0.15040000
    endloop
  endfacet
  facet normal 0.00000000 1.00000000 -0.00000000
    outer loop
      vertex 0.22100000 -0.02640000 0.14560000
      vertex 0.21989231 -0.02640000 0.15040000
      vertex 0.22330268 -0.02640000 0.15118701
    endloop
  endfacet
  facet normal 0.00000000 1.00000000 0.00000000
    outer loop
      vertex 0.22100000 -0.02640000 0.14560000
      vertex 0.22330268 -0.02640000 0.15118701
      vertex 0.22441037 -0.02640000 0.14638701
    endloop
  endfacet
  facet normal -0.22485951 0.00000000 0.97439120
    outer loop
      vertex 0.21989231 -0.03120000 0.15040000
      vertex 0.22330268 -0.03120000 0.15118701
      vertex 0.22330268 -0.02640000 0.15118701
    endloop
  endfacet
  facet normal -0.22485951 0.00000000 0.97439120
    outer loop
      vertex 0.21989231 -0.03120000 0.15040000
      vertex 0.22330268 -0.02640000 0.15118701
      vertex 0.21989231 -0.02640000 0.15040000
    endloop
  endfacet
  facet normal 0.22485951 0.00000000 -0.97439120
    outer loop
      vertex 0.22100000 -0.03120000 0.14560000
      vertex 0.22100000 -0.02640000 0.14560000
      vertex 0.22441037 -0.02640000 0.14638701
    endloop
  endfacet
  facet normal 0.22485951 0.00000000 -0.97439120
    outer loop
      vertex 0.22100000 -0.03120000 0.14560000
      vertex 0.22441037 -0.02640000 0.14638701
      vertex 0.22441037 -0.03120000 0.14638701
    endloop
  endfacet
  facet normal 0.97439120 -0.00000000 0.22485951
    outer loop
      vertex 0.22551806 -0.05040000 0.14158701
      vertex 0.22551806 -0.04560000 0.14158701
      vertex 0.22441037 -0.04560000 0.14638701
    endloop
  endfacet
  facet normal 0.97439120 0.00000000 0.22485951
    outer loop
      vertex 0.22551806 -0.05040000 0.14158701
      vertex 0.22441037 -0.04560000 0.14638701
      vertex 0.22441037 -0.05040000 0.14638701
    endloop
  endfacet
  facet normal 0.00000000 -1.00000000 0.00000000
    outer loop
      vertex 0.22210769 -0.05040000 0.14080000
      vertex 0.22551806 -0.05040000 0.14158701
      vertex 0.22441037 -0.05040000 0.14638701
    endloop
  endfacet
  facet normal 0.00000000 -1.00000000 0.00000000
    outer loop
      vertex 0.22210769 -0.05040000 0.14080000
      vertex 0.22441037 -0.05040000 0.14638701
      vertex 0.22100000 -0.05040000 0.14560000
    endloop
  endfacet
  facet normal 0.00000000 1.00000000 -0.00000000
    outer loop
      vertex 0.22210769 -0.04560000 0.14080000
      vertex 0.22100000 -0.04560000 0.14560000
      vertex 0.22441037 -0.04560000 0.14638701
    endloop
  endfacet
  facet normal 0.00000000 1.00000000 0.00000000
    outer loop
      vertex 0.22210769 -0.04560000 0.14080000
      vertex 0.22441037 -0.04560000 0.14638701
      vertex 0.22551806 -0.04560000 0.14158701
    endloop
  endfacet
  facet normal -0.22485951 0.00000000 0.97439120
    outer loop
      vertex 0.22100000 -0.05040000 0.14560000
      vertex 0.22441037 -0.05040000 0.14638701
      vertex 0.22441037 -0.04560000 0.14638701
    endloop
  endfacet
  facet normal -0.22485951 0.00000000 0.97439120
    outer loop
      vertex 0.22100000 -0.05040000 0.14560000
      vertex 0.22441037 -0.04560000 0.14638701
      vertex 0.22100000 -0.04560000 0.14560000
    endloop
  endfacet
  facet normal 0.22485951 0.00000000 -0.97439120
    outer loop
      vertex 0.22210769 -0.05040000 0.14080000
      vertex 0.22210769 -0.04560000 0.14080000
      vertex 0.22551806 -0.04560000 0.14158701
    endloop
  endfacet
  facet normal 0.22485951 0.00000000 -0.97439120
    outer loop
      vertex 0.22210769 -0.05040000 0.14080000
      vertex 0.22551806 -0.04560000 0.14158701
      vertex 0.22551806 -0.05040000 0.14158701
    endloop
  endfacet
  facet normal 0.97439120 -0.00000000 0.22485951
    outer loop
      vertex 0.22551806 -0.03120000 0.14158701
      vertex 0.22551806 -0.02640000 0.14158701
      vertex 0.22441037 -0.02640000 0.14638701
    endloop
  endfacet
  facet normal 0.97439120 0.00000000 0.22485951
    outer loop
      vertex 0.22551806 -0.03120000 0.14158701
      vertex 0.22441037 -0.02640000 0.14638701
      vertex 0.22441037 -0.03120000 0.14638701
    endloop
  endfacet
  facet normal 0.00000000 -1.00000000 0.00000000
    outer loop
      vertex 0.22210769 -0.03120000 0.14080000
      vertex 0.22551806 -0.03120000 0.14158701
      vertex 0.22441037 -0.03120000 0.14638701
    endloop
  endfacet
  facet normal 0.00000000 -1.00000000 0.00000000
    outer loop
      vertex 0.22210769 -0.03120000 0.14080000
      vertex 0.22441037 -0.03120000 0.14638701
      vertex 0.22100000 -0.03120000 0.14560000
    endloop
  endfacet
  facet normal 0.00000000 1.00000000 -0.00000000
    outer loop
      vertex 0.22210769 -0.02640000 0.14080000
      vertex 0.22100000 -0.02640000 0.14560000
      vertex 0.22441037 -0.02640000 0.14638701
    endloop
  endfacet
  facet normal 0.00000000 1.00000000 0.00000000
    outer loop
      vertex 0.22210769 -0.02640000 0.14080000
      vertex 0.22441037 -0.02640000 0.14638701
      vertex 0.22551806 -0.02640000 0.14158701
    endloop
  endfacet
  facet normal -0.22485951 0.00000000 0.97439120
    outer loop
      vertex 0.22100000 -0.03120000 0.14560000
      vertex 0.22441037 -0.03120000 0.14638701
      vertex 0.22441037 -0.02640000 0.14638701
    endloop
  endfacet
  facet normal -0.22485951 0.00000000 0.97439120
    outer loop
      vertex 0.22100000 -0.03120000 0.14560000
      vertex 0.22441037 -0.02640000 0.14638701
      vertex 0.22100000 -0.02640000 0.14560000
    endloop
  endfacet
  facet normal 0.22485951 0.00000000 -0.97439120
    outer loop
      vertex 0.22210769 -0.03120000 0.14080000
      vertex 0.22210769 -0.02640000 0.14080000
      vertex 0.22551806 -0.02640000 0.14158701
    endloop
  endfacet
  facet normal 0.22485951 0.00000000 -0.97439120
    outer loop
      vertex 0.22210769 -0.03120000 0.14080000
      vertex 0.22551806 -0.02640000 0.14158701
      vertex 0.22551806 -0.03120000 0.14158701
    endloop
  endfacet
  facet normal 0.97439120 -0.00000000 0.22485951
    outer loop
      vertex 0.22662575 -0.05040000 0.13678701
      vertex 0.22662575 -0.04560000 0.13678701
      vertex 0.22551806 -0.04560000 0.14158701
    endloop
  endfacet
  facet normal 0.97439120 0.00000000 0.22485951
    outer loop
      vertex 0.22662575 -0.05040000 0.13678701
      vertex 0.22551806 -0.04560000 0.14158701
      vertex 0.22551806 -0.05040000 0.14158701
    endloop
  endfacet
  facet normal 0.00000000 -1.00000000 0.00000000
    outer loop
      vertex 0.22321538 -0.05040000 0.13600000
      vertex 0.22662575 -0.05040000 0.13678701
      vertex 0.22551806 -0.05040000 0.14158701
    endloop
  endfacet
  facet normal 0.00000000 -1.00000000 0.00000000
    outer loop
      vertex 0.22321538 -0.05040000 0.13600000
      vertex 0.22551806 -0.05040000 0.14158701
      vertex 0.22210769 -0.05040000 0.14080000
    endloop
  endfacet
  facet normal 0.00000000 1.00000000 -0.00000000
    outer loop
      vertex 0.22321538 -0.04560000 0.13600000
      vertex 0.22210769 -0.04560000 0.14080000
      vertex 0.22551806 -0.04560000 0.14158701
    endloop
  endfacet
  facet normal 0.00000000 1.00000000 0.00000000
    outer loop
      vertex 0.22321538 -0.04560000 0.13600000
      vertex 0.22551806 -0.04560000 0.14158701
      vertex 0.22662575 -0.04560000 0.13678701
    endloop
  endfacet
  facet normal -0.22485951 0.00000000 0.97439120
    outer loop
      vertex 0.22210769 -0.05040000 0.14080000
      vertex 0.22551806 -0.05040000 0.14158701
      vertex 0.22551806 -0.04560000 0.14158701
    endloop
  endfacet
  facet normal -0.22485951 0.00000000 0.97439120
    outer loop
      vertex 0.22210769 -0.05040000 0.14080000
      vertex 0.22551806 -0.04560000 0.14158701
      vertex 0.22210769 -0.04560000 0.14080000
    endloop
  endfacet
  facet normal 0.22485951 0.00000000 -0.97439120
    outer loop
      vertex 0.22321538 -0.05040000 0.13600000
      vertex 0.22321538 -0.04560000 0.13600000
      vertex 0.22662575 -0.04560000 0.13678701
    endloop
  endfacet
  facet normal 0.22485951 0.00000000 -0.97439120
    outer loop
      vertex 0.22321538 -0.05040000 0.13600000
      vertex 0.22662575 -0.04560000 0.13678701
      vertex 0.22662575 -0.05040000 0.13678701
    endloop
  endfacet
  facet normal 0.97439120 -0.00000000 0.22485951
    outer loop
      vertex 0.22662575 -0.03120000 0.13678701
      vertex 0.22662575 -0.02640000 0.13678701
      vertex 0.22551806 -0.02640000 0.14158701
    endloop
  endfacet
  facet normal 0.97439120 0.00000000 0.22485951
    outer loop
      vertex 0.22662575 -0.03120000 0.13678701
      vertex 0.22551806 -0.02640000 0.14158701
      vertex 0.22551806 -0.03120000 0.14158701
    endloop
  endfacet
  facet normal 0.00000000 -1.00000000 0.00000000
    outer loop
      vertex 0.22321538 -0.03120000 0.13600000
      vertex 0.22662575 -0.03120000 0.13678701
      vertex 0.22551806 -0.03120000 0.14158701
    endloop
  endfacet
  facet normal 0.00000000 -1.00000000 0.00000000
    outer loop
      vertex 0.22321538 -0.03120000 0.13600000
      vertex 0.22551806 -0.03120000 0.14158701
      vertex 0.22210769 -0.03120000 0.14080000
    endloop
  endfacet
  facet normal 0.00000000 1.00000000 -0.00000000
    outer loop
      vertex 0.22321538 -0.02640000 0.13600000
      vertex 0.22210769 -0.02640000 0.14080000
      vertex 0.22551806 -0.02640000 0.14158701
    endloop
  endfacet
  facet normal 0.00000000 1.00000000 0.00000000
    outer loop
      vertex 0.22321538 -0.02640000 0.13600000
      vertex 0.22551806 -0.02640000 0.14158701
      vertex 0.22662575 -0.02640000 0.13678701
    endloop
  endfacet
  facet normal -0.22485951 0.00000000 0.97439120
    outer loop
      vertex 0.22210769 -0.03120000 0.14080000
      vertex 0.22551806 -0.03120000 0.14158701
      vertex 0.22551806 -0.02640000 0.14158701
    endloop
  endfacet
  facet normal -0.22485951 0.00000000 0.97439120
    outer loop
      vertex 0.22210769 -0.03120000 0.14080000
      vertex 0.22551806 -0.02640000 0.14158701
      vertex 0.22210769 -0.02640000 0.14080000
    endloop
  endfacet
  facet normal 0.22485951 0.00000000 -0.97439120
    outer loop
      vertex 0.22321538 -0.03120000 0.13600000
      vertex 0.22321538 -0.02640000 0.13600000
      vertex 0.22662575 -0.02640000 0.13678701
    endloop
  endfacet
  facet normal 0.22485951 0.00000000 -0.97439120
    outer loop
      vertex 0.22321538 -0.03120000 0.13600000
      vertex 0.22662575 -0.02640000 0.13678701
      vertex 0.22662575 -0.03120000 0.13678701
    endloop
  endfacet
  facet normal 0.97439120 -0.00000000 0.22485951
    outer loop
      vertex 0.21997960 -0.02160000 0.16558701
      vertex 0.21997960 -0.01680000 0.16558701
      vertex 0.21887191 -0.01680000 0.17038701
    endloop
  endfacet
  facet normal 0.97439120 0.00000000 0.22485951
    outer loop
      vertex 0.21997960 -0.02160000 0.16558701
      vertex 0.21887191 -0.01680000 0.17038701
      vertex 0.21887191 -0.02160000 0.17038701
    endloop
  endfacet
  facet normal 0.00000000 -1.00000000 0.00000000
    outer loop
      vertex 0.21656923 -0.02160000 0.16480000
      vertex 0.21997960 -0.02160000 0.16558701
      vertex 0.21887191 -0.02160000 0.17038701
    endloop
  endfacet
  facet normal 0.00000000 -1.00000000 0.00000000
    outer loop
      vertex 0.21656923 -0.02160000 0.16480000
      vertex 0.21887191 -0.02160000 0.17038701
      vertex 0.21546154 -0.02160000 0.16960000
    endloop
  endfacet
  facet normal 0.00000000 1.00000000 -0.00000000
    outer loop
      vertex 0.21656923 -0.01680000 0.16480000
      vertex 0.21546154 -0.01680000 0.16960000
      vertex 0.21887191 -0.01680000 0.17038701
    endloop
  endfacet
  facet normal 0.00000000 1.00000000 0.00000000
    outer loop
      vertex 0.21656923 -0.01680000 0.16480000
      vertex 0.21887191 -0.01680000 0.17038701
      vertex 0.21997960 -0.01680000 0.16558701
    endloop
  endfacet
  facet normal -0.22485951 0.00000000 0.97439120
    outer loop
      vertex 0.21546154 -0.02160000 0.16960000
      vertex 0.21887191 -0.02160000 0.17038701
      vertex 0.21887191 -0.01680000 0.17038701
    endloop
  endfacet
  facet normal -0.22485951 0.00000000 0.97439120
    outer loop
      vertex 0.21546154 -0.02160000 0.16960000
      vertex 0.21887191 -0.01680000 0.17038701
      vertex 0.21546154 -0.01680000 0.16960000
    endloop
  endfacet
  facet normal 0.22485951 0.00000000 -0.97439120
    outer loop
      vertex 0.21656923 -0.02160000 0.16480000
      vertex 0.21656923 -0.01680000 0.16480000
      vertex 0.21997960 -0.01680000 0.16558701
    endloop
  endfacet
  facet normal 0.22485951 0.00000000 -0.97439120
    outer loop
      vertex 0.21656923 -0.02160000 0.16480000
      vertex 0.21997960 -0.01680000 0.16558701
      vertex 0.21997960 -0.02160000 0.16558701
    endloop
  endfacet
  facet normal 0.97439120 -0.00000000 0.22485951
    outer loop
      vertex 0.21997960 -0.01680000 0.16558701
      vertex 0.21997960 -0.01200000 0.16558701
      vertex 0.21887191 -0.01200000 0.17038701
    endloop
  endfacet
  facet normal 0.97439120 0.00000000 0.22485951
    outer loop
      vertex 0.21997960 -0.01680000 0.16558701
      vertex 0.21887191 -0.01200000 0.17038701
      vertex 0.21887191 -0.01680000 0.17038701
    endloop
  endfacet
  facet normal 0.00000000 -1.00000000 0.00000000
    outer loop
      vertex 0.21656923 -0.01680000 0.16480000
      vertex 0.21997960 -0.01680000 0.16558701
      vertex 0.21887191 -0.01680000 0.17038701
    endloop
  endfacet
  facet normal 0.00000000 -1.00000000 0.00000000
    outer loop
      vertex 0.21656923 -0.01680000 0.16480000
      vertex 0.21887191 -0.01680000 0.17038701
      vertex 0.21546154 -0.01680000 0.16960000
    endloop
  endfacet
  facet normal 0.00000000 1.00000000 -0.00000000
    outer loop
      vertex 0.21656923 -0.01200000 0.16480000
      vertex 0.21546154 -0.01200000 0.16960000
      vertex 0.21887191 -0.01200000 0.17038701
    endloop
  endfacet
  facet normal 0.00000000 1.00000000 0.00000000
    outer loop
      vertex 0.21656923 -0.01200000 0.16480000
      vertex 0.21887191 -0.01200000 0.17038701
      vertex 0.21997960 -0.01200000 0.16558701
    endloop
  endfacet
  facet normal -0.22485951 0.00000000 0.97439120
    outer loop
      vertex 0.21546154 -0.01680000 0.16960000
      vertex 0.21887191 -0.01680000 0.17038701
      vertex 0.21887191 -0.01200000 0.17038701
    endloop
  endfacet
  facet normal -0.22485951 0.00000000 0.97439120
    outer loop
      vertex 0.21546154 -0.01680000 0.16960000
      vertex 0.21887191 -0.01200000 0.17038701
      vertex 0.21546154 -0.01200000 0.16960000
    endloop
  endfacet
  facet normal 0.22485951 0.00000000 -0.97439120
    outer loop
      vertex 0.21656923 -0.01680000 0.16480000
      vertex 0.21656923 -0.01200000 0.16480000
      vertex 0.21997960 -0.01200000 0.16558701
    endloop
  endfacet
  facet normal 0.22485951 0.00000000 -0.97439120
    outer loop
      vertex 0.21656923 -0.01680000 0.16480000
      vertex 0.21997960 -0.01200000 0.16558701
      vertex 0.21997960 -0.01680000 0.16558701
    endloop
  endfacet
  facet normal 0.97439120 -0.00000000 0.22485951
    outer loop
      vertex 0.21997960 -0.01200000 0.16558701
      vertex 0.21997960 -0.00720000 0.16558701
      vertex 0.21887191 -0.00720000 0.17038701
    endloop
  endfacet
  facet normal 0.97439120 0.00000000 0.22485951
    outer loop
      vertex 0.21997960 -0.01200000 0.16558701
      vertex 0.21887191 -0.00720000 0.17038701
      vertex 0.21887191 -0.01200000 0.17038701
    endloop
  endfacet
  facet normal 0.00000000 -1.00000000 0.00000000
    outer loop
      vertex 0.21656923 -0.01200000 0.16480000
      vertex 0.21997960 -0.01200000 0.16558701
      vertex 0.21887191 -0.01200000 0.17038701
    endloop
  endfacet
  facet normal 0.00000000 -1.00000000 0.00000000
    outer loop
      vertex 0.21656923 -0.01200000 0.16480000
      vertex 0.21887191 -0.01200000 0.17038701
      vertex 0.21546154 -0.01200000 0.16960000
    endloop
  endfacet
  facet normal 0.00000000 1.00000000 -0.00000000
    outer loop
      vertex 0.21656923 -0.00720000 0.16480000
      vertex 0.21546154 -0.00720000 0.16960000
      vertex 0.21887191 -0.00720000 0.17038701
    endloop
  endfacet
  facet normal 0.00000000 1.00000000 0.00000000
    outer loop
      vertex 0.21656923 -0.00720000 0.16480000
      vertex 0.21887191 -0.00720000 0.17038701
      vertex 0.21997960 -0.00720000 0.16558701
    endloop
  endfacet
  facet normal -0.22485951 0.00000000 0.97439120
    outer loop
      vertex 0.21546154 -0.01200000 0.16960000
      vertex 0.21887191 -0.01200000 0.17038701
      vertex 0.21887191 -0.00720000 0.17038701
    endloop
  endfacet
  facet normal -0.22485951 0.00000000 0.97439120
    outer loop
      vertex 0.21546154 -0.01200000 0.16960000
      vertex 0.21887191 -0.00720000 0.17038701
      vertex 0.21546154 -0.00720000 0.16960000
    endloop
  endfacet
  facet normal 0.22485951 0.00000000 -0.97439120
    outer loop
      vertex 0.21656923 -0.01200000 0.16480000
      vertex 0.21656923 -0.00720000 0.16480000
      vertex 0.21997960 -0.00720000 0.16558701
    endloop
  endfacet
  facet normal 0.22485951 0.00000000 -0.97439120
    outer loop
      vertex 0.21656923 -0.01200000 0.16480000
      vertex 0.21997960 -0.00720000 0.16558701
      vertex 0.21997960 -0.01200000 0.16558701
    endloop
  endfacet
  facet normal 0.97439120 -0.00000000 0.22485951
    outer loop
      vertex 0.21997960 -0.00720000 0.16558701
      vertex 0.21997960 -0.00240000 0.16558701
      vertex 0.21887191 -0.00240000 0.17038701
    endloop
  endfacet
  facet normal 0.97439120 0.00000000 0.22485951
    outer loop
      vertex 0.21997960 -0.00720000 0.16558701
      vertex 0.21887191 -0.00240000 0.17038701
      vertex 0.21887191 -0.00720000 0.17038701
    endloop
  endfacet
  facet normal 0.00000000 -1.00000000 0.00000000
    outer loop
      vertex 0.21656923 -0.00720000 0.16480000
      vertex 0.21997960 -0.00720000 0.16558701
      vertex 0.21887191 -0.00720000 0.17038701
    endloop
  endfacet
  facet normal 0.00000000 -1.00000000 0.00000000
    outer loop
      vertex 0.21656923 -0.00720000 0.16480000
      vertex 0.21887191 -0.00720000 0.17038701
      vertex 0.21546154 -0.00720000 0.16960000
    endloop
  endfacet
  facet normal 0.00000000 1.00000000 -0.00000000
    outer loop
      vertex 0.21656923 -0.00240000 0.16480000
      vertex 0.21546154 -0.00240000 0.16960000
      vertex 0.21887191 -0.00240000 0.17038701
    endloop
  endfacet
  facet normal 0.00000000 1.00000000 0.00000000
    outer loop
      vertex 0.21656923 -0.00240000 0.16480000
      vertex 0.21887191 -0.00240000 0.17038701
      vertex 0.21997960 -0.00240000 0.16558701
    endloop
  endfacet
  facet normal -0.22485951 0.00000000 0.97439120
    outer loop
      vertex 0.21546154 -0.00720000 0.16960000
      vertex 0.21887191 -0.00720000 0.17038701
      vertex 0.21887191 -0.00240000 0.17038701
    endloop
  endfacet
  facet normal -0.22485951 0.00000000 0.97439120
    outer loop
      vertex 0.21546154 -0.00720000 0.16960000
      vertex 0.21887191 -0.00240000 0.17038701
      vertex 0.21546154 -0.00240000 0.16960000
    endloop
  endfacet
  facet normal 0.22485951 0.00000000 -0.97439120
    outer loop
      vertex 0.21656923 -0.00720000 0.16480000
      vertex 0.21656923 -0.00240000 0.16480000
      vertex 0.21997960 -0.00240000 0.16558701
    endloop
  endfacet
  facet normal 0.22485951 0.00000000 -0.97439120
    outer loop
      vertex 0.21656923 -0.00720000 0.16480000
      vertex 0.21997960 -0.00240000 0.16558701
      vertex 0.21997960 -0.00720000 0.16558701
    endloop
  endfacet
  facet normal 0.97439120 -0.00000000 0.22485951
    outer loop
      vertex 0.21997960 -0.00240000 0.16558701
      vertex 0.21997960 0.00240000 0.16558701
      vertex 0.21887191 0.00240000 0.17038701
    endloop
  endfacet
  facet normal 0.97439120 0.00000000 0.22485951
    outer loop
      vertex 0.21997960 -0.00240000 0.16558701
      vertex 0.21887191 0.00240000 0.17038701
      vertex 0.21887191 -0.00240000 0.17038701
    endloop
  endfacet
  facet normal 0.00000000 -1.00000000 0.00000000
    outer loop
      vertex 0.21656923 -0.00240000 0.16480000
      vertex 0.21997960 -0.00240000 0.16558701
      vertex 0.21887191 -0.00240000 0.17038701
    endloop
  endfacet
  facet normal 0.00000000 -1.00000000 0.00000000
    outer loop
      vertex 0.21656923 -0.00240000 0.16480000
      vertex 0.21887191 -0.00240000 0.17038701
      vertex 0.21546154 -0.00240000 0.16960000
    endloop
  endfacet
  facet normal 0.00000000 1.00000000 -0.00000000
    outer loop
      vertex 0.21656923 0.00240000 0.16480000
      vertex 0.21546154 0.00240000 0.16960000
      vertex 0.21887191 0.00240000 0.17038701
    endloop
  endfacet
  facet normal 0.00000000 1.00000000 0.00000000
    outer loop
      vertex 0.21656923 0.00240000 0.16480000
      vertex 0.21887191 0.00240000 0.17038701
      vertex 0.21997960 0.00240000 0.16558701
    endloop
  endfacet
  facet normal -0.22485951 0.00000000 0.97439120
    outer loop
      vertex 0.21546154 -0.00240000 0.16960000
      vertex 0.21887191 -0.00240000 0.17038701
      vertex 0.21887191 0.00240000 0.17038701
    endloop
  endfacet
  facet normal -0.22485951 0.00000000 0.97439120
    outer loop
      vertex 0.21546154 -0.00240000 0.16960000
      vertex 0.21887191 0.00240000 0.17038701
      vertex 0.21546154 0.00240000 0.16960000
    endloop
  endfacet
  facet normal 0.22485951 0.00000000 -0.97439120
    outer loop
      vertex 0.21656923 -0.00240000 0.16480000
      vertex 0.21656923 0.00240000 0.16480000
      vertex 0.21997960 0.00240000 0.16558701
    endloop
  endfacet
  facet normal 0.22485951 0.00000000 -0.97439120
    outer loop
      vertex 0.21656923 -0.00240000 0.16480000
      vertex 0.21997960 0.00240000 0.16558701
      vertex 0.21997960 -0.00240000 0.16558701
    endloop
  endfacet
  facet normal 0.97439120 -0.00000000 0.22485951
    outer loop
      vertex 0.22108729 -0.01200000 0.16078701
      vertex 0.22108729 -0.00720000 0.16078701
      vertex 0.21997960 -0.00720000 0.16558701
    endloop
  endfacet
  facet normal 0.97439120 0.00000000 0.22485951
    outer loop
      vertex 0.22108729 -0.01200000 0.16078701
      vertex 0.21997960 -0.00720000 0.16558701
      vertex 0.21997960 -0.01200000 0.16558701
    endloop
  endfacet
  facet normal 0.00000000 -1.00000000 0.00000000
    outer loop
      vertex 0.21767692 -0.01200000 0.16000000
      vertex 0.22108729 -0.01200000 0.16078701
      vertex 0.21997960 -0.01200000 0.16558701
    endloop
  endfacet
  facet normal 0.00000000 -1.00000000 0.00000000
    outer loop
      vertex 0.21767692 -0.01200000 0.16000000
      vertex 0.21997960 -0.01200000 0.16558701
      vertex 0.21656923 -0.01200000 0.16480000
    endloop
  endfacet
  facet normal 0.00000000 1.00000000 -0.00000000
    outer loop
      vertex 0.21767692 -0.00720000 0.16000000
      vertex 0.21656923 -0.00720000 0.16480000
      vertex 0.21997960 -0.00720000 0.16558701
    endloop
  endfacet
  facet normal 0.00000000 1.00000000 0.00000000
    outer loop
      vertex 0.21767692 -0.00720000 0.16000000
      vertex 0.21997960 -0.00720000 0.16558701
      vertex 0.22108729 -0.00720000 0.16078701
    endloop
  endfacet
  facet normal -0.22485951 0.00000000 0.97439120
    outer loop
      vertex 0.21656923 -0.01200000 0.16480000
      vertex 0.21997960 -0.01200000 0.16558701
      vertex 0.21997960 -0.00720000 0.16558701
    endloop
  endfacet
  facet normal -0.22485951 0.00000000 0.97439120
    outer loop
      vertex 0.21656923 -0.01200000 0.16480000
      vertex 0.21997960 -0.00720000 0.16558701
      vertex 0.21656923 -0.00720000 0.16480000
    endloop
  endfacet
  facet normal 0.22485951 0.00000000 -0.97439120
    outer loop
      vertex 0.21767692 -0.01200000 0.16000000
      vertex 0.21767692 -0.00720000 0.16000000
      vertex 0.22108729 -0.00720000 0.16078701
    endloop
  endfacet
  facet normal 0.22485951 0.00000000 -0.97439120
    outer loop
      vertex 0.21767692 -0.01200000 0.16000000
      vertex 0.22108729 -0.00720000 0.16078701
      vertex 0.22108729 -0.01200000 0.16078701
    endloop
  endfacet
  facet normal 0.97439120 -0.00000000 0.22485951
    outer loop
      vertex 0.22219498 -0.01200000 0.15598701
      vertex 0.22219498 -0.00720000 0.15598701
      vertex 0.22108729 -0.00720000 0.16078701
    endloop
  endfacet
  facet normal 0.97439120 0.00000000 0.22485951
    outer loop
      vertex 0.22219498 -0.01200000 0.15598701
      vertex 0.22108729 -0.00720000 0.16078701
      vertex 0.22108729 -0.01200000 0.16078701
    endloop
  endfacet
  facet normal 0.00000000 -1.00000000 0.00000000
    outer loop
      vertex 0.21878462 -0.01200000 0.15520000
      vertex 0.22219498 -0.01200000 0.15598701
      vertex 0.22108729 -0.01200000 0.16078701
    endloop
  endfacet
  facet normal 0.00000000 -1.00000000 0.00000000
    outer loop
      vertex 0.21878462 -0.01200000 0.15520000
      vertex 0.22108729 -0.01200000 0.16078701
      vertex 0.21767692 -0.01200000 0.16000000
    endloop
  endfacet
  facet normal 0.00000000 1.00000000 -0.00000000
    outer loop
      vertex 0.21878462 -0.00720000 0.15520000
      vertex 0.21767692 -0.00720000 0.16000000
      vertex 0.22108729 -0.00720000 0.16078701
    endloop
  endfacet
  facet normal 0.00000000 1.00000000 0.00000000
    outer loop
      vertex 0.21878462 -0.00720000 0.15520000
      vertex 0.22108729 -0.00720000 0.16078701
      vertex 0.22219498 -0.00720000 0.15598701
    endloop
  endfacet
  facet normal -0.22485951 0.00000000 0.97439120
    outer loop
      vertex 0.21767692 -0.01200000 0.16000000
      vertex 0.22108729 -0.01200000 0.16078701
      vertex 0.22108729 -0.00720000 0.16078701
    endloop
  endfacet
  facet normal -0.22485951 0.00000000 0.97439120
    outer loop
      vertex 0.21767692 -0.01200000 0.16000000
      vertex 0.22108729 -0.00720000 0.16078701
      vertex 0.21767692 -0.00720000 0.16000000
    endloop
  endfacet
  facet normal 0.22485951 0.00000000 -0.97439120
    outer loop
      vertex 0.21878462 -0.01200000 0.15520000
      vertex 0.21878462 -0.00720000 0.15520000
      vertex 0.22219498 -0.00720000 0.15598701
    endloop
  endfacet
  facet normal 0.22485951 0.00000000 -0.97439120
    outer loop
      vertex 0.21878462 -0.01200000 0.15520000
      vertex 0.22219498 -0.00720000 0.15598701
      vertex 0.22219498 -0.01200000 0.15598701
    endloop
  endfacet
  facet normal 0.97439120 -0.00000000 0.22485951
    outer loop
      vertex 0.22330268 -0.01200000 0.15118701
      vertex 0.22330268 -0.00720000 0.15118701
      vertex 0.22219498 -0.00720000 0.15598701
    endloop
  endfacet
  facet normal 0.97439120 0.00000000 0.22485951
    outer loop
      vertex 0.22330268 -0.01200000 0.15118701
      vertex 0.22219498 -0.00720000 0.15598701
      vertex 0.22219498 -0.01200000 0.15598701
    endloop
  endfacet
  facet normal 0.00000000 -1.00000000 0.00000000
    outer loop
      vertex 0.21989231 -0.01200000 0.15040000
      vertex 0.22330268 -0.01200000 0.15118701
      vertex 0.22219498 -0.01200000 0.15598701
    endloop
  endfacet
  facet normal 0.00000000 -1.00000000 0.00000000
    outer loop
      vertex 0.21989231 -0.01200000 0.15040000
      vertex 0.22219498 -0.01200000 0.15598701
      vertex 0.21878462 -0.01200000 0.15520000
    endloop
  endfacet
  facet normal 0.00000000 1.00000000 -0.00000000
    outer loop
      vertex 0.21989231 -0.00720000 0.15040000
      vertex 0.21878462 -0.00720000 0.15520000
      vertex 0.22219498 -0.00720000 0.15598701
    endloop
  endfacet
  facet normal 0.00000000 1.00000000 0.00000000
    outer loop
      vertex 0.21989231 -0.00720000 0.15040000
      vertex 0.22219498 -0.00720000 0.15598701
      vertex 0.22330268 -0.00720000 0.15118701
    endloop
  endfacet
  facet normal -0.22485951 0.00000000 0.97439120
    outer loop
      vertex 0.21878462 -0.01200000 0.15520000
      vertex 0.22219498 -0.01200000 0.15598701
      vertex 0.22219498 -0.00720000 0.15598701
    endloop
  endfacet
  facet normal -0.22485951 0.00000000 0.97439120
    outer loop
      vertex 0.21878462 -0.01200000 0.15520000
      vertex 0.22219498 -0.00720000 0.15598701
      vertex 0.21878462 -0.00720000 0.15520000
    endloop
  endfacet
  facet normal 0.22485951 0.00000000 -0.97439120
    outer loop
      vertex 0.21989231 -0.01200000 0.15040000
      vertex 0.21989231 -0.00720000 0.15040000
      vertex 0.22330268 -0.00720000 0.15118701
    endloop
  endfacet
  facet normal 0.22485951 0.00000000 -0.97439120
    outer loop
      vertex 0.21989231 -0.01200000 0.15040000
      vertex 0.22330268 -0.00720000 0.15118701
      vertex 0.22330268 -0.01200000 0.15118701
    endloop
  endfacet
  facet normal 0.97439120 -0.00000000 0.22485951
    outer loop
      vertex 0.22441037 -0.01200000 0.14638701
      vertex 0.22441037 -0.00720000 0.14638701
      vertex 0.22330268 -0.00720000 0.15118701
    endloop
  endfacet
  facet normal 0.97439120 0.00000000 0.22485951
    outer loop
      vertex 0.22441037 -0.01200000 0.14638701
      vertex 0.22330268 -0.00720000 0.15118701
      vertex 0.22330268 -0.01200000 0.15118701
    endloop
  endfacet
  facet normal 0.00000000 -1.00000000 0.00000000
    outer loop
      vertex 0.22100000 -0.01200000 0.14560000
      vertex 0.22441037 -0.01200000 0.14638701
      vertex 0.22330268 -0.01200000 0.15118701
    endloop
  endfacet
  facet normal 0.00000000 -1.00000000 0.00000000
    outer loop
      vertex 0.22100000 -0.01200000 0.14560000
      vertex 0.22330268 -0.01200000 0.15118701
      vertex 0.21989231 -0.01200000 0.15040000
    endloop
  endfacet
  facet normal 0.00000000 1.00000000 -0.00000000
    outer loop
      vertex 0.22100000 -0.00720000 0.14560000
      vertex 0.21989231 -0.00720000 0.15040000
      vertex 0.22330268 -0.00720000 0.15118701
    endloop
  endfacet
  facet normal 0.00000000 1.00000000 0.00000000
    outer loop
      vertex 0.22100000 -0.00720000 0.14560000
      vertex 0.22330268 -0.00720000 0.15118701
      vertex 0.22441037 -0.00720000 0.14638701
    endloop
  endfacet
  facet normal -0.22485951 0.00000000 0.97439120
    outer loop
      vertex 0.21989231 -0.01200000 0.15040000
      vertex 0.22330268 -0.01200000 0.15118701
      vertex 0.22330268 -0.00720000 0.15118701
    endloop
  endfacet
  facet normal -0.22485951 0.00000000 0.97439120
    outer loop
      vertex 0.21989231 -0.01200000 0.15040000
      vertex 0.22330268 -0.00720000 0.15118701
      vertex 0.21989231 -0.00720000 0.15040000
    endloop
  endfacet
  facet normal 0.22485951 0.00000000 -0.97439120
    outer loop
      vertex 0.22100000 -0.01200000 0.14560000
      vertex 0.22100000 -0.00720000 0.14560000
      vertex 0.22441037 -0.00720000 0.14638701
    endloop
  endfacet
  facet normal 0.22485951 0.00000000 -0.97439120
    outer loop
      vertex 0.22100000 -0.01200000 0.14560000
      vertex 0.22441037 -0.00720000 0.14638701
      vertex 0.22441037 -0.01200000 0.14638701
    endloop
  endfacet
  facet normal 0.97439120 -0.00000000 0.22485951
    outer loop
      vertex 0.22551806 -0.01200000 0.14158701
      vertex 0.22551806 -0.00720000 0.14158701
      vertex 0.22441037 -0.00720000 0.14638701
    endloop
  endfacet
  facet normal 0.97439120 0.00000000 0.22485951
    outer loop
      vertex 0.22551806 -0.01200000 0.14158701
      vertex 0.22441037 -0.00720000 0.14638701
      vertex 0.22441037 -0.01200000 0.14638701
    endloop
  endfacet
  facet normal 0.00000000 -1.00000000 0.00000000
    outer loop
      vertex 0.22210769 -0.01200000 0.14080000
      vertex 0.22551806 -0.01200000 0.14158701
      vertex 0.22441037 -0.01200000 0.14638701
    endloop
  endfacet
  facet normal 0.00000000 -1.00000000 0.00000000
    outer loop
      vertex 0.22210769 -0.01200000 0.14080000
      vertex 0.22441037 -0.01200000 0.14638701
      vertex 0.22100000 -0.01200000 0.14560000
    endloop
  endfacet
  facet normal 0.00000000 1.00000000 -0.00000000
    outer loop
      vertex 0.22210769 -0.00720000 0.14080000
      vertex 0.22100000 -0.00720000 0.14560000
      vertex 0.22441037 -0.00720000 0.14638701
    endloop
  endfacet
  facet normal 0.00000000 1.00000000 0.00000000
    outer loop
      vertex 0.22210769 -0.00720000 0.14080000
      vertex 0.22441037 -0.00720000 0.14638701
      vertex 0.22551806 -0.00720000 0.14158701
    endloop
  endfacet
  facet normal -0.22485951 0.00000000 0.97439120
    outer loop
      vertex 0.22100000 -0.01200000 0.14560000
      vertex 0.22441037 -0.01200000 0.14638701
      vertex 0.22441037 -0.00720000 0.14638701
    endloop
  endfacet
  facet normal -0.22485951 0.00000000 0.97439120
    outer loop
      vertex 0.22100000 -0.01200000 0.14560000
      vertex 0.22441037 -0.00720000 0.14638701
      vertex 0.22100000 -0.00720000 0.14560000
    endloop
  endfacet
  facet normal 0.22485951 0.00000000 -0.97439120
    outer loop
      vertex 0.22210769 -0.01200000 0.14080000
      vertex 0.22210769 -0.00720000 0.14080000
      vertex 0.22551806 -0.00720000 0.14158701
    endloop
  endfacet
  facet normal 0.22485951 0.00000000 -0.97439120
    outer loop
      vertex 0.22210769 -0.01200000 0.14080000
      vertex 0.22551806 -0.00720000 0.14158701
      vertex 0.22551806 -0.01200000 0.14158701
    endloop
  endfacet
  facet normal 0.97439120 -0.00000000 0.22485951
    outer loop
      vertex 0.22662575 -0.01200000 0.13678701
      vertex 0.22662575 -0.00720000 0.13678701
      vertex 0.22551806 -0.00720000 0.14158701
    endloop
  endfacet
  facet normal 0.97439120 0.00000000 0.22485951
    outer loop
      vertex 0.22662575 -0.01200000 0.13678701
      vertex 0.22551806 -0.00720000 0.14158701
      vertex 0.22551806 -0.01200000 0.14158701
    endloop
  endfacet
  facet normal 0.00000000 -1.00000000 0.00000000
    outer loop
      vertex 0.22321538 -0.01200000 0.13600000
      vertex 0.22662575 -0.01200000 0.13678701
      vertex 0.22551806 -0.01200000 0.14158701
    endloop
  endfacet
  facet normal 0.00000000 -1.00000000 0.00000000
    outer loop
      vertex 0.22321538 -0.01200000 0.13600000
      vertex 0.22551806 -0.01200000 0.14158701
      vertex 0.22210769 -0.01200000 0.14080000
    endloop
  endfacet
  facet normal 0.00000000 1.00000000 -0.00000000
    outer loop
      vertex 0.22321538 -0.00720000 0.13600000
      vertex 0.22210769 -0.00720000 0.14080000
      vertex 0.22551806 -0.00720000 0.14158701
    endloop
  endfacet
  facet normal 0.00000000 1.00000000 0.00000000
    outer loop
      vertex 0.22321538 -0.00720000 0.13600000
      vertex 0.22551806 -0.00720000 0.14158701
      vertex 0.22662575 -0.00720000 0.13678701
    endloop
  endfacet
  facet normal -0.22485951 0.00000000 0.97439120
    outer loop
      vertex 0.22210769 -0.01200000 0.14080000
      vertex 0.22551806 -0.01200000 0.14158701
      vertex 0.22551806 -0.00720000 0.14158701
    endloop
  endfacet
  facet normal -0.22485951 0.00000000 0.97439120
    outer loop
      vertex 0.22210769 -0.01200000 0.14080000
      vertex 0.22551806 -0.00720000 0.14158701
      vertex 0.22210769 -0.00720000 0.14080000
    endloop
  endfacet
  facet normal 0.22485951 0.00000000 -0.97439120
    outer loop
      vertex 0.22321538 -0.01200000 0.13600000
      vertex 0.22321538 -0.00720000 0.13600000
      vertex 0.22662575 -0.00720000 0.13678701
    endloop
  endfacet
  facet normal 0.22485951 0.00000000 -0.97439120
    outer loop
      vertex 0.22321538 -0.01200000 0.13600000
      vertex 0.22662575 -0.00720000 0.13678701
      vertex 0.22662575 -0.01200000 0.13678701
    endloop
  endfacet
  facet normal 0.97439120 -0.00000000 0.22485951
    outer loop
      vertex 0.21997960 0.00720000 0.16558701
      vertex 0.21997960 0.01200000 0.16558701
      vertex 0.21887191 0.01200000 0.17038701
    endloop
  endfacet
  facet normal 0.97439120 0.00000000 0.22485951
    outer loop
      vertex 0.21997960 0.00720000 0.16558701
      vertex 0.21887191 0.01200000 0.17038701
      vertex 0.21887191 0.00720000 0.17038701
    endloop
  endfacet
  facet normal 0.00000000 -1.00000000 0.00000000
    outer loop
      vertex 0.21656923 0.00720000 0.16480000
      vertex 0.21997960 0.00720000 0.16558701
      vertex 0.21887191 0.00720000 0.17038701
    endloop
  endfacet
  facet normal 0.00000000 -1.00000000 0.00000000
    outer loop
      vertex 0.21656923 0.00720000 0.16480000
      vertex 0.21887191 0.00720000 0.17038701
      vertex 0.21546154 0.00720000 0.16960000
    endloop
  endfacet
  facet normal 0.00000000 1.00000000 -0.00000000
    outer loop
      vertex 0.21656923 0.01200000 0.16480000
      vertex 0.21546154 0.01200000 0.16960000
      vertex 0.21887191 0.01200000 0.17038701
    endloop
  endfacet
  facet normal 0.00000000 1.00000000 0.00000000
    outer loop
      vertex 0.21656923 0.01200000 0.16480000
      vertex 0.21887191 0.01200000 0.17038701
      vertex 0.21997960 0.01200000 0.16558701
    endloop
  endfacet
  facet normal -0.22485951 0.00000000 0.97439120
    outer loop
      vertex 0.21546154 0.00720000 0.16960000
      vertex 0.21887191 0.00720000 0.17038701
      vertex 0.21887191 0.01200000 0.17038701
    endloop
  endfacet
  facet normal -0.22485951 0.00000000 0.97439120
    outer loop
      vertex 0.21546154 0.00720000 0.16960000
      vertex 0.21887191 0.01200000 0.17038701
      vertex 0.21546154 0.01200000 0.16960000
    endloop
  endfacet
  facet normal 0.22485951 0.00000000 -0.97439120
    outer loop
      vertex 0.21656923 0.00720000 0.16480000
      vertex 0.21656923 0.01200000 0.16480000
      vertex 0.21997960 0.01200000 0.16558701
    endloop
  endfacet
  facet normal 0.22485951 0.00000000 -0.97439120
    outer loop
      vertex 0.21656923 0.00720000 0.16480000
      vertex 0.21997960 0.01200000 0.16558701
      vertex 0.21997960 0.00720000 0.16558701
    endloop
  endfacet
  facet normal 0.97439120 -0.00000000 0.22485951
    outer loop
      vertex 0.21997960 0.01200000 0.16558701
      vertex 0.21997960 0.01680000 0.16558701
      vertex 0.21887191 0.01680000 0.17038701
    endloop
  endfacet
  facet normal 0.97439120 0.00000000 0.22485951
    outer loop
      vertex 0.21997960 0.01200000 0.16558701
      vertex 0.21887191 0.01680000 0.17038701
      vertex 0.21887191 0.01200000 0.17038701
    endloop
  endfacet
  facet normal 0.00000000 -1.00000000 0.00000000
    outer loop
      vertex 0.21656923 0.01200000 0.16480000
      vertex 0.21997960 0.01200000 0.16558701
      vertex 0.21887191 0.01200000 0.17038701
    endloop
  endfacet
  facet normal 0.00000000 -1.00000000 0.00000000
    outer loop
      vertex 0.21656923 0.01200000 0.16480000
      vertex 0.21887191 0.01200000 0.17038701
      vertex 0.21546154 0.01200000 0.16960000
    endloop
  endfacet
  facet normal 0.00000000 1.00000000 -0.00000000
    outer loop
      vertex 0.21656923 0.01680000 0.16480000
      vertex 0.21546154 0.01680000 0.16960000
      vertex 0.21887191 0.01680000 0.17038701
    endloop
  endfacet
  facet normal 0.00000000 1.00000000 0.00000000
    outer loop
      vertex 0.21656923 0.01680000 0.16480000
      vertex 0.21887191 0.01680000 0.17038701
      vertex 0.21997960 0.01680000 0.16558701
    endloop
  endfacet
  facet normal -0.22485951 0.00000000 0.97439120
    outer loop
      vertex 0.21546154 0.01200000 0.16960000
      vertex 0.21887191 0.01200000 0.17038701
      vertex 0.21887191 0.01680000 0.17038701
    endloop
  endfacet
  facet normal -0.22485951 0.00000000 0.97439120
    outer loop
      vertex 0.21546154 0.01200000 0.16960000
      vertex 0.21887191 0.01680000 0.17038701
      vertex 0.21546154 0.01680000 0.16960000
    endloop
  endfacet
  facet normal 0.22485951 0.00000000 -0.97439120
    outer loop
      vertex 0.21656923 0.01200000 0.16480000
      vertex 0.21656923 0.01680000 0.16480000
      vertex 0.21997960 0.01680000 0.16558701
    endloop
  endfacet
  facet normal 0.22485951 0.00000000 -0.97439120
    outer loop
      vertex 0.21656923 0.01200000 0.16480000
      vertex 0.21997960 0.01680000 0.16558701
      vertex 0.21997960 0.01200000 0.16558701
    endloop
  endfacet
  facet normal 0.97439120 -0.00000000 0.22485951
    outer loop
      vertex 0.21997960 0.01680000 0.16558701
      vertex 0.21997960 0.02160000 0.16558701
      vertex 0.21887191 0.02160000 0.17038701
    endloop
  endfacet
  facet normal 0.97439120 0.00000000 0.22485951
    outer loop
      vertex 0.21997960 0.01680000 0.16558701
      vertex 0.21887191 0.02160000 0.17038701
      vertex 0.21887191 0.01680000 0.17038701
    endloop
  endfacet
  facet normal 0.00000000 -1.00000000 0.00000000
    outer loop
      vertex 0.21656923 0.01680000 0.16480000
      vertex 0.21997960 0.01680000 0.16558701
      vertex 0.21887191 0.01680000 0.17038701
    endloop
  endfacet
  facet normal 0.00000000 -1.00000000 0.00000000
    outer loop
      vertex 0.21656923 0.01680000 0.16480000
      vertex 0.21887191 0.01680000 0.17038701
      vertex 0.21546154 0.01680000 0.16960000
    endloop
  endfacet
  facet normal 0.00000000 1.00000000 -0.00000000
    outer loop
      vertex 0.21656923 0.02160000 0.16480000
      vertex 0.21546154 0.02160000 0.16960000
      vertex 0.21887191 0.02160000 0.17038701
    endloop
  endfacet
  facet normal 0.00000000 1.00000000 0.00000000
    outer loop
      vertex 0.21656923 0.02160000 0.16480000
      vertex 0.21887191 0.02160000 0.17038701
      vertex 0.21997960 0.02160000 0.16558701
    endloop
  endfacet
  facet normal -0.22485951 0.00000000 0.97439120
    outer loop
      vertex 0.21546154 0.01680000 0.16960000
      vertex 0.21887191 0.01680000 0.17038701
      vertex 0.21887191 0.02160000 0.17038701
    endloop
  endfacet
  facet normal -0.22485951 0.00000000 0.97439120
    outer loop
      vertex 0.21546154 0.01680000 0.16960000
      vertex 0.21887191 0.02160000 0.17038701
      vertex 0.21546154 0.02160000 0.16960000
    endloop
  endfacet
  facet normal 0.22485951 0.00000000 -0.97439120
    outer loop
      vertex 0.21656923 0.01680000 0.16480000
      vertex 0.21656923 0.02160000 0.16480000
      vertex 0.21997960 0.02160000 0.16558701
    endloop
  endfacet
  facet normal 0.22485951 0.00000000 -0.97439120
    outer loop
      vertex 0.21656923 0.01680000 0.16480000
      vertex 0.21997960 0.02160000 0.16558701
      vertex 0.21997960 0.01680000 0.16558701
    endloop
  endfacet
  facet normal 0.97439120 -0.00000000 0.22485951
    outer loop
      vertex 0.21997960 0.02160000 0.16558701
      vertex 0.21997960 0.02640000 0.16558701
      vertex 0.21887191 0.02640000 0.17038701
    endloop
  endfacet
  facet normal 0.97439120 0.00000000 0.22485951
    outer loop
      vertex 0.21997960 0.02160000 0.16558701
      vertex 0.21887191 0.02640000 0.17038701
      vertex 0.21887191 0.02160000 0.17038701
    endloop
  endfacet
  facet normal 0.00000000 -1.00000000 0.00000000
    outer loop
      vertex 0.21656923 0.02160000 0.16480000
      vertex 0.21997960 0.02160000 0.16558701
      vertex 0.21887191 0.02160000 0.17038701
    endloop
  endfacet
  facet normal 0.00000000 -1.00000000 0.00000000
    outer loop
      vertex 0.21656923 0.02160000 0.16480000
      vertex 0.21887191 0.02160000 0.17038701
      vertex 0.21546154 0.02160000 0.16960000
    endloop
  endfacet
  facet normal 0.00000000 1.00000000 -0.00000000
    outer loop
      vertex 0.21656923 0.02640000 0.16480000
      vertex 0.21546154 0.02640000 0.16960000
      vertex 0.21887191 0.02640000 0.17038701
    endloop
  endfacet
  facet normal 0.00000000 1.00000000 0.00000000
    outer loop
      vertex 0.21656923 0.02640000 0.16480000
      vertex 0.21887191 0.02640000 0.17038701
      vertex 0.21997960 0.02640000 0.16558701
    endloop
  endfacet
  facet normal -0.22485951 0.00000000 0.97439120
    outer loop
      vertex 0.21546154 0.02160000 0.16960000
      vertex 0.21887191 0.02160000 0.17038701
      vertex 0.21887191 0.02640000 0.17038701
    endloop
  endfacet
  facet normal -0.22485951 0.00000000 0.97439120
    outer loop
      vertex 0.21546154 0.02160000 0.16960000
      vertex 0.21887191 0.02640000 0.17038701
      vertex 0.21546154 0.02640000 0.16960000
    endloop
  endfacet
  facet normal 0.22485951 0.00000000 -0.97439120
    outer loop
      vertex 0.21656923 0.02160000 0.16480000
      vertex 0.21656923 0.02640000 0.16480000
      vertex 0.21997960 0.02640000 0.16558701
    endloop
  endfacet
  facet normal 0.22485951 0.00000000 -0.97439120
    outer loop
      vertex 0.21656923 0.02160000 0.16480000
      vertex 0.21997960 0.02640000 0.16558701
      vertex 0.21997960 0.02160000 0.16558701
    endloop
  endfacet
  facet normal 0.97439120 -0.00000000 0.22485951
    outer loop
      vertex 0.21997960 0.02640000 0.16558701
      vertex 0.21997960 0.03120000 0.16558701
      vertex 0.21887191 0.03120000 0.17038701
    endloop
  endfacet
  facet normal 0.97439120 0.00000000 0.22485951
    outer loop
      vertex 0.21997960 0.02640000 0.16558701
      vertex 0.21887191 0.03120000 0.17038701
      vertex 0.21887191 0.02640000 0.17038701
    endloop
  endfacet
  facet normal 0.00000000 -1.00000000 0.00000000
    outer loop
      vertex 0.21656923 0.02640000 0.16480000
      vertex 0.21997960 0.02640000 0.16558701
      vertex 0.21887191 0.02640000 0.17038701
    endloop
  endfacet
  facet normal 0.00000000 -1.00000000 0.00000000
    outer loop
      vertex 0.21656923 0.02640000 0.16480000
      vertex 0.21887191 0.02640000 0.17038701
      vertex 0.21546154 0.02640000 0.16960000
    endloop
  endfacet
  facet normal 0.00000000 1.00000000 -0.00000000
    outer loop
      vertex 0.21656923 0.03120000 0.16480000
      vertex 0.21546154 0.03120000 0.16960000
      vertex 0.21887191 0.03120000 0.17038701
    endloop
  endfacet
  facet normal 0.00000000 1.00000000 0.00000000
    outer loop
      vertex 0.21656923 0.03120000 0.16480000
      vertex 0.21887191 0.03120000 0.17038701
      vertex 0.21997960 0.03120000 0.16558701
    endloop
  endfacet
  facet normal -0.22485951 0.00000000 0.97439120
    outer loop
      vertex 0.21546154 0.02640000 0.16960000
      vertex 0.21887191 0.02640000 0.17038701
      vertex 0.21887191 0.03120000 0.17038701
    endloop
  endfacet
  facet normal -0.22485951 0.00000000 0.97439120
    outer loop
      vertex 0.21546154 0.02640000 0.16960000
      vertex 0.21887191 0.03120000 0.17038701
      vertex 0.21546154 0.03120000 0.16960000
    endloop
  endfacet
  facet normal 0.22485951 0.00000000 -0.97439120
    outer loop
      vertex 0.21656923 0.02640000 0.16480000
      vertex 0.21656923 0.03120000 0.16480000
      vertex 0.21997960 0.03120000 0.16558701
    endloop
  endfacet
  facet normal 0.22485951 0.00000000 -0.97439120
    outer loop
      vertex 0.21656923 0.02640000 0.16480000
      vertex 0.21997960 0.03120000 0.16558701
      vertex 0.21997960 0.02640000 0.16558701
    endloop
  endfacet
  facet normal 0.97439120 -0.00000000 0.22485951
    outer loop
      vertex 0.22108729 0.01680000 0.16078701
      vertex 0.22108729 0.02160000 0.16078701
      vertex 0.21997960 0.02160000 0.16558701
    endloop
  endfacet
  facet normal 0.97439120 0.00000000 0.22485951
    outer loop
      vertex 0.22108729 0.01680000 0.16078701
      vertex 0.21997960 0.02160000 0.16558701
      vertex 0.21997960 0.01680000 0.16558701
    endloop
  endfacet
  facet normal 0.00000000 -1.00000000 0.00000000
    outer loop
      vertex 0.21767692 0.01680000 0.16000000
      vertex 0.22108729 0.01680000 0.16078701
      vertex 0.21997960 0.01680000 0.16558701
    endloop
  endfacet
  facet normal 0.00000000 -1.00000000 0.00000000
    outer loop
      vertex 0.21767692 0.01680000 0.16000000
      vertex 0.21997960 0.01680000 0.16558701
      vertex 0.21656923 0.01680000 0.16480000
    endloop
  endfacet
  facet normal 0.00000000 1.00000000 -0.00000000
    outer loop
      vertex 0.21767692 0.02160000 0.16000000
      vertex 0.21656923 0.02160000 0.16480000
      vertex 0.21997960 0.02160000 0.16558701
    endloop
  endfacet
  facet normal 0.00000000 1.00000000 0.00000000
    outer loop
      vertex 0.21767692 0.02160000 0.16000000
      vertex 0.21997960 0.02160000 0.16558701
      vertex 0.22108729 0.02160000 0.16078701
    endloop
  endfacet
  facet normal -0.22485951 0.00000000 0.97439120
    outer loop
      vertex 0.21656923 0.01680000 0.16480000
      vertex 0.21997960 0.01680000 0.16558701
      vertex 0.21997960 0.02160000 0.16558701
    endloop
  endfacet
  facet normal -0.22485951 0.00000000 0.97439120
    outer loop
      vertex 0.21656923 0.01680000 0.16480000
      vertex 0.21997960 0.02160000 0.16558701
      vertex 0.21656923 0.02160000 0.16480000
    endloop
  endfacet
  facet normal 0.22485951 0.00000000 -0.97439120
    outer loop
      vertex 0.21767692 0.01680000 0.16000000
      vertex 0.21767692 0.02160000 0.16000000
      vertex 0.22108729 0.02160000 0.16078701
    endloop
  endfacet
  facet normal 0.22485951 0.00000000 -0.97439120
    outer loop
      vertex 0.21767692 0.01680000 0.16000000
      vertex 0.22108729 0.02160000 0.16078701
      vertex 0.22108729 0.01680000 0.16078701
    endloop
  endfacet
  facet normal 0.97439120 -0.00000000 0.22485951
    outer loop
      vertex 0.22219498 0.01680000 0.15598701
      vertex 0.22219498 0.02160000 0.15598701
      vertex 0.22108729 0.02160000 0.16078701
    endloop
  endfacet
  facet normal 0.97439120 0.00000000 0.22485951
    outer loop
      vertex 0.22219498 0.01680000 0.15598701
      vertex 0.22108729 0.02160000 0.16078701
      vertex 0.22108729 0.01680000 0.16078701
    endloop
  endfacet
  facet normal 0.00000000 -1.00000000 0.00000000
    outer loop
      vertex 0.21878462 0.01680000 0.15520000
      vertex 0.22219498 0.01680000 0.15598701
      vertex 0.22108729 0.01680000 0.16078701
    endloop
  endfacet
  facet normal 0.00000000 -1.00000000 0.00000000
    outer loop
      vertex 0.21878462 0.01680000 0.15520000
      vertex 0.22108729 0.01680000 0.16078701
      vertex 0.21767692 0.01680000 0.16000000
    endloop
  endfacet
  facet normal 0.00000000 1.00000000 -0.00000000
    outer loop
      vertex 0.21878462 0.02160000 0.15520000
      vertex 0.21767692 0.02160000 0.16000000
      vertex 0.22108729 0.02160000 0.16078701
    endloop
  endfacet
  facet normal 0.00000000 1.00000000 0.00000000
    outer loop
      vertex 0.21878462 0.02160000 0.15520000
      vertex 0.22108729 0.02160000 0.16078701
      vertex 0.22219498 0.02160000 0.15598701
    endloop
  endfacet
  facet normal -0.22485951 0.00000000 0.97439120
    outer loop
      vertex 0.21767692 0.01680000 0.16000000
      vertex 0.22108729 0.01680000 0.16078701
      vertex 0.22108729 0.02160000 0.16078701
    endloop
  endfacet
  facet normal -0.22485951 0.00000000 0.97439120
    outer loop
      vertex 0.21767692 0.01680000 0.16000000
      vertex 0.22108729 0.02160000 0.16078701
      vertex 0.21767692 0.02160000 0.16000000
    endloop
  endfacet
  facet normal 0.22485951 0.00000000 -0.97439120
    outer loop
      vertex 0.21878462 0.01680000 0.15520000
      vertex 0.21878462 0.02160000 0.15520000
      vertex 0.22219498 0.02160000 0.15598701
    endloop
  endfacet
  facet normal 0.22485951 0.00000000 -0.97439120
    outer loop
      vertex 0.21878462 0.01680000 0.15520000
      vertex 0.22219498 0.02160000 0.15598701
      vertex 0.22219498 0.01680000 0.15598701
    endloop
  endfacet
  facet normal 0.97439120 -0.00000000 0.22485951
    outer loop
      vertex 0.22330268 0.01680000 0.15118701
      vertex 0.22330268 0.02160000 0.15118701
      vertex 0.22219498 0.02160000 0.15598701
    endloop
  endfacet
  facet normal 0.97439120 0.00000000 0.22485951
    outer loop
      vertex 0.22330268 0.01680000 0.15118701
      vertex 0.22219498 0.02160000 0.15598701
      vertex 0.22219498 0.01680000 0.15598701
    endloop
  endfacet
  facet normal 0.00000000 -1.00000000 0.00000000
    outer loop
      vertex 0.21989231 0.01680000 0.15040000
      vertex 0.22330268 0.01680000 0.15118701
      vertex 0.22219498 0.01680000 0.15598701
    endloop
  endfacet
  facet normal 0.00000000 -1.00000000 0.00000000
    outer loop
      vertex 0.21989231 0.01680000 0.15040000
      vertex 0.22219498 0.01680000 0.15598701
      vertex 0.21878462 0.01680000 0.15520000
    endloop
  endfacet
  facet normal 0.00000000 1.00000000 -0.00000000
    outer loop
      vertex 0.21989231 0.02160000 0.15040000
      vertex 0.21878462 0.02160000 0.15520000
      vertex 0.22219498 0.02160000 0.15598701
    endloop
  endfacet
  facet normal 0.00000000 1.00000000 0.00000000
    outer loop
      vertex 0.21989231 0.02160000 0.15040000
      vertex 0.22219498 0.02160000 0.15598701
      vertex 0.22330268 0.02160000 0.15118701
    endloop
  endfacet
  facet normal -0.22485951 0.00000000 0.97439120
    outer loop
      vertex 0.21878462 0.01680000 0.15520000
      vertex 0.22219498 0.01680000 0.15598701
      vertex 0.22219498 0.02160000 0.15598701
    endloop
  endfacet
  facet normal -0.22485951 0.00000000 0.97439120
    outer loop
      vertex 0.21878462 0.01680000 0.15520000
      vertex 0.22219498 0.02160000 0.15598701
      vertex 0.21878462 0.02160000 0.15520000
    endloop
  endfacet
  facet normal 0.22485951 0.00000000 -0.97439120
    outer loop
      vertex 0.21989231 0.01680000 0.15040000
      vertex 0.21989231 0.02160000 0.15040000
      vertex 0.22330268 0.02160000 0.15118701
    endloop
  endfacet
  facet normal 0.22485951 0.00000000 -0.97439120
    outer loop
      vertex 0.21989231 0.01680000 0.15040000
      vertex 0.22330268 0.02160000 0.15118701
      vertex 0.22330268 0.01680000 0.15118701
    endloop
  endfacet
  facet normal 0.97439120 -0.00000000 0.22485951
    outer loop
      vertex 0.22441037 0.01680000 0.14638701
      vertex 0.22441037 0.02160000 0.14638701
      vertex 0.22330268 0.02160000 0.15118701
    endloop
  endfacet
  facet normal 0.97439120 0.00000000 0.22485951
    outer loop
      vertex 0.22441037 0.01680000 0.14638701
      vertex 0.22330268 0.02160000 0.15118701
      vertex 0.22330268 0.01680000 0.15118701
    endloop
  endfacet
  facet normal 0.00000000 -1.00000000 0.00000000
    outer loop
      vertex 0.22100000 0.01680000 0.14560000
      vertex 0.22441037 0.01680000 0.14638701
      vertex 0.22330268 0.01680000 0.15118701
    endloop
  endfacet
  facet normal 0.00000000 -1.00000000 0.00000000
    outer loop
      vertex 0.22100000 0.01680000 0.14560000
      vertex 0.22330268 0.01680000 0.15118701
      vertex 0.21989231 0.01680000 0.15040000
    endloop
  endfacet
  facet normal 0.00000000 1.00000000 -0.00000000
    outer loop
      vertex 0.22100000 0.02160000 0.14560000
      vertex 0.21989231 0.02160000 0.15040000
      vertex 0.22330268 0.02160000 0.15118701
    endloop
  endfacet
  facet normal 0.00000000 1.00000000 0.00000000
    outer loop
      vertex 0.22100000 0.02160000 0.14560000
      vertex 0.22330268 0.02160000 0.15118701
      vertex 0.22441037 0.02160000 0.14638701
    endloop
  endfacet
  facet normal -0.22485951 0.00000000 0.97439120
    outer loop
      vertex 0.21989231 0.01680000 0.15040000
      vertex 0.22330268 0.01680000 0.15118701
      vertex 0.22330268 0.02160000 0.15118701
    endloop
  endfacet
  facet normal -0.22485951 0.00000000 0.97439120
    outer loop
      vertex 0.21989231 0.01680000 0.15040000
      vertex 0.22330268 0.02160000 0.15118701
      vertex 0.21989231 0.02160000 0.15040000
    endloop
  endfacet
  facet normal 0.22485951 0.00000000 -0.97439120
    outer loop
      vertex 0.22100000 0.01680000 0.14560000
      vertex 0.22100000 0.02160000 0.14560000
      vertex 0.22441037 0.02160000 0.14638701
    endloop
  endfacet
  facet normal 0.22485951 0.00000000 -0.97439120
    outer loop
      vertex 0.22100000 0.01680000 0.14560000
      vertex 0.22441037 0.02160000 0.14638701
      vertex 0.22441037 0.01680000 0.14638701
    endloop
  endfacet
  facet normal 0.97439120 -0.00000000 0.22485951
    outer loop
      vertex 0.22551806 0.01680000 0.14158701
      vertex 0.22551806 0.02160000 0.14158701
      vertex 0.22441037 0.02160000 0.14638701
    endloop
  endfacet
  facet normal 0.97439120 0.00000000 0.22485951
    outer loop
      vertex 0.22551806 0.01680000 0.14158701
      vertex 0.22441037 0.02160000 0.14638701
      vertex 0.22441037 0.01680000 0.14638701
    endloop
  endfacet
  facet normal 0.00000000 -1.00000000 0.00000000
    outer loop
      vertex 0.22210769 0.01680000 0.14080000
      vertex 0.22551806 0.01680000 0.14158701
      vertex 0.22441037 0.01680000 0.14638701
    endloop
  endfacet
  facet normal 0.00000000 -1.00000000 0.00000000
    outer loop
      vertex 0.22210769 0.01680000 0.14080000
      vertex 0.22441037 0.01680000 0.14638701
      vertex 0.22100000 0.01680000 0.14560000
    endloop
  endfacet
  facet normal 0.00000000 1.00000000 -0.00000000
    outer loop
      vertex 0.22210769 0.02160000 0.14080000
      vertex 0.22100000 0.02160000 0.14560000
      vertex 0.22441037 0.02160000 0.14638701
    endloop
  endfacet
  facet normal 0.00000000 1.00000000 0.00000000
    outer loop
      vertex 0.22210769 0.02160000 0.14080000
      vertex 0.22441037 0.02160000 0.14638701
      vertex 0.22551806 0.02160000 0.14158701
    endloop
  endfacet
  facet normal -0.22485951 0.00000000 0.97439120
    outer loop
      vertex 0.22100000 0.01680000 0.14560000
      vertex 0.22441037 0.01680000 0.14638701
      vertex 0.22441037 0.02160000 0.14638701
    endloop
  endfacet
  facet normal -0.22485951 0.00000000 0.97439120
    outer loop
      vertex 0.22100000 0.01680000 0.14560000
      vertex 0.22441037 0.02160000 0.14638701
      vertex 0.22100000 0.02160000 0.14560000
    endloop
  endfacet
  facet normal 0.22485951 0.00000000 -0.97439120
    outer loop
      vertex 0.22210769 0.01680000 0.14080000
      vertex 0.22210769 0.02160000 0.14080000
      vertex 0.22551806 0.02160000 0.14158701
    endloop
  endfacet
  facet normal 0.22485951 0.00000000 -0.97439120
    outer loop
      vertex 0.22210769 0.01680000 0.14080000
      vertex 0.22551806 0.02160000 0.14158701
      vertex 0.22551806 0.01680000 0.14158701
    endloop
  endfacet
  facet normal 0.97439120 -0.00000000 0.22485951
    outer loop
      vertex 0.22662575 0.01680000 0.13678701
      vertex 0.22662575 0.02160000 0.13678701
      vertex 0.22551806 0.02160000 0.14158701
    endloop
  endfacet
  facet normal 0.97439120 0.00000000 0.22485951
    outer loop
      vertex 0.22662575 0.01680000 0.13678701
      vertex 0.22551806 0.02160000 0.14158701
      vertex 0.22551806 0.01680000 0.14158701
    endloop
  endfacet
  facet normal 0.00000000 -1.00000000 0.00000000
    outer loop
      vertex 0.22321538 0.01680000 0.13600000
      vertex 0.22662575 0.01680000 0.13678701
      vertex 0.22551806 0.01680000 0.14158701
    endloop
  endfacet
  facet normal 0.00000000 -1.00000000 0.00000000
    outer loop
      vertex 0.22321538 0.01680000 0.13600000
      vertex 0.22551806 0.01680000 0.14158701
      vertex 0.22210769 0.01680000 0.14080000
    endloop
  endfacet
  facet normal 0.00000000 1.00000000 -0.00000000
    outer loop
      vertex 0.22321538 0.02160000 0.13600000
      vertex 0.22210769 0.02160000 0.14080000
      vertex 0.22551806 0.02160000 0.14158701
    endloop
  endfacet
  facet normal 0.00000000 1.00000000 0.00000000
    outer loop
      vertex 0.22321538 0.02160000 0.13600000
      vertex 0.22551806 0.02160000 0.14158701
      vertex 0.22662575 0.02160000 0.13678701
    endloop
  endfacet
  facet normal -0.22485951 0.00000000 0.97439120
    outer loop
      vertex 0.22210769 0.01680000 0.14080000
      vertex 0.22551806 0.01680000 0.14158701
      vertex 0.22551806 0.02160000 0.14158701
    endloop
  endfacet
  facet normal -0.22485951 0.00000000 0.97439120
    outer loop
      vertex 0.22210769 0.01680000 0.14080000
      vertex 0.22551806 0.02160000 0.14158701
      vertex 0.22210769 0.02160000 0.14080000
    endloop
  endfacet
  facet normal 0.22485951 0.00000000 -0.97439120
    outer loop
      vertex 0.22321538 0.01680000 0.13600000
      vertex 0.22321538 0.02160000 0.13600000
      vertex 0.22662575 0.02160000 0.13678701
    endloop
  endfacet
  facet normal 0.22485951 0.00000000 -0.97439120
    outer loop
      vertex 0.22321538 0.01680000 0.13600000
      vertex 0.22662575 0.02160000 0.13678701
      vertex 0.22662575 0.01680000 0.13678701
    endloop
  endfacet
  facet normal 0.97439120 -0.00000000 0.22485951
    outer loop
      vertex 0.22662575 0.03600000 0.13678701
      vertex 0.22662575 0.04080000 0.13678701
      vertex 0.22551806 0.04080000 0.14158701
    endloop
  endfacet
  facet normal 0.97439120 0.00000000 0.22485951
    outer loop
      vertex 0.22662575 0.03600000 0.13678701
      vertex 0.22551806 0.04080000 0.14158701
      vertex 0.22551806 0.03600000 0.14158701
    endloop
  endfacet
  facet normal 0.00000000 -1.00000000 0.00000000
    outer loop
      vertex 0.22321538 0.03600000 0.13600000
      vertex 0.22662575 0.03600000 0.13678701
      vertex 0.22551806 0.03600000 0.14158701
    endloop
  endfacet
  facet normal 0.00000000 -1.00000000 0.00000000
    outer loop
      vertex 0.22321538 0.03600000 0.13600000
      vertex 0.22551806 0.03600000 0.14158701
      vertex 0.22210769 0.03600000 0.14080000
    endloop
  endfacet
  facet normal 0.00000000 1.00000000 -0.00000000
    outer loop
      vertex 0.22321538 0.04080000 0.13600000
      vertex 0.22210769 0.04080000 0.14080000
      vertex 0.22551806 0.04080000 0.14158701
    endloop
  endfacet
  facet normal 0.00000000 1.00000000 0.00000000
    outer loop
      vertex 0.22321538 0.04080000 0.13600000
      vertex 0.22551806 0.04080000 0.14158701
      vertex 0.22662575 0.04080000 0.13678701
    endloop
  endfacet
  facet normal -0.22485951 0.00000000 0.97439120
    outer loop
      vertex 0.22210769 0.03600000 0.14080000
      vertex 0.22551806 0.03600000 0.14158701
      vertex 0.22551806 0.04080000 0.14158701
    endloop
  endfacet
  facet normal -0.22485951 0.00000000 0.97439120
    outer loop
      vertex 0.22210769 0.03600000 0.14080000
      vertex 0.22551806 0.04080000 0.14158701
      vertex 0.22210769 0.04080000 0.14080000
    endloop
  endfacet
  facet normal 0.22485951 0.00000000 -0.97439120
    outer loop
      vertex 0.22321538 0.03600000 0.13600000
      vertex 0.22321538 0.04080000 0.13600000
      vertex 0.22662575 0.04080000 0.13678701
    endloop
  endfacet
  facet normal 0.22485951 0.00000000 -0.97439120
    outer loop
      vertex 0.22321538 0.03600000 0.13600000
      vertex 0.22662575 0.04080000 0.13678701
      vertex 0.22662575 0.03600000 0.13678701
    endloop
  endfacet
  facet normal 0.97439120 -0.00000000 0.22485951
    outer loop
      vertex 0.21997960 0.05040000 0.16558701
      vertex 0.21997960 0.05520000 0.16558701
      vertex 0.21887191 0.05520000 0.17038701
    endloop
  endfacet
  facet normal 0.97439120 0.00000000 0.22485951
    outer loop
      vertex 0.21997960 0.05040000 0.16558701
      vertex 0.21887191 0.05520000 0.17038701
      vertex 0.21887191 0.05040000 0.17038701
    endloop
  endfacet
  facet normal 0.00000000 -1.00000000 0.00000000
    outer loop
      vertex 0.21656923 0.05040000 0.16480000
      vertex 0.21997960 0.05040000 0.16558701
      vertex 0.21887191 0.05040000 0.17038701
    endloop
  endfacet
  facet normal 0.00000000 -1.00000000 0.00000000
    outer loop
      vertex 0.21656923 0.05040000 0.16480000
      vertex 0.21887191 0.05040000 0.17038701
      vertex 0.21546154 0.05040000 0.16960000
    endloop
  endfacet
  facet normal 0.00000000 1.00000000 -0.00000000
    outer loop
      vertex 0.21656923 0.05520000 0.16480000
      vertex 0.21546154 0.05520000 0.16960000
      vertex 0.21887191 0.05520000 0.17038701
    endloop
  endfacet
  facet normal 0.00000000 1.00000000 0.00000000
    outer loop
      vertex 0.21656923 0.05520000 0.16480000
      vertex 0.21887191 0.05520000 0.17038701
      vertex 0.21997960 0.05520000 0.16558701
    endloop
  endfacet
  facet normal -0.22485951 0.00000000 0.97439120
    outer loop
      vertex 0.21546154 0.05040000 0.16960000
      vertex 0.21887191 0.05040000 0.17038701
      vertex 0.21887191 0.05520000 0.17038701
    endloop
  endfacet
  facet normal -0.22485951 0.00000000 0.97439120
    outer loop
      vertex 0.21546154 0.05040000 0.16960000
      vertex 0.21887191 0.05520000 0.17038701
      vertex 0.21546154 0.05520000 0.16960000
    endloop
  endfacet
  facet normal 0.22485951 0.00000000 -0.97439120
    outer loop
      vertex 0.21656923 0.05040000 0.16480000
      vertex 0.21656923 0.05520000 0.16480000
      vertex 0.21997960 0.05520000 0.16558701
    endloop
  endfacet
  facet normal 0.22485951 0.00000000 -0.97439120
    outer loop
      vertex 0.21656923 0.05040000 0.16480000
      vertex 0.21997960 0.05520000 0.16558701
      vertex 0.21997960 0.05040000 0.16558701
    endloop
  endfacet
  facet normal 0.97439120 -0.00000000 0.22485951
    outer loop
      vertex 0.21997960 0.05520000 0.16558701
      vertex 0.21997960 0.06000000 0.16558701
      vertex 0.21887191 0.06000000 0.17038701
    endloop
  endfacet
  facet normal 0.97439120 0.00000000 0.22485951
    outer loop
      vertex 0.21997960 0.05520000 0.16558701
      vertex 0.21887191 0.06000000 0.17038701
      vertex 0.21887191 0.05520000 0.17038701
    endloop
  endfacet
  facet normal 0.00000000 -1.00000000 0.00000000
    outer loop
      vertex 0.21656923 0.05520000 0.16480000
      vertex 0.21997960 0.05520000 0.16558701
      vertex 0.21887191 0.05520000 0.17038701
    endloop
  endfacet
  facet normal 0.00000000 -1.00000000 0.00000000
    outer loop
      vertex 0.21656923 0.05520000 0.16480000
      vertex 0.21887191 0.05520000 0.17038701
      vertex 0.21546154 0.05520000 0.16960000
    endloop
  endfacet
  facet normal 0.00000000 1.00000000 -0.00000000
    outer loop
      vertex 0.21656923 0.06000000 0.16480000
      vertex 0.21546154 0.06000000 0.16960000
      vertex 0.21887191 0.06000000 0.17038701
    endloop
  endfacet
  facet normal 0.00000000 1.00000000 0.00000000
    outer loop
      vertex 0.21656923 0.06000000 0.16480000
      vertex 0.21887191 0.06000000 0.17038701
      vertex 0.21997960 0.06000000 0.16558701
    endloop
  endfacet
  facet normal -0.22485951 0.00000000 0.97439120
    outer loop
      vertex 0.21546154 0.05520000 0.16960000
      vertex 0.21887191 0.05520000 0.17038701
      vertex 0.21887191 0.06000000 0.17038701
    endloop
  endfacet
  facet normal -0.22485951 0.00000000 0.97439120
    outer loop
      vertex 0.21546154 0.05520000 0.16960000
      vertex 0.21887191 0.06000000 0.17038701
      vertex 0.21546154 0.06000000 0.16960000
    endloop
  endfacet
  facet normal 0.22485951 0.00000000 -0.97439120
    outer loop
      vertex 0.21656923 0.05520000 0.16480000
      vertex 0.21656923 0.06000000 0.16480000
      vertex 0.21997960 0.06000000 0.16558701
    endloop
  endfacet
  facet normal 0.22485951 0.00000000 -0.97439120
    outer loop
      vertex 0.21656923 0.05520000 0.16480000
      vertex 0.21997960 0.06000000 0.16558701
      vertex 0.21997960 0.05520000 0.16558701
    endloop
  endfacet
  facet normal 0.97439120 -0.00000000 0.22485951
    outer loop
      vertex 0.21997960 0.06000000 0.16558701
      vertex 0.21997960 0.06480000 0.16558701
      vertex 0.21887191 0.06480000 0.17038701
    endloop
  endfacet
  facet normal 0.97439120 0.00000000 0.22485951
    outer loop
      vertex 0.21997960 0.06000000 0.16558701
      vertex 0.21887191 0.06480000 0.17038701
      vertex 0.21887191 0.06000000 0.17038701
    endloop
  endfacet
  facet normal 0.00000000 -1.00000000 0.00000000
    outer loop
      vertex 0.21656923 0.06000000 0.16480000
      vertex 0.21997960 0.06000000 0.16558701
      vertex 0.21887191 0.06000000 0.17038701
    endloop
  endfacet
  facet normal 0.00000000 -1.00000000 0.00000000
    outer loop
      vertex 0.21656923 0.06000000 0.16480000
      vertex 0.21887191 0.06000000 0.17038701
      vertex 0.21546154 0.06000000 0.16960000
    endloop
  endfacet
  facet normal 0.00000000 1.00000000 -0.00000000
    outer loop
      vertex 0.21656923 0.06480000 0.16480000
      vertex 0.21546154 0.06480000 0.16960000
      vertex 0.21887191 0.06480000 0.17038701
    endloop
  endfacet
  facet normal 0.00000000 1.00000000 0.00000000
    outer loop
      vertex 0.21656923 0.06480000 0.16480000
      vertex 0.21887191 0.06480000 0.17038701
      vertex 0.21997960 0.06480000 0.16558701
    endloop
  endfacet
  facet normal -0.22485951 0.00000000 0.97439120
    outer loop
      vertex 0.21546154 0.06000000 0.16960000
      vertex 0.21887191 0.06000000 0.17038701
      vertex 0.21887191 0.06480000 0.17038701
    endloop
  endfacet
  facet normal -0.22485951 0.00000000 0.97439120
    outer loop
      vertex 0.21546154 0.06000000 0.16960000
      vertex 0.21887191 0.06480000 0.17038701
      vertex 0.21546154 0.06480000 0.16960000
    endloop
  endfacet
  facet normal 0.22485951 0.00000000 -0.97439120
    outer loop
      vertex 0.21656923 0.06000000 0.16480000
      vertex 0.21656923 0.06480000 0.16480000
      vertex 0.21997960 0.06480000 0.16558701
    endloop
  endfacet
  facet normal 0.22485951 0.00000000 -0.97439120
    outer loop
      vertex 0.21656923 0.06000000 0.16480000
      vertex 0.21997960 0.06480000 0.16558701
      vertex 0.21997960 0.06000000 0.16558701
    endloop
  endfacet
  facet normal 0.97439120 -0.00000000 0.22485951
    outer loop
      vertex 0.22108729 0.04560000 0.16078701
      vertex 0.22108729 0.05040000 0.16078701
      vertex 0.21997960 0.05040000 0.16558701
    endloop
  endfacet
  facet normal 0.97439120 0.00000000 0.22485951
    outer loop
      vertex 0.22108729 0.04560000 0.16078701
      vertex 0.21997960 0.05040000 0.16558701
      vertex 0.21997960 0.04560000 0.16558701
    endloop
  endfacet
  facet normal 0.00000000 -1.00000000 0.00000000
    outer loop
      vertex 0.21767692 0.04560000 0.16000000
      vertex 0.22108729 0.04560000 0.16078701
      vertex 0.21997960 0.04560000 0.16558701
    endloop
  endfacet
  facet normal 0.00000000 -1.00000000 0.00000000
    outer loop
      vertex 0.21767692 0.04560000 0.16000000
      vertex 0.21997960 0.04560000 0.16558701
      vertex 0.21656923 0.04560000 0.16480000
    endloop
  endfacet
  facet normal 0.00000000 1.00000000 -0.00000000
    outer loop
      vertex 0.21767692 0.05040000 0.16000000
      vertex 0.21656923 0.05040000 0.16480000
      vertex 0.21997960 0.05040000 0.16558701
    endloop
  endfacet
  facet normal 0.00000000 1.00000000 0.00000000
    outer loop
      vertex 0.21767692 0.05040000 0.16000000
      vertex 0.21997960 0.05040000 0.16558701
      vertex 0.22108729 0.05040000 0.16078701
    endloop
  endfacet
  facet normal -0.22485951 0.00000000 0.97439120
    outer loop
      vertex 0.21656923 0.04560000 0.16480000
      vertex 0.21997960 0.04560000 0.16558701
      vertex 0.21997960 0.05040000 0.16558701
    endloop
  endfacet
  facet normal -0.22485951 0.00000000 0.97439120
    outer loop
      vertex 0.21656923 0.04560000 0.16480000
      vertex 0.21997960 0.05040000 0.16558701
      vertex 0.21656923 0.05040000 0.16480000
    endloop
  endfacet
  facet normal 0.22485951 0.00000000 -0.97439120
    outer loop
      vertex 0.21767692 0.04560000 0.16000000
      vertex 0.21767692 0.05040000 0.16000000
      vertex 0.22108729 0.05040000 0.16078701
    endloop
  endfacet
  facet normal 0.22485951 0.00000000 -0.97439120
    outer loop
      vertex 0.21767692 0.04560000 0.16000000
      vertex 0.22108729 0.05040000 0.16078701
      vertex 0.22108729 0.04560000 0.16078701
    endloop
  endfacet
  facet normal 0.97439120 -0.00000000 0.22485951
    outer loop
      vertex 0.22108729 0.06480000 0.16078701
      vertex 0.22108729 0.06960000 0.16078701
      vertex 0.21997960 0.06960000 0.16558701
    endloop
  endfacet
  facet normal 0.97439120 0.00000000 0.22485951
    outer loop
      vertex 0.22108729 0.06480000 0.16078701
      vertex 0.21997960 0.06960000 0.16558701
      vertex 0.21997960 0.06480000 0.16558701
    endloop
  endfacet
  facet normal 0.00000000 -1.00000000 0.00000000
    outer loop
      vertex 0.21767692 0.06480000 0.16000000
      vertex 0.22108729 0.06480000 0.16078701
      vertex 0.21997960 0.06480000 0.16558701
    endloop
  endfacet
  facet normal 0.00000000 -1.00000000 0.00000000
    outer loop
      vertex 0.21767692 0.06480000 0.16000000
      vertex 0.21997960 0.06480000 0.16558701
      vertex 0.21656923 0.06480000 0.16480000
    endloop
  endfacet
  facet normal 0.00000000 1.00000000 -0.00000000
    outer loop
      vertex 0.21767692 0.06960000 0.16000000
      vertex 0.21656923 0.06960000 0.16480000
      vertex 0.21997960 0.06960000 0.16558701
    endloop
  endfacet
  facet normal 0.00000000 1.00000000 0.00000000
    outer loop
      vertex 0.21767692 0.06960000 0.16000000
      vertex 0.21997960 0.06960000 0.16558701
      vertex 0.22108729 0.06960000 0.16078701
    endloop
  endfacet
  facet normal -0.22485951 0.00000000 0.97439120
    outer loop
      vertex 0.21656923 0.06480000 0.16480000
      vertex 0.21997960 0.06480000 0.16558701
      vertex 0.21997960 0.06960000 0.16558701
    endloop
  endfacet
  facet normal -0.22485951 0.00000000 0.97439120
    outer loop
      vertex 0.21656923 0.06480000 0.16480000
      vertex 0.21997960 0.06960000 0.16558701
      vertex 0.21656923 0.06960000 0.16480000
    endloop
  endfacet
  facet normal 0.22485951 0.00000000 -0.97439120
    outer loop
      vertex 0.21767692 0.06480000 0.16000000
      vertex 0.21767692 0.06960000 0.16000000
      vertex 0.22108729 0.06960000 0.16078701
    endloop
  endfacet
  facet normal 0.22485951 0.00000000 -0.97439120
    outer loop
      vertex 0.21767692 0.06480000 0.16000000
      vertex 0.22108729 0.06960000 0.16078701
      vertex 0.22108729 0.06480000 0.16078701
    endloop
  endfacet
  facet normal 0.97439120 -0.00000000 0.22485951
    outer loop
      vertex 0.22219498 0.04560000 0.15598701
      vertex 0.22219498 0.05040000 0.15598701
      vertex 0.22108729 0.05040000 0.16078701
    endloop
  endfacet
  facet normal 0.97439120 0.00000000 0.22485951
    outer loop
      vertex 0.22219498 0.04560000 0.15598701
      vertex 0.22108729 0.05040000 0.16078701
      vertex 0.22108729 0.04560000 0.16078701
    endloop
  endfacet
  facet normal 0.00000000 -1.00000000 0.00000000
    outer loop
      vertex 0.21878462 0.04560000 0.15520000
      vertex 0.22219498 0.04560000 0.15598701
      vertex 0.22108729 0.04560000 0.16078701
    endloop
  endfacet
  facet normal 0.00000000 -1.00000000 0.00000000
    outer loop
      vertex 0.21878462 0.04560000 0.15520000
      vertex 0.22108729 0.04560000 0.16078701
      vertex 0.21767692 0.04560000 0.16000000
    endloop
  endfacet
  facet normal 0.00000000 1.00000000 -0.00000000
    outer loop
      vertex 0.21878462 0.05040000 0.15520000
      vertex 0.21767692 0.05040000 0.16000000
      vertex 0.22108729 0.05040000 0.16078701
    endloop
  endfacet
  facet normal 0.00000000 1.00000000 0.00000000
    outer loop
      vertex 0.21878462 0.05040000 0.15520000
      vertex 0.22108729 0.05040000 0.16078701
      vertex 0.22219498 0.05040000 0.15598701
    endloop
  endfacet
  facet normal -0.22485951 0.00000000 0.97439120
    outer loop
      vertex 0.21767692 0.04560000 0.16000000
      vertex 0.22108729 0.04560000 0.16078701
      vertex 0.22108729 0.05040000 0.16078701
    endloop
  endfacet
  facet normal -0.22485951 0.00000000 0.97439120
    outer loop
      vertex 0.21767692 0.04560000 0.16000000
      vertex 0.22108729 0.05040000 0.16078701
      vertex 0.21767692 0.05040000 0.16000000
    endloop
  endfacet
  facet normal 0.22485951 0.00000000 -0.97439120
    outer loop
      vertex 0.21878462 0.04560000 0.15520000
      vertex 0.21878462 0.05040000 0.15520000
      vertex 0.22219498 0.05040000 0.15598701
    endloop
  endfacet
  facet normal 0.22485951 0.00000000 -0.97439120
    outer loop
      vertex 0.21878462 0.04560000 0.15520000
      vertex 0.22219498 0.05040000 0.15598701
      vertex 0.22219498 0.04560000 0.15598701
    endloop
  endfacet
  facet normal 0.97439120 -0.00000000 0.22485951
    outer loop
      vertex 0.22219498 0.06480000 0.15598701
      vertex 0.22219498 0.06960000 0.15598701
      vertex 0.22108729 0.06960000 0.16078701
    endloop
  endfacet
  facet normal 0.97439120 0.00000000 0.22485951
    outer loop
      vertex 0.22219498 0.06480000 0.15598701
      vertex 0.22108729 0.06960000 0.16078701
      vertex 0.22108729 0.06480000 0.16078701
    endloop
  endfacet
  facet normal 0.00000000 -1.00000000 0.00000000
    outer loop
      vertex 0.21878462 0.06480000 0.15520000
      vertex 0.22219498 0.06480000 0.15598701
      vertex 0.22108729 0.06480000 0.16078701
    endloop
  endfacet
  facet normal 0.00000000 -1.00000000 0.00000000
    outer loop
      vertex 0.21878462 0.06480000 0.15520000
      vertex 0.22108729 0.06480000 0.16078701
      vertex 0.21767692 0.06480000 0.16000000
    endloop
  endfacet
  facet normal 0.00000000 1.00000000 -0.00000000
    outer loop
      vertex 0.21878462 0.06960000 0.15520000
      vertex 0.21767692 0.06960000 0.16000000
      vertex 0.22108729 0.06960000 0.16078701
    endloop
  endfacet
  facet normal 0.00000000 1.00000000 0.00000000
    outer loop
      vertex 0.21878462 0.06960000 0.15520000
      vertex 0.22108729 0.06960000 0.16078701
      vertex 0.22219498 0.06960000 0.15598701
    endloop
  endfacet
  facet normal -0.22485951 0.00000000 0.97439120
    outer loop
      vertex 0.21767692 0.06480000 0.16000000
      vertex 0.22108729 0.06480000 0.16078701
      vertex 0.22108729 0.06960000 0.16078701
    endloop
  endfacet
  facet normal -0.22485951 0.00000000 0.97439120
    outer loop
      vertex 0.21767692 0.06480000 0.16000000
      vertex 0.22108729 0.06960000 0.16078701
      vertex 0.21767692 0.06960000 0.16000000
    endloop
  endfacet
  facet normal 0.22485951 0.00000000 -0.97439120
    outer loop
      vertex 0.21878462 0.06480000 0.15520000
      vertex 0.21878462 0.06960000 0.15520000
      vertex 0.22219498 0.06960000 0.15598701
    endloop
  endfacet
  facet normal 0.22485951 0.00000000 -0.97439120
    outer loop
      vertex 0.21878462 0.06480000 0.15520000
      vertex 0.22219498 0.06960000 0.15598701
      vertex 0.22219498 0.06480000 0.15598701
    endloop
  endfacet
  facet normal 0.97439120 -0.00000000 0.22485951
    outer loop
      vertex 0.22330268 0.04560000 0.15118701
      vertex 0.22330268 0.05040000 0.15118701
      vertex 0.22219498 0.05040000 0.15598701
    endloop
  endfacet
  facet normal 0.97439120 0.00000000 0.22485951
    outer loop
      vertex 0.22330268 0.04560000 0.15118701
      vertex 0.22219498 0.05040000 0.15598701
      vertex 0.22219498 0.04560000 0.15598701
    endloop
  endfacet
  facet normal 0.00000000 -1.00000000 0.00000000
    outer loop
      vertex 0.21989231 0.04560000 0.15040000
      vertex 0.22330268 0.04560000 0.15118701
      vertex 0.22219498 0.04560000 0.15598701
    endloop
  endfacet
  facet normal 0.00000000 -1.00000000 0.00000000
    outer loop
      vertex 0.21989231 0.04560000 0.15040000
      vertex 0.22219498 0.04560000 0.15598701
      vertex 0.21878462 0.04560000 0.15520000
    endloop
  endfacet
  facet normal 0.00000000 1.00000000 -0.00000000
    outer loop
      vertex 0.21989231 0.05040000 0.15040000
      vertex 0.21878462 0.05040000 0.15520000
      vertex 0.22219498 0.05040000 0.15598701
    endloop
  endfacet
  facet normal 0.00000000 1.00000000 0.00000000
    outer loop
      vertex 0.21989231 0.05040000 0.15040000
      vertex 0.22219498 0.05040000 0.15598701
      vertex 0.22330268 0.05040000 0.15118701
    endloop
  endfacet
  facet normal -0.22485951 0.00000000 0.97439120
    outer loop
      vertex 0.21878462 0.04560000 0.15520000
      vertex 0.22219498 0.04560000 0.15598701
      vertex 0.22219498 0.05040000 0.15598701
    endloop
  endfacet
  facet normal -0.22485951 0.00000000 0.97439120
    outer loop
      vertex 0.21878462 0.04560000 0.15520000
      vertex 0.22219498 0.05040000 0.15598701
      vertex 0.21878462 0.05040000 0.15520000
    endloop
  endfacet
  facet normal 0.22485951 0.00000000 -0.97439120
    outer loop
      vertex 0.21989231 0.04560000 0.15040000
      vertex 0.21989231 0.05040000 0.15040000
      vertex 0.22330268 0.05040000 0.15118701
    endloop
  endfacet
  facet normal 0.22485951 0.00000000 -0.97439120
    outer loop
      vertex 0.21989231 0.04560000 0.15040000
      vertex 0.22330268 0.05040000 0.15118701
      vertex 0.22330268 0.04560000 0.15118701
    endloop
  endfacet
  facet normal 0.97439120 -0.00000000 0.22485951
    outer loop
      vertex 0.22330268 0.05040000 0.15118701
      vertex 0.22330268 0.05520000 0.15118701
      vertex 0.22219498 0.05520000 0.15598701
    endloop
  endfacet
  facet normal 0.97439120 0.00000000 0.22485951
    outer loop
      vertex 0.22330268 0.05040000 0.15118701
      vertex 0.22219498 0.05520000 0.15598701
      vertex 0.22219498 0.05040000 0.15598701
    endloop
  endfacet
  facet normal 0.00000000 -1.00000000 0.00000000
    outer loop
      vertex 0.21989231 0.05040000 0.15040000
      vertex 0.22330268 0.05040000 0.15118701
      vertex 0.22219498 0.05040000 0.15598701
    endloop
  endfacet
  facet normal 0.00000000 -1.00000000 0.00000000
    outer loop
      vertex 0.21989231 0.05040000 0.15040000
      vertex 0.22219498 0.05040000 0.15598701
      vertex 0.21878462 0.05040000 0.15520000
    endloop
  endfacet
  facet normal 0.00000000 1.00000000 -0.00000000
    outer loop
      vertex 0.21989231 0.05520000 0.15040000
      vertex 0.21878462 0.05520000 0.15520000
      vertex 0.22219498 0.05520000 0.15598701
    endloop
  endfacet
  facet normal 0.00000000 1.00000000 0.00000000
    outer loop
      vertex 0.21989231 0.05520000 0.15040000
      vertex 0.22219498 0.05520000 0.15598701
      vertex 0.22330268 0.05520000 0.15118701
    endloop
  endfacet
  facet normal -0.22485951 0.00000000 0.97439120
    outer loop
      vertex 0.21878462 0.05040000 0.15520000
      vertex 0.22219498 0.05040000 0.15598701
      vertex 0.22219498 0.05520000 0.15598701
    endloop
  endfacet
  facet normal -0.22485951 0.00000000 0.97439120
    outer loop
      vertex 0.21878462 0.05040000 0.15520000
      vertex 0.22219498 0.05520000 0.15598701
      vertex 0.21878462 0.05520000 0.15520000
    endloop
  endfacet
  facet normal 0.22485951 0.00000000 -0.97439120
    outer loop
      vertex 0.21989231 0.05040000 0.15040000
      vertex 0.21989231 0.05520000 0.15040000
      vertex 0.22330268 0.05520000 0.15118701
    endloop
  endfacet
  facet normal 0.22485951 0.00000000 -0.97439120
    outer loop
      vertex 0.21989231 0.05040000 0.15040000
      vertex 0.22330268 0.05520000 0.15118701
      vertex 0.22330268 0.05040000 0.15118701
    endloop
  endfacet
  facet normal 0.97439120 -0.00000000 0.22485951
    outer loop
      vertex 0.22330268 0.05520000 0.15118701
      vertex 0.22330268 0.06000000 0.15118701
      vertex 0.22219498 0.06000000 0.15598701
    endloop
  endfacet
  facet normal 0.97439120 0.00000000 0.22485951
    outer loop
      vertex 0.22330268 0.05520000 0.15118701
      vertex 0.22219498 0.06000000 0.15598701
      vertex 0.22219498 0.05520000 0.15598701
    endloop
  endfacet
  facet normal 0.00000000 -1.00000000 0.00000000
    outer loop
      vertex 0.21989231 0.05520000 0.15040000
      vertex 0.22330268 0.05520000 0.15118701
      vertex 0.22219498 0.05520000 0.15598701
    endloop
  endfacet
  facet normal 0.00000000 -1.00000000 0.00000000
    outer loop
      vertex 0.21989231 0.05520000 0.15040000
      vertex 0.22219498 0.05520000 0.15598701
      vertex 0.21878462 0.05520000 0.15520000
    endloop
  endfacet
  facet normal 0.00000000 1.00000000 -0.00000000
    outer loop
      vertex 0.21989231 0.06000000 0.15040000
      vertex 0.21878462 0.06000000 0.15520000
      vertex 0.22219498 0.06000000 0.15598701
    endloop
  endfacet
  facet normal 0.00000000 1.00000000 0.00000000
    outer loop
      vertex 0.21989231 0.06000000 0.15040000
      vertex 0.22219498 0.06000000 0.15598701
      vertex 0.22330268 0.06000000 0.15118701
    endloop
  endfacet
  facet normal -0.22485951 0.00000000 0.97439120
    outer loop
      vertex 0.21878462 0.05520000 0.15520000
      vertex 0.22219498 0.05520000 0.15598701
      vertex 0.22219498 0.06000000 0.15598701
    endloop
  endfacet
  facet normal -0.22485951 0.00000000 0.97439120
    outer loop
      vertex 0.21878462 0.05520000 0.15520000
      vertex 0.22219498 0.06000000 0.15598701
      vertex 0.21878462 0.06000000 0.15520000
    endloop
  endfacet
  facet normal 0.22485951 0.00000000 -0.97439120
    outer loop
      vertex 0.21989231 0.05520000 0.15040000
      vertex 0.21989231 0.06000000 0.15040000
      vertex 0.22330268 0.06000000 0.15118701
    endloop
  endfacet
  facet normal 0.22485951 0.00000000 -0.97439120
    outer loop
      vertex 0.21989231 0.05520000 0.15040000
      vertex 0.22330268 0.06000000 0.15118701
      vertex 0.22330268 0.05520000 0.15118701
    endloop
  endfacet
  facet normal 0.97439120 -0.00000000 0.22485951
    outer loop
      vertex 0.22330268 0.06000000 0.15118701
      vertex 0.22330268 0.06480000 0.15118701
      vertex 0.22219498 0.06480000 0.15598701
    endloop
  endfacet
  facet normal 0.97439120 0.00000000 0.22485951
    outer loop
      vertex 0.22330268 0.06000000 0.15118701
      vertex 0.22219498 0.06480000 0.15598701
      vertex 0.22219498 0.06000000 0.15598701
    endloop
  endfacet
  facet normal 0.00000000 -1.00000000 0.00000000
    outer loop
      vertex 0.21989231 0.06000000 0.15040000
      vertex 0.22330268 0.06000000 0.15118701
      vertex 0.22219498 0.06000000 0.15598701
    endloop
  endfacet
  facet normal 0.00000000 -1.00000000 0.00000000
    outer loop
      vertex 0.21989231 0.06000000 0.15040000
      vertex 0.22219498 0.06000000 0.15598701
      vertex 0.21878462 0.06000000 0.15520000
    endloop
  endfacet
  facet normal 0.00000000 1.00000000 -0.00000000
    outer loop
      vertex 0.21989231 0.06480000 0.15040000
      vertex 0.21878462 0.06480000 0.15520000
      vertex 0.22219498 0.06480000 0.15598701
    endloop
  endfacet
  facet normal 0.00000000 1.00000000 0.00000000
    outer loop
      vertex 0.21989231 0.06480000 0.15040000
      vertex 0.22219498 0.06480000 0.15598701
      vertex 0.22330268 0.06480000 0.15118701
    endloop
  endfacet
  facet normal -0.22485951 0.00000000 0.97439120
    outer loop
      vertex 0.21878462 0.06000000 0.15520000
      vertex 0.22219498 0.06000000 0.15598701
      vertex 0.22219498 0.06480000 0.15598701
    endloop
  endfacet
  facet normal -0.22485951 0.00000000 0.97439120
    outer loop
      vertex 0.21878462 0.06000000 0.15520000
      vertex 0.22219498 0.06480000 0.15598701
      vertex 0.21878462 0.06480000 0.15520000
    endloop
  endfacet
  facet normal 0.22485951 0.00000000 -0.97439120
    outer loop
      vertex 0.21989231 0.06000000 0.15040000
      vertex 0.21989231 0.06480000 0.15040000
      vertex 0.22330268 0.06480000 0.15118701
    endloop
  endfacet
  facet normal 0.22485951 0.00000000 -0.97439120
    outer loop
      vertex 0.21989231 0.06000000 0.15040000
      vertex 0.22330268 0.06480000 0.15118701
      vertex 0.22330268 0.06000000 0.15118701
    endloop
  endfacet
  facet normal 0.97439120 -0.00000000 0.22485951
    outer loop
      vertex 0.22330268 0.06480000 0.15118701
      vertex 0.22330268 0.06960000 0.15118701
      vertex 0.22219498 0.06960000 0.15598701
    endloop
  endfacet
  facet normal 0.97439120 0.00000000 0.22485951
    outer loop
      vertex 0.22330268 0.06480000 0.15118701
      vertex 0.22219498 0.06960000 0.15598701
      vertex 0.22219498 0.06480000 0.15598701
    endloop
  endfacet
  facet normal 0.00000000 -1.00000000 0.00000000
    outer loop
      vertex 0.21989231 0.06480000 0.15040000
      vertex 0.22330268 0.06480000 0.15118701
      vertex 0.22219498 0.06480000 0.15598701
    endloop
  endfacet
  facet normal 0.00000000 -1.00000000 0.00000000
    outer loop
      vertex 0.21989231 0.06480000 0.15040000
      vertex 0.22219498 0.06480000 0.15598701
      vertex 0.21878462 0.06480000 0.15520000
    endloop
  endfacet
  facet normal 0.00000000 1.00000000 -0.00000000
    outer loop
      vertex 0.21989231 0.06960000 0.15040000
      vertex 0.21878462 0.06960000 0.15520000
      vertex 0.22219498 0.06960000 0.15598701
    endloop
  endfacet
  facet normal 0.00000000 1.00000000 0.00000000
    outer loop
      vertex 0.21989231 0.06960000 0.15040000
      vertex 0.22219498 0.06960000 0.15598701
      vertex 0.22330268 0.06960000 0.15118701
    endloop
  endfacet
  facet normal -0.22485951 0.00000000 0.97439120
    outer loop
      vertex 0.21878462 0.06480000 0.15520000
      vertex 0.22219498 0.06480000 0.15598701
      vertex 0.22219498 0.06960000 0.15598701
    endloop
  endfacet
  facet normal -0.22485951 0.00000000 0.97439120
    outer loop
      vertex 0.21878462 0.06480000 0.15520000
      vertex 0.22219498 0.06960000 0.15598701
      vertex 0.21878462 0.06960000 0.15520000
    endloop
  endfacet
  facet normal 0.22485951 0.00000000 -0.97439120
    outer loop
      vertex 0.21989231 0.06480000 0.15040000
      vertex 0.21989231 0.06960000 0.15040000
      vertex 0.22330268 0.06960000 0.15118701
    endloop
  endfacet
  facet normal 0.22485951 0.00000000 -0.97439120
    outer loop
      vertex 0.21989231 0.06480000 0.15040000
      vertex 0.22330268 0.06960000 0.15118701
      vertex 0.22330268 0.06480000 0.15118701
    endloop
  endfacet
  facet normal 0.97439120 -0.00000000 0.22485951
    outer loop
      vertex 0.22441037 0.04560000 0.14638701
      vertex 0.22441037 0.05040000 0.14638701
      vertex 0.22330268 0.05040000 0.15118701
    endloop
  endfacet
  facet normal 0.97439120 0.00000000 0.22485951
    outer loop
      vertex 0.22441037 0.04560000 0.14638701
      vertex 0.22330268 0.05040000 0.15118701
      vertex 0.22330268 0.04560000 0.15118701
    endloop
  endfacet
  facet normal 0.00000000 -1.00000000 0.00000000
    outer loop
      vertex 0.22100000 0.04560000 0.14560000
      vertex 0.22441037 0.04560000 0.14638701
      vertex 0.22330268 0.04560000 0.15118701
    endloop
  endfacet
  facet normal 0.00000000 -1.00000000 0.00000000
    outer loop
      vertex 0.22100000 0.04560000 0.14560000
      vertex 0.22330268 0.04560000 0.15118701
      vertex 0.21989231 0.04560000 0.15040000
    endloop
  endfacet
  facet normal 0.00000000 1.00000000 -0.00000000
    outer loop
      vertex 0.22100000 0.05040000 0.14560000
      vertex 0.21989231 0.05040000 0.15040000
      vertex 0.22330268 0.05040000 0.15118701
    endloop
  endfacet
  facet normal 0.00000000 1.00000000 0.00000000
    outer loop
      vertex 0.22100000 0.05040000 0.14560000
      vertex 0.22330268 0.05040000 0.15118701
      vertex 0.22441037 0.05040000 0.14638701
    endloop
  endfacet
  facet normal -0.22485951 0.00000000 0.97439120
    outer loop
      vertex 0.21989231 0.04560000 0.15040000
      vertex 0.22330268 0.04560000 0.15118701
      vertex 0.22330268 0.05040000 0.15118701
    endloop
  endfacet
  facet normal -0.22485951 0.00000000 0.97439120
    outer loop
      vertex 0.21989231 0.04560000 0.15040000
      vertex 0.22330268 0.05040000 0.15118701
      vertex 0.21989231 0.05040000 0.15040000
    endloop
  endfacet
  facet normal 0.22485951 0.00000000 -0.97439120
    outer loop
      vertex 0.22100000 0.04560000 0.14560000
      vertex 0.22100000 0.05040000 0.14560000
      vertex 0.22441037 0.05040000 0.14638701
    endloop
  endfacet
  facet normal 0.22485951 0.00000000 -0.97439120
    outer loop
      vertex 0.22100000 0.04560000 0.14560000
      vertex 0.22441037 0.05040000 0.14638701
      vertex 0.22441037 0.04560000 0.14638701
    endloop
  endfacet
  facet normal 0.97439120 -0.00000000 0.22485951
    outer loop
      vertex 0.22441037 0.06480000 0.14638701
      vertex 0.22441037 0.06960000 0.14638701
      vertex 0.22330268 0.06960000 0.15118701
    endloop
  endfacet
  facet normal 0.97439120 0.00000000 0.22485951
    outer loop
      vertex 0.22441037 0.06480000 0.14638701
      vertex 0.22330268 0.06960000 0.15118701
      vertex 0.22330268 0.06480000 0.15118701
    endloop
  endfacet
  facet normal 0.00000000 -1.00000000 0.00000000
    outer loop
      vertex 0.22100000 0.06480000 0.14560000
      vertex 0.22441037 0.06480000 0.14638701
      vertex 0.22330268 0.06480000 0.15118701
    endloop
  endfacet
  facet normal 0.00000000 -1.00000000 0.00000000
    outer loop
      vertex 0.22100000 0.06480000 0.14560000
      vertex 0.22330268 0.06480000 0.15118701
      vertex 0.21989231 0.06480000 0.15040000
    endloop
  endfacet
  facet normal 0.00000000 1.00000000 -0.00000000
    outer loop
      vertex 0.22100000 0.06960000 0.14560000
      vertex 0.21989231 0.06960000 0.15040000
      vertex 0.22330268 0.06960000 0.15118701
    endloop
  endfacet
  facet normal 0.00000000 1.00000000 0.00000000
    outer loop
      vertex 0.22100000 0.06960000 0.14560000
      vertex 0.22330268 0.06960000 0.15118701
      vertex 0.22441037 0.06960000 0.14638701
    endloop
  endfacet
  facet normal -0.22485951 0.00000000 0.97439120
    outer loop
      vertex 0.21989231 0.06480000 0.15040000
      vertex 0.22330268 0.06480000 0.15118701
      vertex 0.22330268 0.06960000 0.15118701
    endloop
  endfacet
  facet normal -0.22485951 0.00000000 0.97439120
    outer loop
      vertex 0.21989231 0.06480000 0.15040000
      vertex 0.22330268 0.06960000 0.15118701
      vertex 0.21989231 0.06960000 0.15040000
    endloop
  endfacet
  facet normal 0.22485951 0.00000000 -0.97439120
    outer loop
      vertex 0.22100000 0.06480000 0.14560000
      vertex 0.22100000 0.06960000 0.14560000
      vertex 0.22441037 0.06960000 0.14638701
    endloop
  endfacet
  facet normal 0.22485951 0.00000000 -0.97439120
    outer loop
      vertex 0.22100000 0.06480000 0.14560000
      vertex 0.22441037 0.06960000 0.14638701
      vertex 0.22441037 0.06480000 0.14638701
    endloop
  endfacet
  facet normal 0.97439120 -0.00000000 0.22485951
    outer loop
      vertex 0.22551806 0.04560000 0.14158701
      vertex 0.22551806 0.05040000 0.14158701
      vertex 0.22441037 0.05040000 0.14638701
    endloop
  endfacet
  facet normal 0.97439120 0.00000000 0.22485951
    outer loop
      vertex 0.22551806 0.04560000 0.14158701
      vertex 0.22441037 0.05040000 0.14638701
      vertex 0.22441037 0.04560000 0.14638701
    endloop
  endfacet
  facet normal 0.00000000 -1.00000000 0.00000000
    outer loop
      vertex 0.22210769 0.04560000 0.14080000
      vertex 0.22551806 0.04560000 0.14158701
      vertex 0.22441037 0.04560000 0.14638701
    endloop
  endfacet
  facet normal 0.00000000 -1.00000000 0.00000000
    outer loop
      vertex 0.22210769 0.04560000 0.14080000
      vertex 0.22441037 0.04560000 0.14638701
      vertex 0.22100000 0.04560000 0.14560000
    endloop
  endfacet
  facet normal 0.00000000 1.00000000 -0.00000000
    outer loop
      vertex 0.22210769 0.05040000 0.14080000
      vertex 0.22100000 0.05040000 0.14560000
      vertex 0.22441037 0.05040000 0.14638701
    endloop
  endfacet
  facet normal 0.00000000 1.00000000 0.00000000
    outer loop
      vertex 0.22210769 0.05040000 0.14080000
      vertex 0.22441037 0.05040000 0.14638701
      vertex 0.22551806 0.05040000 0.14158701
    endloop
  endfacet
  facet normal -0.22485951 0.00000000 0.97439120
    outer loop
      vertex 0.22100000 0.04560000 0.14560000
      vertex 0.22441037 0.04560000 0.14638701
      vertex 0.22441037 0.05040000 0.14638701
    endloop
  endfacet
  facet normal -0.22485951 0.00000000 0.97439120
    outer loop
      vertex 0.22100000 0.04560000 0.14560000
      vertex 0.22441037 0.05040000 0.14638701
      vertex 0.22100000 0.05040000 0.14560000
    endloop
  endfacet
  facet normal 0.22485951 0.00000000 -0.97439120
    outer loop
      vertex 0.22210769 0.04560000 0.14080000
      vertex 0.22210769 0.05040000 0.14080000
      vertex 0.22551806 0.05040000 0.14158701
    endloop
  endfacet
  facet normal 0.22485951 0.00000000 -0.97439120
    outer loop
      vertex 0.22210769 0.04560000 0.14080000
      vertex 0.22551806 0.05040000 0.14158701
      vertex 0.22551806 0.04560000 0.14158701
    endloop
  endfacet
  facet normal 0.97439120 -0.00000000 0.22485951
    outer loop
      vertex 0.22551806 0.06480000 0.14158701
      vertex 0.22551806 0.06960000 0.14158701
      vertex 0.22441037 0.06960000 0.14638701
    endloop
  endfacet
  facet normal 0.97439120 0.00000000 0.22485951
    outer loop
      vertex 0.22551806 0.06480000 0.14158701
      vertex 0.22441037 0.06960000 0.14638701
      vertex 0.22441037 0.06480000 0.14638701
    endloop
  endfacet
  facet normal 0.00000000 -1.00000000 0.00000000
    outer loop
      vertex 0.22210769 0.06480000 0.14080000
      vertex 0.22551806 0.06480000 0.14158701
      vertex 0.22441037 0.06480000 0.14638701
    endloop
  endfacet
  facet normal 0.00000000 -1.00000000 0.00000000
    outer loop
      vertex 0.22210769 0.06480000 0.14080000
      vertex 0.22441037 0.06480000 0.14638701
      vertex 0.22100000 0.06480000 0.14560000
    endloop
  endfacet
  facet normal 0.00000000 1.00000000 -0.00000000
    outer loop
      vertex 0.22210769 0.06960000 0.14080000
      vertex 0.22100000 0.06960000 0.14560000
      vertex 0.22441037 0.06960000 0.14638701
    endloop
  endfacet
  facet normal 0.00000000 1.00000000 0.00000000
    outer loop
      vertex 0.22210769 0.06960000 0.14080000
      vertex 0.22441037 0.06960000 0.14638701
      vertex 0.22551806 0.06960000 0.14158701
    endloop
  endfacet
  facet normal -0.22485951 0.00000000 0.97439120
    outer loop
      vertex 0.22100000 0.06480000 0.14560000
      vertex 0.22441037 0.06480000 0.14638701
      vertex 0.22441037 0.06960000 0.14638701
    endloop
  endfacet
  facet normal -0.22485951 0.00000000 0.97439120
    outer loop
      vertex 0.22100000 0.06480000 0.14560000
      vertex 0.22441037 0.06960000 0.14638701
      vertex 0.22100000 0.06960000 0.14560000
    endloop
  endfacet
  facet normal 0.22485951 0.00000000 -0.97439120
    outer loop
      vertex 0.22210769 0.06480000 0.14080000
      vertex 0.22210769 0.06960000 0.14080000
      vertex 0.22551806 0.06960000 0.14158701
    endloop
  endfacet
  facet normal 0.22485951 0.00000000 -0.97439120
    outer loop
      vertex 0.22210769 0.06480000 0.14080000
      vertex 0.22551806 0.06960000 0.14158701
      vertex 0.22551806 0.06480000 0.14158701
    endloop
  endfacet
  facet normal 0.97439120 -0.00000000 0.22485951
    outer loop
      vertex 0.22662575 0.04560000 0.13678701
      vertex 0.22662575 0.05040000 0.13678701
      vertex 0.22551806 0.05040000 0.14158701
    endloop
  endfacet
  facet normal 0.97439120 0.00000000 0.22485951
    outer loop
      vertex 0.22662575 0.04560000 0.13678701
      vertex 0.22551806 0.05040000 0.14158701
      vertex 0.22551806 0.04560000 0.14158701
    endloop
  endfacet
  facet normal 0.00000000 -1.00000000 0.00000000
    outer loop
      vertex 0.22321538 0.04560000 0.13600000
      vertex 0.22662575 0.04560000 0.13678701
      vertex 0.22551806 0.04560000 0.14158701
    endloop
  endfacet
  facet normal 0.00000000 -1.00000000 0.00000000
    outer loop
      vertex 0.22321538 0.04560000 0.13600000
      vertex 0.22551806 0.04560000 0.14158701
      vertex 0.22210769 0.04560000 0.14080000
    endloop
  endfacet
  facet normal 0.00000000 1.00000000 -0.00000000
    outer loop
      vertex 0.22321538 0.05040000 0.13600000
      vertex 0.22210769 0.05040000 0.14080000
      vertex 0.22551806 0.05040000 0.14158701
    endloop
  endfacet
  facet normal 0.00000000 1.00000000 0.00000000
    outer loop
      vertex 0.22321538 0.05040000 0.13600000
      vertex 0.22551806 0.05040000 0.14158701
      vertex 0.22662575 0.05040000 0.13678701
    endloop
  endfacet
  facet normal -0.22485951 0.00000000 0.97439120
    outer loop
      vertex 0.22210769 0.04560000 0.14080000
      vertex 0.22551806 0.04560000 0.14158701
      vertex 0.22551806 0.05040000 0.14158701
    endloop
  endfacet
  facet normal -0.22485951 0.00000000 0.97439120
    outer loop
      vertex 0.22210769 0.04560000 0.14080000
      vertex 0.22551806 0.05040000 0.14158701
      vertex 0.22210769 0.05040000 0.14080000
    endloop
  endfacet
  facet normal 0.22485951 0.00000000 -0.97439120
    outer loop
      vertex 0.22321538 0.04560000 0.13600000
      vertex 0.22321538 0.05040000 0.13600000
      vertex 0.22662575 0.05040000 0.13678701
    endloop
  endfacet
  facet normal 0.22485951 0.00000000 -0.97439120
    outer loop
      vertex 0.22321538 0.04560000 0.13600000
      vertex 0.22662575 0.05040000 0.13678701
      vertex 0.22662575 0.04560000 0.13678701
    endloop
  endfacet
  facet normal 0.97439120 -0.00000000 0.22485951
    outer loop
      vertex 0.22662575 0.06480000 0.13678701
      vertex 0.22662575 0.06960000 0.13678701
      vertex 0.22551806 0.06960000 0.14158701
    endloop
  endfacet
  facet normal 0.97439120 0.00000000 0.22485951
    outer loop
      vertex 0.22662575 0.06480000 0.13678701
      vertex 0.22551806 0.06960000 0.14158701
      vertex 0.22551806 0.06480000 0.14158701
    endloop
  endfacet
  facet normal 0.00000000 -1.00000000 0.00000000
    outer loop
      vertex 0.22321538 0.06480000 0.13600000
      vertex 0.22662575 0.06480000 0.13678701
      vertex 0.22551806 0.06480000 0.14158701
    endloop
  endfacet
  facet normal 0.00000000 -1.00000000 0.00000000
    outer loop
      vertex 0.22321538 0.06480000 0.13600000
      vertex 0.22551806 0.06480000 0.14158701
      vertex 0.22210769 0.06480000 0.14080000
    endloop
  endfacet
  facet normal 0.00000000 1.00000000 -0.00000000
    outer loop
      vertex 0.22321538 0.06960000 0.13600000
      vertex 0.22210769 0.06960000 0.14080000
      vertex 0.22551806 0.06960000 0.14158701
    endloop
  endfacet
  facet normal 0.00000000 1.00000000 0.00000000
    outer loop
      vertex 0.22321538 0.06960000 0.13600000
      vertex 0.22551806 0.06960000 0.14158701
      vertex 0.22662575 0.06960000 0.13678701
    endloop
  endfacet
  facet normal -0.22485951 0.00000000 0.97439120
    outer loop
      vertex 0.22210769 0.06480000 0.14080000
      vertex 0.22551806 0.06480000 0.14158701
      vertex 0.22551806 0.06960000 0.14158701
    endloop
  endfacet
  facet normal -0.22485951 0.00000000 0.97439120
    outer loop
      vertex 0.22210769 0.06480000 0.14080000
      vertex 0.22551806 0.06960000 0.14158701
      vertex 0.22210769 0.06960000 0.14080000
    endloop
  endfacet
  facet normal 0.22485951 0.00000000 -0.97439120
    outer loop
      vertex 0.22321538 0.06480000 0.13600000
      vertex 0.22321538 0.06960000 0.13600000
      vertex 0.22662575 0.06960000 0.13678701
    endloop
  endfacet
  facet normal 0.22485951 0.00000000 -0.97439120
    outer loop
      vertex 0.22321538 0.06480000 0.13600000
      vertex 0.22662575 0.06960000 0.13678701
      vertex 0.22662575 0.06480000 0.13678701
    endloop
  endfacet
  facet normal 0.97439120 -0.00000000 0.22485951
    outer loop
      vertex 0.21997960 0.07440000 0.16558701
      vertex 0.21997960 0.07920000 0.16558701
      vertex 0.21887191 0.07920000 0.17038701
    endloop
  endfacet
  facet normal 0.97439120 0.00000000 0.22485951
    outer loop
      vertex 0.21997960 0.07440000 0.16558701
      vertex 0.21887191 0.07920000 0.17038701
      vertex 0.21887191 0.07440000 0.17038701
    endloop
  endfacet
  facet normal 0.00000000 -1.00000000 0.00000000
    outer loop
      vertex 0.21656923 0.07440000 0.16480000
      vertex 0.21997960 0.07440000 0.16558701
      vertex 0.21887191 0.07440000 0.17038701
    endloop
  endfacet
  facet normal 0.00000000 -1.00000000 0.00000000
    outer loop
      vertex 0.21656923 0.07440000 0.16480000
      vertex 0.21887191 0.07440000 0.17038701
      vertex 0.21546154 0.07440000 0.16960000
    endloop
  endfacet
  facet normal 0.00000000 1.00000000 -0.00000000
    outer loop
      vertex 0.21656923 0.07920000 0.16480000
      vertex 0.21546154 0.07920000 0.16960000
      vertex 0.21887191 0.07920000 0.17038701
    endloop
  endfacet
  facet normal 0.00000000 1.00000000 0.00000000
    outer loop
      vertex 0.21656923 0.07920000 0.16480000
      vertex 0.21887191 0.07920000 0.17038701
      vertex 0.21997960 0.07920000 0.16558701
    endloop
  endfacet
  facet normal -0.22485951 0.00000000 0.97439120
    outer loop
      vertex 0.21546154 0.07440000 0.16960000
      vertex 0.21887191 0.07440000 0.17038701
      vertex 0.21887191 0.07920000 0.17038701
    endloop
  endfacet
  facet normal -0.22485951 0.00000000 0.97439120
    outer loop
      vertex 0.21546154 0.07440000 0.16960000
      vertex 0.21887191 0.07920000 0.17038701
      vertex 0.21546154 0.07920000 0.16960000
    endloop
  endfacet
  facet normal 0.22485951 0.00000000 -0.97439120
    outer loop
      vertex 0.21656923 0.07440000 0.16480000
      vertex 0.21656923 0.07920000 0.16480000
      vertex 0.21997960 0.07920000 0.16558701
    endloop
  endfacet
  facet normal 0.22485951 0.00000000 -0.97439120
    outer loop
      vertex 0.21656923 0.07440000 0.16480000
      vertex 0.21997960 0.07920000 0.16558701
      vertex 0.21997960 0.07440000 0.16558701
    endloop
  endfacet
  facet normal 0.97439120 -0.00000000 0.22485951
    outer loop
      vertex 0.22219498 0.07440000 0.15598701
      vertex 0.22219498 0.07920000 0.15598701
      vertex 0.22108729 0.07920000 0.16078701
    endloop
  endfacet
  facet normal 0.97439120 0.00000000 0.22485951
    outer loop
      vertex 0.22219498 0.07440000 0.15598701
      vertex 0.22108729 0.07920000 0.16078701
      vertex 0.22108729 0.07440000 0.16078701
    endloop
  endfacet
  facet normal 0.00000000 -1.00000000 0.00000000
    outer loop
      vertex 0.21878462 0.07440000 0.15520000
      vertex 0.22219498 0.07440000 0.15598701
      vertex 0.22108729 0.07440000 0.16078701
    endloop
  endfacet
  facet normal 0.00000000 -1.00000000 0.00000000
    outer loop
      vertex 0.21878462 0.07440000 0.15520000
      vertex 0.22108729 0.07440000 0.16078701
      vertex 0.21767692 0.07440000 0.16000000
    endloop
  endfacet
  facet normal 0.00000000 1.00000000 -0.00000000
    outer loop
      vertex 0.21878462 0.07920000 0.15520000
      vertex 0.21767692 0.07920000 0.16000000
      vertex 0.22108729 0.07920000 0.16078701
    endloop
  endfacet
  facet normal 0.00000000 1.00000000 0.00000000
    outer loop
      vertex 0.21878462 0.07920000 0.15520000
      vertex 0.22108729 0.07920000 0.16078701
      vertex 0.22219498 0.07920000 0.15598701
    endloop
  endfacet
  facet normal -0.22485951 0.00000000 0.97439120
    outer loop
      vertex 0.21767692 0.07440000 0.16000000
      vertex 0.22108729 0.07440000 0.16078701
      vertex 0.22108729 0.07920000 0.16078701
    endloop
  endfacet
  facet normal -0.22485951 0.00000000 0.97439120
    outer loop
      vertex 0.21767692 0.07440000 0.16000000
      vertex 0.22108729 0.07920000 0.16078701
      vertex 0.21767692 0.07920000 0.16000000
    endloop
  endfacet
  facet normal 0.22485951 0.00000000 -0.97439120
    outer loop
      vertex 0.21878462 0.07440000 0.15520000
      vertex 0.21878462 0.07920000 0.15520000
      vertex 0.22219498 0.07920000 0.15598701
    endloop
  endfacet
  facet normal 0.22485951 0.00000000 -0.97439120
    outer loop
      vertex 0.21878462 0.07440000 0.15520000
      vertex 0.22219498 0.07920000 0.15598701
      vertex 0.22219498 0.07440000 0.15598701
    endloop
  endfacet
  facet normal 0.97439120 -0.00000000 0.22485951
    outer loop
      vertex 0.22330268 0.07440000 0.15118701
      vertex 0.22330268 0.07920000 0.15118701
      vertex 0.22219498 0.07920000 0.15598701
    endloop
  endfacet
  facet normal 0.97439120 0.00000000 0.22485951
    outer loop
      vertex 0.22330268 0.07440000 0.15118701
      vertex 0.22219498 0.07920000 0.15598701
      vertex 0.22219498 0.07440000 0.15598701
    endloop
  endfacet
  facet normal 0.00000000 -1.00000000 0.00000000
    outer loop
      vertex 0.21989231 0.07440000 0.15040000
      vertex 0.22330268 0.07440000 0.15118701
      vertex 0.22219498 0.07440000 0.15598701
    endloop
  endfacet
  facet normal 0.00000000 -1.00000000 0.00000000
    outer loop
      vertex 0.21989231 0.07440000 0.15040000
      vertex 0.22219498 0.07440000 0.15598701
      vertex 0.21878462 0.07440000 0.15520000
    endloop
  endfacet
  facet normal 0.00000000 1.00000000 -0.00000000
    outer loop
      vertex 0.21989231 0.07920000 0.15040000
      vertex 0.21878462 0.07920000 0.15520000
      vertex 0.22219498 0.07920000 0.15598701
    endloop
  endfacet
  facet normal 0.00000000 1.00000000 0.00000000
    outer loop
      vertex 0.21989231 0.07920000 0.15040000
      vertex 0.22219498 0.07920000 0.15598701
      vertex 0.22330268 0.07920000 0.15118701
    endloop
  endfacet
  facet normal -0.22485951 0.00000000 0.97439120
    outer loop
      vertex 0.21878462 0.07440000 0.15520000
      vertex 0.22219498 0.07440000 0.15598701
      vertex 0.22219498 0.07920000 0.15598701
    endloop
  endfacet
  facet normal -0.22485951 0.00000000 0.97439120
    outer loop
      vertex 0.21878462 0.07440000 0.15520000
      vertex 0.22219498 0.07920000 0.15598701
      vertex 0.21878462 0.07920000 0.15520000
    endloop
  endfacet
  facet normal 0.22485951 0.00000000 -0.97439120
    outer loop
      vertex 0.21989231 0.07440000 0.15040000
      vertex 0.21989231 0.07920000 0.15040000
      vertex 0.22330268 0.07920000 0.15118701
    endloop
  endfacet
  facet normal 0.22485951 0.00000000 -0.97439120
    outer loop
      vertex 0.21989231 0.07440000 0.15040000
      vertex 0.22330268 0.07920000 0.15118701
      vertex 0.22330268 0.07440000 0.15118701
    endloop
  endfacet
  facet normal 0.97439120 -0.00000000 0.22485951
    outer loop
      vertex 0.22441037 0.07440000 0.14638701
      vertex 0.22441037 0.07920000 0.14638701
      vertex 0.22330268 0.07920000 0.15118701
    endloop
  endfacet
  facet normal 0.97439120 0.00000000 0.22485951
    outer loop
      vertex 0.22441037 0.07440000 0.14638701
      vertex 0.22330268 0.07920000 0.15118701
      vertex 0.22330268 0.07440000 0.15118701
    endloop
  endfacet
  facet normal 0.00000000 -1.00000000 0.00000000
    outer loop
      vertex 0.22100000 0.07440000 0.14560000
      vertex 0.22441037 0.07440000 0.14638701
      vertex 0.22330268 0.07440000 0.15118701
    endloop
  endfacet
  facet normal 0.00000000 -1.00000000 0.00000000
    outer loop
      vertex 0.22100000 0.07440000 0.14560000
      vertex 0.22330268 0.07440000 0.15118701
      vertex 0.21989231 0.07440000 0.15040000
    endloop
  endfacet
  facet normal 0.00000000 1.00000000 -0.00000000
    outer loop
      vertex 0.22100000 0.07920000 0.14560000
      vertex 0.21989231 0.07920000 0.15040000
      vertex 0.22330268 0.07920000 0.15118701
    endloop
  endfacet
  facet normal 0.00000000 1.00000000 0.00000000
    outer loop
      vertex 0.22100000 0.07920000 0.14560000
      vertex 0.22330268 0.07920000 0.15118701
      vertex 0.22441037 0.07920000 0.14638701
    endloop
  endfacet
  facet normal -0.22485951 0.00000000 0.97439120
    outer loop
      vertex 0.21989231 0.07440000 0.15040000
      vertex 0.22330268 0.07440000 0.15118701
      vertex 0.22330268 0.07920000 0.15118701
    endloop
  endfacet
  facet normal -0.22485951 0.00000000 0.97439120
    outer loop
      vertex 0.21989231 0.07440000 0.15040000
      vertex 0.22330268 0.07920000 0.15118701
      vertex 0.21989231 0.07920000 0.15040000
    endloop
  endfacet
  facet normal 0.22485951 0.00000000 -0.97439120
    outer loop
      vertex 0.22100000 0.07440000 0.14560000
      vertex 0.22100000 0.07920000 0.14560000
      vertex 0.22441037 0.07920000 0.14638701
    endloop
  endfacet
  facet normal 0.22485951 0.00000000 -0.97439120
    outer loop
      vertex 0.22100000 0.07440000 0.14560000
      vertex 0.22441037 0.07920000 0.14638701
      vertex 0.22441037 0.07440000 0.14638701
    endloop
  endfacet
  facet normal 0.97439120 -0.00000000 0.22485951
    outer loop
      vertex 0.22551806 0.07440000 0.14158701
      vertex 0.22551806 0.07920000 0.14158701
      vertex 0.22441037 0.07920000 0.14638701
    endloop
  endfacet
  facet normal 0.97439120 0.00000000 0.22485951
    outer loop
      vertex 0.22551806 0.07440000 0.14158701
      vertex 0.22441037 0.07920000 0.14638701
      vertex 0.22441037 0.07440000 0.14638701
    endloop
  endfacet
  facet normal 0.00000000 -1.00000000 0.00000000
    outer loop
      vertex 0.22210769 0.07440000 0.14080000
      vertex 0.22551806 0.07440000 0.14158701
      vertex 0.22441037 0.07440000 0.14638701
    endloop
  endfacet
  facet normal 0.00000000 -1.00000000 0.00000000
    outer loop
      vertex 0.22210769 0.07440000 0.14080000
      vertex 0.22441037 0.07440000 0.14638701
      vertex 0.22100000 0.07440000 0.14560000
    endloop
  endfacet
  facet normal 0.00000000 1.00000000 -0.00000000
    outer loop
      vertex 0.22210769 0.07920000 0.14080000
      vertex 0.22100000 0.07920000 0.14560000
      vertex 0.22441037 0.07920000 0.14638701
    endloop
  endfacet
  facet normal 0.00000000 1.00000000 0.00000000
    outer loop
      vertex 0.22210769 0.07920000 0.14080000
      vertex 0.22441037 0.07920000 0.14638701
      vertex 0.22551806 0.07920000 0.14158701
    endloop
  endfacet
  facet normal -0.22485951 0.00000000 0.97439120
    outer loop
      vertex 0.22100000 0.07440000 0.14560000
      vertex 0.22441037 0.07440000 0.14638701
      vertex 0.22441037 0.07920000 0.14638701
    endloop
  endfacet
  facet normal -0.22485951 0.00000000 0.97439120
    outer loop
      vertex 0.22100000 0.07440000 0.14560000
      vertex 0.22441037 0.07920000 0.14638701
      vertex 0.22100000 0.07920000 0.14560000
    endloop
  endfacet
  facet normal 0.22485951 0.00000000 -0.97439120
    outer loop
      vertex 0.22210769 0.07440000 0.14080000
      vertex 0.22210769 0.07920000 0.14080000
      vertex 0.22551806 0.07920000 0.14158701
    endloop
  endfacet
  facet normal 0.22485951 0.00000000 -0.97439120
    outer loop
      vertex 0.22210769 0.07440000 0.14080000
      vertex 0.22551806 0.07920000 0.14158701
      vertex 0.22551806 0.07440000 0.14158701
    endloop
  endfacet
  facet normal 0.97439120 -0.00000000 0.22485951
    outer loop
      vertex 0.22662575 0.07440000 0.13678701
      vertex 0.22662575 0.07920000 0.13678701
      vertex 0.22551806 0.07920000 0.14158701
    endloop
  endfacet
  facet normal 0.97439120 0.00000000 0.22485951
    outer loop
      vertex 0.22662575 0.07440000 0.13678701
      vertex 0.22551806 0.07920000 0.14158701
      vertex 0.22551806 0.07440000 0.14158701
    endloop
  endfacet
  facet normal 0.00000000 -1.00000000 0.00000000
    outer loop
      vertex 0.22321538 0.07440000 0.13600000
      vertex 0.22662575 0.07440000 0.13678701
      vertex 0.22551806 0.07440000 0.14158701
    endloop
  endfacet
  facet normal 0.00000000 -1.00000000 0.00000000
    outer loop
      vertex 0.22321538 0.07440000 0.13600000
      vertex 0.22551806 0.07440000 0.14158701
      vertex 0.22210769 0.07440000 0.14080000
    endloop
  endfacet
  facet normal 0.00000000 1.00000000 -0.00000000
    outer loop
      vertex 0.22321538 0.07920000 0.13600000
      vertex 0.22210769 0.07920000 0.14080000
      vertex 0.22551806 0.07920000 0.14158701
    endloop
  endfacet
  facet normal 0.00000000 1.00000000 0.00000000
    outer loop
      vertex 0.22321538 0.07920000 0.13600000
      vertex 0.22551806 0.07920000 0.14158701
      vertex 0.22662575 0.07920000 0.13678701
    endloop
  endfacet
  facet normal -0.22485951 0.00000000 0.97439120
    outer loop
      vertex 0.22210769 0.07440000 0.14080000
      vertex 0.22551806 0.07440000 0.14158701
      vertex 0.22551806 0.07920000 0.14158701
    endloop
  endfacet
  facet normal -0.22485951 0.00000000 0.97439120
    outer loop
      vertex 0.22210769 0.07440000 0.14080000
      vertex 0.22551806 0.07920000 0.14158701
      vertex 0.22210769 0.07920000 0.14080000
    endloop
  endfacet
  facet normal 0.22485951 0.00000000 -0.97439120
    outer loop
      vertex 0.22321538 0.07440000 0.13600000
      vertex 0.22321538 0.07920000 0.13600000
      vertex 0.22662575 0.07920000 0.13678701
    endloop
  endfacet
  facet normal 0.22485951 0.00000000 -0.97439120
    outer loop
      vertex 0.22321538 0.07440000 0.13600000
      vertex 0.22662575 0.07920000 0.13678701
      vertex 0.22662575 0.07440000 0.13678701
    endloop
  endfacet
endsolid base_shell
